{"type":"FeatureCollection","features":[{"type":"Feature","properties":{"name":"Canterbury","id":"13"},"geometry":{"type":"Polygon","coordinates":[[[173.750310583481,-41.9088498491974],[173.762106250259,-41.9118930653379],[173.753968783708,-41.9144552987868],[173.766864066128,-41.9218039655954],[173.789452550541,-41.9581792661303],[173.817293316505,-41.9329773826729],[173.851225483697,-41.933061099297],[173.91455766632,-41.9152107488596],[173.930533667264,-41.9207896488756],[173.958768766387,-41.9085031326811],[173.965272066399,-41.9228685653712],[173.979392899922,-41.9256132160022],[173.977168099614,-41.933350865762],[174.003553800374,-41.932064749236],[174.01956706624,-41.9395349158985],[174.049405183046,-41.9290879318917],[174.063439932803,-41.9347080161901],[174.057514800394,-41.9392391324038],[174.060269250126,-41.9543886486977],[174.047666049426,-41.9682343494132],[174.264102583983,-42.0992151316828],[174.207892266691,-42.1466967985229],[174.200891216052,-42.2121323992043],[174.164246334039,-42.2740036663529],[173.994928499872,-42.4116670985306],[173.98532304984,-42.4759601156767],[173.950266667349,-42.5328646159489],[173.861463483537,-42.5990960491893],[173.77036390078,-42.6297929156585],[173.715960166931,-42.6965400658046],[173.657716816851,-42.7978063651574],[173.622294733105,-42.8769430829063],[173.582975617517,-42.9254325989594],[173.56123134928,-42.9724163488363],[173.462771767424,-43.0755527650869],[173.416348766432,-43.1100915157465],[173.323336800101,-43.1536202491398],[173.282365799209,-43.1974968153191],[173.230894416496,-43.2299432156573],[173.16462541647,-43.253487582214],[173.044685466669,-43.2745201158626],[173.006347633531,-43.295839098479],[172.984363483889,-43.3539961323142],[172.988890983477,-43.4247277159431],[173.1621794833,-43.4684423325145],[173.239344099751,-43.5065538325532],[173.341474367274,-43.5911194824844],[173.371877266558,-43.6356861987312],[173.39854760038,-43.6966426157022],[173.407026666897,-43.7836106995435],[173.392004999702,-43.842330348923],[173.339622967412,-43.9375817825228],[173.25693535033,-44.0070874158507],[173.122048967126,-44.0700374819544],[173.018999849379,-44.0951185154857],[172.954636416336,-44.1023445151539],[172.841615999792,-44.0983649159736],[172.74397286696,-44.0810003656159],[172.67256398412,-44.0582546829166],[172.622841449911,-44.0321019154472],[172.401237299739,-44.0573221158425],[172.138324066618,-44.1408497323142],[171.799392317468,-44.2829988155763],[171.61611454983,-44.3757907320471],[171.544477666861,-44.4260536159334],[171.52355916711,-44.5115335325023],[171.463811650487,-44.5853758653897],[171.441450799783,-44.6268852821023],[171.453959900184,-44.8605462318029],[171.434519532835,-44.9526246154381],[171.406800983025,-45.0153675655364],[171.115753317599,-44.9294561322594],[171.001355350459,-44.9214325324141],[170.886149133364,-44.8916067987792],[170.841137300696,-44.8914332317751],[170.841133066553,-44.9034751488877],[170.709377034213,-44.9008182651075],[170.680649283886,-44.9049044326051],[170.683297599903,-44.9111500317341],[170.67246905054,-44.9180481990349],[170.658935950263,-44.9091832316938],[170.648216850216,-44.912358215577],[170.627596399051,-44.9336392658618],[170.636873433878,-44.951301582697],[170.614611200472,-44.9666701988036],[170.579399832758,-44.9654928651637],[170.575150417511,-44.9778592323088],[170.531796449233,-44.9928598486727],[170.481009799157,-45.0473200322273],[170.464753050247,-45.0452457492805],[170.435808516829,-45.0719437486032],[170.388368000265,-45.0792191989559],[170.349440716737,-45.0216976989506],[170.347341050104,-44.9896309489115],[170.369829917126,-44.9723220984852],[170.373379400901,-44.9523931823883],[170.365642550868,-44.9401003989958],[170.349063884243,-44.9430951985092],[170.35015701647,-44.9077646484087],[170.319353066233,-44.9030489819193],[170.30168461705,-44.9195135151182],[170.290717466831,-44.914142231796],[170.272347783419,-44.9216533652962],[170.251993216493,-44.9188264323976],[170.242072667459,-44.9307172491285],[170.164485416608,-44.9460048491392],[170.130940349543,-44.9407179160992],[170.111293699814,-44.9468630159631],[170.094098767274,-44.940019932568],[170.084773966708,-44.9274282992216],[170.068658582756,-44.9231751484867],[170.081866099085,-44.9121173324486],[170.063810067318,-44.8836243325362],[170.030936633211,-44.8700645324333],[169.997963566664,-44.8250600991331],[169.993687700296,-44.786478815543],[169.970183300285,-44.744071032034],[169.944216317571,-44.653984215946],[169.8912687342,-44.6442754655198],[169.836191183422,-44.6688994152397],[169.805638499942,-44.6613358659108],[169.754876883277,-44.6389166318026],[169.757151800547,-44.6121328160909],[169.730585116604,-44.5650702816997],[169.718600833512,-44.5735161153881],[169.708501949745,-44.6009761995302],[169.685289766991,-44.6060928159577],[169.681771899931,-44.5978882154254],[169.640998332426,-44.59600513194],[169.640691899884,-44.5647837654234],[169.663398099541,-44.5372253986876],[169.647685034096,-44.5311018824042],[169.650153066172,-44.5209548992233],[169.634322116331,-44.5017521484696],[169.647478783342,-44.481151065395],[169.641889416936,-44.4664246486064],[169.573871399801,-44.4623463487069],[169.542497533853,-44.4486001992665],[169.556201799816,-44.4375856823317],[169.545884367481,-44.422662398804],[169.565612533835,-44.4023096991942],[169.556712283818,-44.3809539990673],[169.578783334085,-44.3401256164467],[169.568397016137,-44.3193157826017],[169.58060883314,-44.2523481817522],[169.570463067402,-44.2367321985366],[169.5484997665,-44.2275781991647],[169.54319563291,-44.2077913484263],[169.560769150469,-44.2054401824728],[169.57106993387,-44.1772291491742],[169.605823183491,-44.1585188487453],[169.598885215971,-44.1502990158166],[169.620445066748,-44.1399646992776],[169.624971299753,-44.1224812150968],[169.638678799873,-44.1199245995019],[169.639162650248,-44.1017961657395],[169.66123529915,-44.0915024485871],[169.657571067234,-44.0776489489102],[169.665016016466,-44.0677373491033],[169.682023600209,-44.0684187153096],[169.685894449216,-44.041994682357],[169.719377249082,-44.0367076158185],[169.707589850194,-44.0171352652526],[169.711454566746,-43.9972488492701],[169.699113966602,-43.9797262154774],[169.69933663418,-43.9635462821985],[169.71996158332,-43.9599038154898],[169.745859233482,-43.9313045824793],[169.758299399646,-43.9336714157636],[169.770894950331,-43.8993124161742],[169.793093566887,-43.892617782542],[169.809007050147,-43.8746978488583],[169.837904517485,-43.8666305819878],[169.837935283262,-43.8542352655816],[169.858417216317,-43.8369846323102],[169.894346517253,-43.833726515331],[169.899970199777,-43.8130248321922],[169.933283133841,-43.8004810818391],[169.943571633392,-43.789099232299],[169.972748949727,-43.7872553818008],[169.970439633956,-43.7732006821912],[169.98469373357,-43.7593859991909],[169.978768666504,-43.7470788489906],[170.006163483704,-43.7408245657932],[170.030546850868,-43.7230642651366],[170.02288849976,-43.7060962992552],[170.028457916731,-43.6908049991475],[170.095145149883,-43.6556121651251],[170.101215084014,-43.6386946820394],[170.092160833726,-43.6017053319671],[170.09813141728,-43.5954793823869],[170.139815700309,-43.5894496153323],[170.14662805041,-43.5738191487968],[170.198482850686,-43.5531890988508],[170.22883231751,-43.5190330489439],[170.29922993356,-43.5017397486925],[170.328453316658,-43.4816573488146],[170.334822182448,-43.4979617659495],[170.356039283208,-43.5061461983881],[170.39502716645,-43.498170115166],[170.433812467332,-43.4658112653214],[170.459198567391,-43.4613141823097],[170.475486933398,-43.432975315573],[170.511327917456,-43.4284082490938],[170.529681717452,-43.4099812990313],[170.556668666682,-43.4241520320362],[170.580242932797,-43.418503032404],[170.580727766453,-43.4300241986756],[170.591277766423,-43.4340175154353],[170.615056667257,-43.4318708825661],[170.61555370026,-43.4179553988097],[170.632930233868,-43.3968171818605],[170.656634950526,-43.3868871489909],[170.65763324921,-43.3774146321038],[170.646719950627,-43.369308515376],[170.677412750071,-43.3476451491484],[170.716139584083,-43.3432352657593],[170.705305849713,-43.3187957986597],[170.759817400584,-43.3183046652655],[170.792798699283,-43.2990715827276],[170.805711233032,-43.3044727484526],[170.819924699597,-43.2996903653301],[170.83120546665,-43.2830622652946],[170.860262616472,-43.2813999991648],[170.870687683945,-43.2725349817971],[170.865225850262,-43.2648209988257],[170.873090066926,-43.2458174984121],[170.906840700443,-43.2287085825122],[170.928733466819,-43.2065354156709],[170.948210383498,-43.2059888323026],[170.948468283271,-43.22726823248],[170.991736700869,-43.2176424489284],[171.020029233213,-43.1745276824339],[171.047274483017,-43.1636108160483],[171.037384300109,-43.1458650658663],[171.067576483423,-43.1282692989788],[171.063283650371,-43.1153175659937],[171.076600483011,-43.1118948325283],[171.07972619979,-43.1020236994658],[171.095152800242,-43.1008012826127],[171.105388850279,-43.1121274494642],[171.117223550165,-43.0857271151385],[171.129926100721,-43.081233999119],[171.145896816384,-43.0888483152833],[171.184205516726,-43.0643641822632],[171.198148299719,-43.0742880158618],[171.219602633094,-43.0646509484587],[171.222743782879,-43.0432518659627],[171.240696533477,-43.0309733817771],[171.237669015979,-43.0025114823066],[171.282206299904,-42.9731221323846],[171.308439016151,-42.9662268654564],[171.303115866035,-42.9580959490089],[171.314244817473,-42.9481491485287],[171.336127333271,-42.943250681886],[171.345185549149,-42.9497073820928],[171.362195999183,-42.937185499681],[171.381849266388,-42.9460398157846],[171.393155400231,-42.9426207984818],[171.396014033197,-42.9593118651686],[171.425803450339,-42.9353693323851],[171.43751670071,-42.9356876493804],[171.43439675021,-42.9214476491959],[171.442283583117,-42.9137209659041],[171.468771667439,-42.9141535154108],[171.491009849777,-42.8959258985974],[171.517245116255,-42.9142304155566],[171.586860415888,-42.8957415319844],[171.634057616591,-42.9026020484672],[171.665232216572,-42.8863220158954],[171.690293483032,-42.8999417658033],[171.686921999103,-42.90612529883],[171.710142550098,-42.9038173653805],[171.710784532753,-42.8957656655214],[171.746369750711,-42.8740806990926],[171.733594850571,-42.8644733322779],[171.73297528286,-42.8533539818266],[171.762680683382,-42.8370507825337],[171.754459849732,-42.8187944322788],[171.763848766853,-42.7917224155647],[171.789091382842,-42.782807881907],[171.812560916631,-42.789962265232],[171.812474149947,-42.7838200817173],[171.84333251669,-42.7748237657346],[171.863734782627,-42.7505230161888],[171.884362366802,-42.7496603324292],[171.885057000337,-42.7187463654152],[171.907989250084,-42.7046974323433],[171.925923750289,-42.66620284925],[171.97234029937,-42.6534682321566],[171.974658983125,-42.6390377652845],[172.015549617242,-42.6318406656969],[172.028493400249,-42.6367630490424],[172.093434966801,-42.6212041988734],[172.10849523283,-42.5804659985961],[172.132899483207,-42.5552510824168],[172.155844350043,-42.5531007824086],[172.178292183469,-42.5355065320386],[172.186884799946,-42.503948615715],[172.227132299441,-42.4795233160854],[172.235705233567,-42.4565319492032],[172.278786933399,-42.4498987822066],[172.293279200071,-42.4404149992325],[172.299793733296,-42.4217391822901],[172.324768967237,-42.4164484487065],[172.34719364914,-42.3918235159077],[172.393248766232,-42.3779384320373],[172.416847183819,-42.3837603489642],[172.44356695022,-42.3667501319668],[172.448706933913,-42.328614748962],[172.466145716494,-42.3195133990802],[172.461698699993,-42.307465448909],[172.477978500543,-42.2913926321958],[172.478549816256,-42.2728631486441],[172.515193316882,-42.2640266492232],[172.55937374995,-42.2199589986492],[172.588843266427,-42.2154029658888],[172.616222683893,-42.1941572989041],[172.609692483159,-42.1658434318936],[172.619680049704,-42.1479798486629],[172.640861900318,-42.132896082737],[172.631656683419,-42.1218997151717],[172.636908267261,-42.1014997158145],[172.678403399663,-42.0878500987968],[172.691122800009,-42.1066094153598],[172.72023493314,-42.1026841159566],[172.726009449789,-42.1347823153592],[172.718849917208,-42.1490772321783],[172.729184132859,-42.165355999396],[172.749643750588,-42.1723670485361],[172.793793600145,-42.1617076318711],[172.795767150043,-42.1796022152353],[172.806947817351,-42.1894746992548],[172.831753099506,-42.1841728657554],[172.822681233486,-42.2086649490039],[172.826563750091,-42.2482291324845],[172.863463783553,-42.2562399157345],[172.842252883524,-42.2895885325262],[172.846882082415,-42.3079440820123],[172.869523516664,-42.317669165624],[172.914974833837,-42.3092846658252],[172.919557032466,-42.3458105485998],[172.943751499855,-42.3511852655842],[172.94139345023,-42.3778250325795],[172.974455016388,-42.3953462989865],[173.002890673971,-42.3932774530162],[172.969527617272,-42.4486811492644],[172.999223516928,-42.4523808656514],[173.014494249158,-42.4462914989819],[173.033344850074,-42.4582880822437],[173.035789000756,-42.4834705319356],[173.054222050018,-42.4880844986102],[173.069215166417,-42.4806947817713],[173.076103767232,-42.4609189653297],[173.095805317338,-42.4607526321289],[173.106250949659,-42.4476811324931],[173.152320199773,-42.4496027654289],[173.164304432911,-42.4185066321447],[173.190218266415,-42.4103338159612],[173.209070717359,-42.3830517484028],[173.220672433386,-42.3801006657737],[173.223766100539,-42.3566849320333],[173.243316799637,-42.3560847661618],[173.225900599449,-42.346328448577],[173.180651466067,-42.3464040489606],[173.18316881632,-42.3369018984784],[173.204881249109,-42.3340299488753],[173.2072178835,-42.3170245322711],[173.24452471748,-42.3031041152199],[173.29587160072,-42.2657535490595],[173.302007466098,-42.2563038159198],[173.296454350226,-42.2480325987691],[173.333322583374,-42.2466491318421],[173.341548516668,-42.2279030324463],[173.351138799725,-42.2427118484417],[173.373192282592,-42.2368075488633],[173.368181099703,-42.2246368158737],[173.383855467389,-42.2171456823234],[173.397543366762,-42.2211455318381],[173.422183566996,-42.2090455488493],[173.436962100776,-42.21418309927],[173.443375550001,-42.2021050323351],[173.464463350147,-42.1956736989669],[173.464025767588,-42.1797541817889],[173.484251799732,-42.1813390153426],[173.463068917135,-42.117810999087],[173.486507366283,-42.1104490160277],[173.484015367241,-42.0994118660373],[173.499134666494,-42.0787371488219],[173.517665599475,-42.0693933994722],[173.54683611632,-42.0697877989364],[173.555140882884,-42.0459223821756],[173.571320149849,-42.0329968657734],[173.594504232629,-42.0292895492761],[173.609705917526,-42.0045268322203],[173.63814978284,-42.0093719322574],[173.66283218391,-41.9959468988992],[173.663218566729,-41.9821028821129],[173.720245883039,-41.9607597653534],[173.715543216463,-41.938200816006],[173.736730799551,-41.9113247487053],[173.750310583481,-41.9088498491974]]]}},{"type":"Feature","properties":{"name":"Southland","id":"15"},"geometry":{"type":"Polygon","coordinates":[[[168.057068899759,-44.2598486820166],[168.157714033598,-44.2822081488127],[168.195546866336,-44.2740985821793],[168.225842583552,-44.2564454799259],[168.280402716371,-44.2600500966136],[168.305495900094,-44.2791682973656],[168.345368999698,-44.2820980302753],[168.353641366823,-44.3053409634985],[168.348163567023,-44.3291371971658],[168.366958883622,-44.340481413534],[168.381375349723,-44.3381083133406],[168.368367332515,-44.3545008799105],[168.411355367329,-44.3616235140314],[168.404896449596,-44.3770543137084],[168.385498183382,-44.3788362306147],[168.383844867369,-44.3884345468279],[168.351760916145,-44.4041799133428],[168.366050450377,-44.424400947089],[168.348730499734,-44.4518568467371],[168.352929033323,-44.4604641803944],[168.336883250234,-44.4758552635148],[168.336831216619,-44.4953970972543],[168.289746783069,-44.4963707301478],[168.274779317453,-44.5203639304182],[168.234614233294,-44.5429955301578],[168.236888682315,-44.5758121966533],[168.224812232976,-44.5829920807438],[168.225675782921,-44.5980734135679],[168.214438716985,-44.6034712966667],[168.197314917108,-44.6433396309806],[168.185009082313,-44.6461315644642],[168.191116567027,-44.6558571974981],[168.184691649146,-44.669489047159],[168.192479649113,-44.6806605638134],[168.174974099719,-44.6977116634187],[168.169193199874,-44.7212862304872],[168.181922715848,-44.7451785306303],[168.199385983177,-44.740186813338],[168.205278882341,-44.7463474307407],[168.167580182826,-44.8283085633892],[168.12743360056,-44.8285809459253],[168.116542149563,-44.8764006295334],[168.127411216943,-44.8852476795996],[168.137160016845,-44.9135432131386],[168.130982499709,-44.9379786296961],[168.176073149972,-44.9662848138107],[168.174621333066,-44.9810255635561],[168.220408965634,-45.0059322970114],[168.221218850773,-45.0163899140026],[168.235684283351,-45.0242632806215],[168.275268150186,-45.025802580145],[168.295923450005,-45.0138402472852],[168.309695666448,-45.0260203136667],[168.291350232875,-45.0404651966409],[168.298602483481,-45.0521880966553],[168.284612767078,-45.0846115469261],[168.28420618272,-45.1061745307467],[168.216966550571,-45.1443633972605],[168.239376932967,-45.1544305134735],[168.235990266252,-45.1668496975868],[168.254880300469,-45.1851777471476],[168.251531516694,-45.1995111302209],[168.299627083522,-45.2211607301914],[168.288243850367,-45.2448803807686],[168.30704433339,-45.2604072641706],[168.300318750725,-45.2939340140691],[168.323294049984,-45.3275431641087],[168.460792815843,-45.3251379808519],[168.539401383158,-45.3093267150469],[168.56684394935,-45.2860553148972],[168.607640066935,-45.2778167817029],[168.649307384067,-45.2456987320785],[168.674105117545,-45.2430717478718],[168.683411583018,-45.2477334482841],[168.680466816494,-45.2596554483688],[168.690095783246,-45.2726252311584],[168.697849232442,-45.3118618307854],[168.69221520076,-45.3396697482824],[168.751634949879,-45.3675663478384],[168.774650266489,-45.3652129642168],[168.768668000765,-45.4031374313907],[168.778736300291,-45.4366462808429],[168.796203150366,-45.433413031099],[168.825219733089,-45.4460569649021],[168.830481033069,-45.437609064603],[168.853988283298,-45.4320733147026],[168.858818650123,-45.4520111816339],[168.886900132658,-45.4628204642464],[168.90679695004,-45.4494864811724],[168.959565366347,-45.3591220812855],[169.01279174963,-45.3034681811849],[169.067691500646,-45.2690362824006],[169.090195065984,-45.2860930488935],[169.099293033026,-45.3199457486105],[169.129470149833,-45.3375927490067],[169.148214415775,-45.3387699986347],[169.17074091607,-45.3804784155813],[169.180861132678,-45.3904354652634],[169.196490167053,-45.3883785652219],[169.209258566755,-45.4023839822695],[169.210932483441,-45.4171599985835],[169.199623899486,-45.4343175655154],[169.160021149708,-45.4396889651163],[169.147251583238,-45.4504960154805],[169.130238467462,-45.5245489653672],[169.111672167446,-45.5418162156044],[169.099024766906,-45.5806871821676],[169.073560467131,-45.6044313323019],[169.058663233206,-45.6411494654884],[169.024688733484,-45.6596392980058],[169.018825183211,-45.6897852810363],[169.005394750676,-45.698449147878],[169.003072950088,-45.7270962984664],[168.993372050599,-45.7285384150002],[169.004552150145,-45.7495849642658],[169.003470100165,-45.7957678982757],[169.02894603337,-45.8089259482614],[169.004349400223,-45.8597390816146],[169.050389733499,-45.8639556490483],[169.056622616617,-45.8501062657565],[169.080455583063,-45.8581607818334],[169.074473715647,-45.871069665893],[169.09906979918,-45.8843581823984],[169.084753983919,-45.9167089825074],[169.073409066734,-45.9247463992087],[169.097241350058,-45.9385556654272],[169.099718783597,-45.948037432686],[169.066577350001,-45.9852958992905],[169.072717583443,-46.0016159991026],[169.108171266902,-45.9951368318345],[169.127817783669,-46.0031260487819],[169.079686617322,-46.0026625154773],[169.079647699056,-46.0082787321636],[169.103595273944,-46.0368147634005],[169.153328134245,-46.048744715267],[169.157874165764,-46.0684446490316],[169.135571065922,-46.0853923155782],[169.163286733272,-46.0957855826406],[169.157875516589,-46.1066608659582],[169.163172000581,-46.117105565148],[169.137615000092,-46.1273337651142],[169.129783382708,-46.1477744324064],[169.160973716673,-46.1521609321032],[169.169226549911,-46.1609148485228],[169.159619899678,-46.1756371491301],[169.170357784116,-46.1827548986254],[169.166957183238,-46.1918690989627],[169.185846333144,-46.1892908155447],[169.181861750739,-46.1957106991445],[169.198292365871,-46.2004401316747],[169.198060632996,-46.212694882351],[169.186314249531,-46.2232612156716],[169.196200067173,-46.2376086654356],[169.185703917519,-46.2548047659756],[169.189012616577,-46.2799199157098],[169.176854433555,-46.2856827488818],[169.196915050081,-46.3043136151896],[169.177416233291,-46.3218705986764],[169.190710416484,-46.3263606320807],[169.142377517036,-46.3534756158666],[169.146343449969,-46.3591224824943],[169.134143867495,-46.3754392322777],[169.175015466403,-46.3863677491514],[169.195997516643,-46.4044065818142],[169.199313900861,-46.4199399321594],[169.188148716885,-46.4274465658591],[169.196810165617,-46.4387998825161],[169.163332399722,-46.45772246511],[169.162264616368,-46.468488748451],[169.178469616034,-46.4783087659085],[169.173433217448,-46.48704551569],[169.250301783532,-46.5133079656419],[169.225564066467,-46.5498446992495],[169.190516950255,-46.5569219988533],[169.264888500772,-46.5858546993927],[169.26157808309,-46.5985528486341],[169.274105216435,-46.6113380992584],[169.265306566494,-46.6154926495064],[169.279166266435,-46.6224137659007],[169.342055399971,-46.8392216487861],[169.253098365803,-46.8612408152673],[169.160946284176,-46.8626787825482],[169.034264350478,-46.8766665817682],[168.838137916685,-46.8690107975388],[168.799670133573,-46.9061256983977],[168.723720550717,-46.9555469312776],[168.544073433189,-47.014996248321],[168.563375383441,-47.0609552655843],[168.566808849868,-47.1028205159811],[168.555502532731,-47.1488513652998],[168.533356749115,-47.1861664989824],[168.476836115783,-47.2370388158161],[168.360864382262,-47.2946781825473],[168.293621799739,-47.3148717152878],[168.195480533688,-47.3278671651272],[168.204272183039,-47.3789601991545],[168.193263883206,-47.4308166151993],[168.167441383778,-47.4734718156029],[168.13032065046,-47.5091848487914],[168.118856983288,-47.5753598987888],[168.073822750437,-47.6369877657248],[168.019220883341,-47.675545232227],[167.938579949308,-47.7077048992045],[167.863986482688,-47.7220067989827],[167.788229183579,-47.7228206986859],[167.670698599318,-47.6960148489151],[167.584933832983,-47.6436922488597],[167.553266100144,-47.6076908324992],[167.534378265386,-47.5701483487615],[167.526711149949,-47.5306677655645],[167.531198949673,-47.489295049007],[167.442711516294,-47.4857809988931],[167.310876083117,-47.4625257984945],[167.217460932203,-47.431391515125],[167.081739799186,-47.3434956653181],[167.044938132892,-47.2966428319397],[167.028492116236,-47.2512913656953],[167.028086349301,-47.2015773821854],[167.048319798611,-47.1488406820695],[167.16628716583,-47.0195856323607],[167.247415283712,-46.967354032112],[167.365404199125,-46.9345833826064],[167.369405900011,-46.9097090820579],[167.331596583555,-46.8627392985856],[167.306441966077,-46.797051081973],[167.300099700008,-46.7479907652951],[167.310703915543,-46.6977817153335],[167.335060032438,-46.6563937992122],[167.367642333136,-46.6234057159819],[167.415271715255,-46.5921467487891],[167.483536883315,-46.5655831484962],[167.540845067572,-46.5306381265748],[167.533354566531,-46.5127721657446],[167.292374866518,-46.4590898154994],[167.154633883155,-46.465033398485],[167.190675815831,-46.5329698984228],[167.192855183314,-46.6115349493114],[167.15683456626,-46.6811395152581],[167.087870516766,-46.7366250153099],[166.993274416097,-46.7715481494087],[166.886769832998,-46.7818262326012],[166.789615065111,-46.7695420824481],[166.690231848909,-46.7322707823899],[166.639207465103,-46.6998639154622],[166.604766649743,-46.66516564907],[166.579836515522,-46.6221105655764],[166.570272066191,-46.5809864488787],[166.57428884957,-46.5353514324577],[166.591808665549,-46.4936104989253],[166.624091798996,-46.4536304486184],[166.670300148819,-46.4184537489621],[166.572163565973,-46.3983167317479],[166.45779884813,-46.3501273155149],[166.41075883226,-46.3174910652876],[166.362999982273,-46.2653762487673],[166.310226182412,-46.2364389988848],[166.27386796453,-46.2054349320685],[166.200990748212,-46.1175021822881],[166.169313198595,-46.0484726988376],[166.158876166028,-45.9794131991738],[166.139467248097,-45.9213387991518],[166.141847265149,-45.8239846988811],[166.157396582607,-45.7719576159078],[166.155150665432,-45.6967940992402],[166.189738815787,-45.629396448945],[166.319805864913,-45.4963510322991],[166.413686598624,-45.4389146151789],[166.51355813198,-45.2707795824264],[166.668443332694,-45.0793996658357],[166.736197116541,-45.0189944985227],[166.78253573229,-44.9891748817306],[166.880139082221,-44.8921873655835],[167.058581115047,-44.7375275985856],[167.20368139988,-44.6512636490493],[167.311911483438,-44.5978342659938],[167.342183365902,-44.5627746318448],[167.393347732963,-44.5237721654658],[167.528048632864,-44.4503614156647],[167.631360749539,-44.327013948521],[167.738451016873,-44.241550915592],[167.83811798286,-44.1270576987248],[168.057068899759,-44.2598486820166]]]}},{"type":"Feature","properties":{"name":"Otago","id":"14"},"geometry":{"type":"Polygon","coordinates":[[[169.67515318411,-43.956383782107],[169.69933663418,-43.9635462821985],[169.699113966602,-43.9797262154774],[169.711454566746,-43.9972488492701],[169.707589850194,-44.0171352652526],[169.719632150716,-44.03619254853],[169.685894449216,-44.041994682357],[169.682023600209,-44.0684187153096],[169.665016016466,-44.0677373491033],[169.657571067234,-44.0776489489102],[169.66123529915,-44.0915024485871],[169.639162650248,-44.1017961657395],[169.638678799873,-44.1199245995019],[169.624971299753,-44.1224812150968],[169.620445066748,-44.1399646992776],[169.598885215971,-44.1502990158166],[169.605823183491,-44.1585188487453],[169.57106993387,-44.1772291491742],[169.560769150469,-44.2054401824728],[169.543323866781,-44.2074743487191],[169.5484997665,-44.2275781991647],[169.570463067402,-44.2367321985366],[169.58060883314,-44.2523481817522],[169.568397016137,-44.3193157826017],[169.578783334085,-44.3401256164467],[169.556712283818,-44.3809539990673],[169.565612533835,-44.4023096991942],[169.545884367481,-44.422662398804],[169.556201799816,-44.4375856823317],[169.542497533853,-44.4486001992665],[169.573871399801,-44.4623463487069],[169.641889416936,-44.4664246486064],[169.647478783342,-44.481151065395],[169.634322116331,-44.5017521484696],[169.650153066172,-44.5209548992233],[169.647685034096,-44.5311018824042],[169.663398099541,-44.5372253986876],[169.640691899884,-44.5647837654234],[169.640998332426,-44.59600513194],[169.681771899931,-44.5978882154254],[169.685289766991,-44.6060928159577],[169.708501949745,-44.6009761995302],[169.718600833512,-44.5735161153881],[169.730585116604,-44.5650702816997],[169.757151800547,-44.6121328160909],[169.754876883277,-44.6389166318026],[169.805638499942,-44.6613358659108],[169.836191183422,-44.6688994152397],[169.8912687342,-44.6442754655198],[169.944216317571,-44.653984215946],[169.970183300285,-44.744071032034],[169.993687700296,-44.786478815543],[169.997963566664,-44.8250600991331],[170.030936633211,-44.8700645324333],[170.063810067318,-44.8836243325362],[170.081866099085,-44.9121173324486],[170.068658582756,-44.9231751484867],[170.084773966708,-44.9274282992216],[170.094098767274,-44.940019932568],[170.111293699814,-44.9468630159631],[170.130940349543,-44.9407179160992],[170.164485416608,-44.9460048491392],[170.242072667459,-44.9307172491285],[170.251993216493,-44.9188264323976],[170.272347783419,-44.9216533652962],[170.290717466831,-44.914142231796],[170.30168461705,-44.9195135151182],[170.319353066233,-44.9030489819193],[170.349983316751,-44.9076673991219],[170.349063884243,-44.9430951985092],[170.365642550868,-44.9401003989958],[170.373379400901,-44.9523931823883],[170.369829917126,-44.9723220984852],[170.347341050104,-44.9896309489115],[170.349440716737,-45.0216976989506],[170.385544183308,-45.0778721821025],[170.397211283581,-45.0809043658694],[170.447188600347,-45.0659566656943],[170.464753050247,-45.0452457492805],[170.481009799157,-45.0473200322273],[170.531796449233,-44.9928598486727],[170.575150417511,-44.9778592323088],[170.579399832758,-44.9654928651637],[170.614611200472,-44.9666701988036],[170.636873433878,-44.951301582697],[170.627596399051,-44.9336392658618],[170.648216850216,-44.912358215577],[170.658935950263,-44.9091832316938],[170.67246905054,-44.9180481990349],[170.683297599903,-44.9111500317341],[170.680649283886,-44.9049044326051],[170.709377034213,-44.9008182651075],[170.841133066553,-44.9034751488877],[170.841137300696,-44.8914332317751],[170.886149133364,-44.8916067987792],[171.001355350459,-44.9214325324141],[171.115753317599,-44.9294561322594],[171.406800983025,-45.0153675655364],[171.327271733512,-45.1231838654781],[171.251554283486,-45.1853274658368],[171.224615917604,-45.2259847819345],[171.13977240006,-45.3099352324695],[171.152269949852,-45.3709483659887],[171.139330100091,-45.4554055324326],[171.112455383643,-45.4993143659472],[171.084716849885,-45.5681821152449],[171.048485482387,-45.6076828656218],[171.007567767641,-45.635967815973],[170.987846217213,-45.6760419318743],[171.018586833789,-45.7231880651161],[171.034271916722,-45.7714186985179],[171.03566473378,-45.8821080151777],[171.018774667535,-45.9410977484011],[170.973660584171,-45.9972646819233],[170.897506532688,-46.0459836822035],[170.76197226655,-46.0971395816987],[170.691610799609,-46.1111865490706],[170.626004184193,-46.1126230823083],[170.482117384142,-46.1411013486599],[170.44631541667,-46.2252771659068],[170.395201365936,-46.2828395157195],[170.115845650717,-46.4536398322807],[170.099057666439,-46.5202163488618],[170.045216100045,-46.5837646484898],[169.758676616781,-46.73914318232],[169.68740620031,-46.7658516654164],[169.602922466721,-46.7781373489117],[169.460653299871,-46.8259057324451],[169.342055399971,-46.8392216487861],[169.279166266435,-46.6224137659007],[169.265306566494,-46.6154926495064],[169.274105216435,-46.6113380992584],[169.26157808309,-46.5985528486341],[169.264888500772,-46.5858546993927],[169.190516950255,-46.5569219988533],[169.225564066467,-46.5498446992495],[169.250301783532,-46.5133079656419],[169.173433217448,-46.48704551569],[169.178469616034,-46.4783087659085],[169.162264616368,-46.468488748451],[169.163332399722,-46.45772246511],[169.196810165617,-46.4387998825161],[169.188148716885,-46.4274465658591],[169.199313900861,-46.4199399321594],[169.195997516643,-46.4044065818142],[169.175015466403,-46.3863677491514],[169.134143867495,-46.3754392322777],[169.146343449969,-46.3591224824943],[169.142377517036,-46.3534756158666],[169.190710416484,-46.3263606320807],[169.177416233291,-46.3218705986764],[169.196915050081,-46.3043136151896],[169.176854433555,-46.2856827488818],[169.189012616577,-46.2799199157098],[169.185703917519,-46.2548047659756],[169.196200067173,-46.2376086654356],[169.186314249531,-46.2232612156716],[169.198060632996,-46.212694882351],[169.198292365871,-46.2004401316747],[169.181861750739,-46.1957106991445],[169.185846333144,-46.1892908155447],[169.166957183238,-46.1918690989627],[169.170357784116,-46.1827548986254],[169.159619899678,-46.1756371491301],[169.169226549911,-46.1609148485228],[169.160973716673,-46.1521609321032],[169.129783382708,-46.1477744324064],[169.137615000092,-46.1273337651142],[169.163172000581,-46.117105565148],[169.157875516589,-46.1066608659582],[169.163286733272,-46.0957855826406],[169.135571065922,-46.0853923155782],[169.157874165764,-46.0684446490316],[169.153328134245,-46.048744715267],[169.103595273944,-46.0368147634005],[169.079647699056,-46.0082787321636],[169.079686617322,-46.0026625154773],[169.127817783669,-46.0031260487819],[169.108171266902,-45.9951368318345],[169.072717583443,-46.0016159991026],[169.066577350001,-45.9852958992905],[169.099718783597,-45.948037432686],[169.097241350058,-45.9385556654272],[169.073409066734,-45.9247463992087],[169.084753983919,-45.9167089825074],[169.09906979918,-45.8843581823984],[169.074473715647,-45.871069665893],[169.080455583063,-45.8581607818334],[169.056622616617,-45.8501062657565],[169.050389733499,-45.8639556490483],[169.004349400223,-45.8597390816146],[169.02894603337,-45.8089259482614],[169.003470100165,-45.7957678982757],[169.004552150145,-45.7495849642658],[168.993372050599,-45.7285384150002],[169.003072950088,-45.7270962984664],[169.005394750676,-45.698449147878],[169.018825183211,-45.6897852810363],[169.024688733484,-45.6596392980058],[169.058663233206,-45.6411494654884],[169.073560467131,-45.6044313323019],[169.099024766906,-45.5806871821676],[169.111672167446,-45.5418162156044],[169.130238467462,-45.5245489653672],[169.147251583238,-45.4504960154805],[169.160021149708,-45.4396889651163],[169.199623899486,-45.4343175655154],[169.210932483441,-45.4171599985835],[169.209258566755,-45.4023839822695],[169.196490167053,-45.3883785652219],[169.180861132678,-45.3904354652634],[169.17074091607,-45.3804784155813],[169.148214415775,-45.3387699986347],[169.129470149833,-45.3375927490067],[169.099293033026,-45.3199457486105],[169.090195065984,-45.2860930488935],[169.067691500646,-45.2690362824006],[169.01279174963,-45.3034681811849],[168.959565366347,-45.3591220812855],[168.90679695004,-45.4494864811724],[168.886900132658,-45.4628204642464],[168.858818650123,-45.4520111816339],[168.853988283298,-45.4320733147026],[168.830481033069,-45.437609064603],[168.825219733089,-45.4460569649021],[168.796203150366,-45.433413031099],[168.778736300291,-45.4366462808429],[168.768668000765,-45.4031374313907],[168.774650266489,-45.3652129642168],[168.751634949879,-45.3675663478384],[168.69221520076,-45.3396697482824],[168.697849232442,-45.3118618307854],[168.690095783246,-45.2726252311584],[168.680466816494,-45.2596554483688],[168.683411583018,-45.2477334482841],[168.674105117545,-45.2430717478718],[168.649307384067,-45.2456987320785],[168.607640066935,-45.2778167817029],[168.56684394935,-45.2860553148972],[168.539401383158,-45.3093267150469],[168.460792815843,-45.3251379808519],[168.323294049984,-45.3275431641087],[168.300318750725,-45.2939340140691],[168.30704433339,-45.2604072641706],[168.288243850367,-45.2448803807686],[168.299627083522,-45.2211607301914],[168.251531516694,-45.1995111302209],[168.254880300469,-45.1851777471476],[168.235990266252,-45.1668496975868],[168.239376932967,-45.1544305134735],[168.216966550571,-45.1443633972605],[168.28420618272,-45.1061745307467],[168.284612767078,-45.0846115469261],[168.298602483481,-45.0521880966553],[168.291350232875,-45.0404651966409],[168.309695666448,-45.0260203136667],[168.295923450005,-45.0138402472852],[168.275268150186,-45.025802580145],[168.235684283351,-45.0242632806215],[168.221218850773,-45.0163899140026],[168.220408965634,-45.0059322970114],[168.174621333066,-44.9810255635561],[168.176073149972,-44.9662848138107],[168.130982499709,-44.9379786296961],[168.137160016845,-44.9135432131386],[168.127411216943,-44.8852476795996],[168.116542149563,-44.8764006295334],[168.12743360056,-44.8285809459253],[168.167580182826,-44.8283085633892],[168.205278882341,-44.7463474307407],[168.199385983177,-44.740186813338],[168.181922715848,-44.7451785306303],[168.169289866123,-44.7219540967569],[168.174974099719,-44.6977116634187],[168.192479649113,-44.6806605638134],[168.184691649146,-44.669489047159],[168.191116567027,-44.6558571974981],[168.185009082313,-44.6461315644642],[168.197314917108,-44.6433396309806],[168.214438716985,-44.6034712966667],[168.225675782921,-44.5980734135679],[168.224812232976,-44.5829920807438],[168.236506083629,-44.5767182966997],[168.234868116777,-44.5426209972974],[168.274779317453,-44.5203639304182],[168.289746783069,-44.4963707301478],[168.460918049714,-44.4953881647256],[168.523549966251,-44.4603720815762],[168.557369183719,-44.4517239476012],[168.586062982699,-44.4537911313673],[168.593469132439,-44.4417734146574],[168.625502800135,-44.4339354647948],[168.641586050234,-44.4165559150794],[168.686673733864,-44.3919127650326],[168.699783016616,-44.4049662309779],[168.742546899378,-44.4210042808274],[168.741319950489,-44.4054225309481],[168.75340693311,-44.3922463648102],[168.778085949758,-44.3878494977403],[168.832325599503,-44.3508473985047],[168.842741116396,-44.283342464704],[168.857273666318,-44.2697090982466],[168.849354599317,-44.2461411644974],[168.870954899677,-44.2388646646044],[168.877230984128,-44.2228411147562],[168.904833416404,-44.2182319978702],[168.910939633018,-44.2097946643972],[168.959208316145,-44.2058120642608],[168.96518106613,-44.1737516979392],[168.987394216603,-44.1689308150776],[168.975078451273,-44.1440294821346],[169.015923284704,-44.130816297146],[169.013430185282,-44.1147677318293],[169.038048398306,-44.1181967820806],[169.073587916685,-44.1096058817107],[169.081445466458,-44.0969763814057],[169.145924632992,-44.0798967140992],[169.159749284581,-44.1048559814048],[169.257442717437,-44.108110365751],[169.27949903372,-44.0937843487274],[169.290805715795,-44.0627260152066],[169.30898084992,-44.0606499988622],[169.320997333338,-44.0640863153985],[169.33844705036,-44.1022925823159],[169.387120366959,-44.1187261988214],[169.428500366897,-44.0965210984732],[169.462646166878,-44.0592611990114],[169.506702350339,-44.0592483655661],[169.541080399362,-44.0333182654078],[169.579005666905,-44.0341103484115],[169.59198961691,-44.0101679319018],[169.591909383841,-43.9910123820334],[169.582583099974,-43.9804588985403],[169.592780550653,-43.958076165342],[169.623254350021,-43.9569901822062],[169.632912233739,-43.9638403323468],[169.67515318411,-43.956383782107]]]}},{"type":"Feature","properties":{"name":"West Coast","id":"12"},"geometry":{"type":"Polygon","coordinates":[[[172.241856482784,-40.8262828153616],[172.228980816675,-40.8560900327891],[172.233830382653,-40.8692409484428],[172.251049300229,-40.8689928659706],[172.262459549729,-40.8589787155179],[172.26653448308,-40.8703185485677],[172.289968166981,-40.8777374659215],[172.281541532774,-40.8989267486706],[172.301028833157,-40.910259815169],[172.297649650194,-40.9224808822949],[172.316618566923,-40.9244846992235],[172.328089833358,-40.9363012489963],[172.375774649752,-40.9344041321366],[172.3863467998,-40.9493435819549],[172.357700416294,-40.9792771817914],[172.329807334012,-40.9869458817925],[172.310819233504,-41.0113359985647],[172.333723417006,-41.0350261991353],[172.324878432964,-41.0596173987318],[172.350304316854,-41.0633866324569],[172.350809350877,-41.0538668992179],[172.36226241743,-41.0514717157169],[172.361055233322,-41.0440987990761],[172.382711033996,-41.0225574485176],[172.419367366804,-41.0335515817832],[172.439663682718,-41.0204395823343],[172.491608716483,-41.0226590822951],[172.496111183385,-41.0407116984297],[172.485951583368,-41.0545634486245],[172.492022633335,-41.0646673319936],[172.513327867276,-41.0668581987161],[172.522662283301,-41.0817776487904],[172.519842016409,-41.0956522156634],[172.553041684129,-41.1025186817711],[172.581373783751,-41.1369690487057],[172.618345300804,-41.1601849322376],[172.629002366674,-41.1948845658443],[172.66440263419,-41.1946052491375],[172.673085899251,-41.1882175156044],[172.69208233365,-41.2002492651738],[172.690825765969,-41.2112845651465],[172.657937583202,-41.2391689986124],[172.574562699814,-41.2580452484995],[172.586083932959,-41.2886027818742],[172.600324400097,-41.3011834159548],[172.581553966281,-41.3436875986689],[172.584361567505,-41.3761944990369],[172.559847133472,-41.382762215836],[172.552302333898,-41.3983563484358],[172.512274316532,-41.4128241653654],[172.465399982526,-41.4056235323093],[172.461177767571,-41.394356398918],[172.416202065956,-41.4122813821244],[172.431105633924,-41.4291327487478],[172.42218681687,-41.4390918159364],[172.418861416636,-41.4706943987069],[172.343035366079,-41.5115374825667],[172.344731316899,-41.5552008822232],[172.3268413175,-41.5603071824105],[172.334487083424,-41.5835975658953],[172.327580999717,-41.6034850496526],[172.293144166814,-41.6239218320951],[172.291023499692,-41.6348255984705],[172.264432050594,-41.6272763984919],[172.23736100066,-41.6401985987639],[172.240171716874,-41.6554392319856],[172.25380953345,-41.6679636824132],[172.247078967484,-41.6842177157758],[172.25973465015,-41.6943976163884],[172.25147001594,-41.70265824885],[172.232903800265,-41.6915475151661],[172.213035750724,-41.6891019656451],[172.209117432618,-41.6999296990768],[172.188029116489,-41.6925071652462],[172.174479766772,-41.7030360652351],[172.15532433342,-41.6996933821622],[172.15037658354,-41.7108145487899],[172.129092416978,-41.7140685151432],[172.11905506671,-41.7254342151607],[172.115767533555,-41.7320225986754],[172.12460406738,-41.737975999265],[172.11789495029,-41.7561657820044],[172.097280416952,-41.7743057821422],[172.105123500677,-41.7893164819701],[172.116284250149,-41.7891521988413],[172.115730567145,-41.8684047987334],[172.093828349803,-41.8743771987059],[172.092892933986,-41.891947382288],[172.06538585088,-41.8943775153407],[172.077366333323,-41.9204944989673],[172.050632000644,-41.9519095162671],[172.070027199883,-41.9645426318799],[172.076609832449,-41.9874997157132],[172.071042300759,-41.9985044988709],[172.080983800161,-42.0076657164256],[172.120035567338,-42.0145718324888],[172.104944332596,-42.0489331154802],[172.116510632687,-42.0756348822065],[172.132533183555,-42.0806344325439],[172.135203666157,-42.1040439824455],[172.18733433343,-42.1055708488577],[172.206730749948,-42.0983147822823],[172.214961616517,-42.1092344492001],[172.205612616086,-42.1145206324663],[172.218004449964,-42.1149099990809],[172.220963833168,-42.1316321655645],[172.247667966661,-42.1323731492369],[172.251500882849,-42.1502809657663],[172.333472566776,-42.1491080820673],[172.345113966922,-42.1758178325537],[172.339672199931,-42.1977010151881],[172.349399334003,-42.2222836987734],[172.333375516466,-42.2386650492722],[172.354442667457,-42.2561365656585],[172.356481833233,-42.2673915653854],[172.347897799496,-42.2766992159095],[172.430926550224,-42.3055738994267],[172.453626317314,-42.2747935983978],[172.479030949819,-42.2770294321626],[172.476367150048,-42.2946180993278],[172.461698699993,-42.307465448909],[172.466145716494,-42.3195133990802],[172.448706933913,-42.328614748962],[172.443347400097,-42.3669328319739],[172.416847183819,-42.3837603489642],[172.393248766232,-42.3779384320373],[172.34719364914,-42.3918235159077],[172.324768967237,-42.4164484487065],[172.299793733296,-42.4217391822901],[172.293279200071,-42.4404149992325],[172.278786933399,-42.4498987822066],[172.235705233567,-42.4565319492032],[172.227132299441,-42.4795233160854],[172.186884799946,-42.503948615715],[172.178292183469,-42.5355065320386],[172.155844350043,-42.5531007824086],[172.132899483207,-42.5552510824168],[172.10849523283,-42.5804659985961],[172.093434966801,-42.6212041988734],[172.028493400249,-42.6367630490424],[172.015549617242,-42.6318406656969],[171.974658983125,-42.6390377652845],[171.97234029937,-42.6534682321566],[171.925923750289,-42.66620284925],[171.907989250084,-42.7046974323433],[171.885057000337,-42.7187463654152],[171.884362366802,-42.7496603324292],[171.863734782627,-42.7505230161888],[171.84333251669,-42.7748237657346],[171.812474149947,-42.7838200817173],[171.812560916631,-42.789962265232],[171.789091382842,-42.782807881907],[171.763848766853,-42.7917224155647],[171.754459849732,-42.8187944322788],[171.762680683382,-42.8370507825337],[171.73297528286,-42.8533539818266],[171.733594850571,-42.8644733322779],[171.746369750711,-42.8740806990926],[171.710784532753,-42.8957656655214],[171.710142550098,-42.9038173653805],[171.686921999103,-42.90612529883],[171.690293483032,-42.8999417658033],[171.665232216572,-42.8863220158954],[171.634057616591,-42.9026020484672],[171.586860415888,-42.8957415319844],[171.517245116255,-42.9142304155566],[171.491009849777,-42.8959258985974],[171.468771667439,-42.9141535154108],[171.442283583117,-42.9137209659041],[171.43439675021,-42.9214476491959],[171.43751670071,-42.9356876493804],[171.425803450339,-42.9353693323851],[171.396014033197,-42.9593118651686],[171.393155400231,-42.9426207984818],[171.381849266388,-42.9460398157846],[171.362195999183,-42.937185499681],[171.345185549149,-42.9497073820928],[171.336127333271,-42.943250681886],[171.314244817473,-42.9481491485287],[171.303115866035,-42.9580959490089],[171.308439016151,-42.9662268654564],[171.282206299904,-42.9731221323846],[171.237669015979,-43.0025114823066],[171.240696533477,-43.0309733817771],[171.222743782879,-43.0432518659627],[171.219602633094,-43.0646509484587],[171.198148299719,-43.0742880158618],[171.184205516726,-43.0643641822632],[171.145896816384,-43.0888483152833],[171.129926100721,-43.081233999119],[171.117223550165,-43.0857271151385],[171.105388850279,-43.1121274494642],[171.095152800242,-43.1008012826127],[171.07972619979,-43.1020236994658],[171.076600483011,-43.1118948325283],[171.063283650371,-43.1153175659937],[171.067576483423,-43.1282692989788],[171.037384300109,-43.1458650658663],[171.047274483017,-43.1636108160483],[171.020029233213,-43.1745276824339],[170.991736700869,-43.2176424489284],[170.948468283271,-43.22726823248],[170.948210383498,-43.2059888323026],[170.928733466819,-43.2065354156709],[170.906840700443,-43.2287085825122],[170.873090066926,-43.2458174984121],[170.865225850262,-43.2648209988257],[170.870687683945,-43.2725349817971],[170.860262616472,-43.2813999991648],[170.83120546665,-43.2830622652946],[170.819924699597,-43.2996903653301],[170.805711233032,-43.3044727484526],[170.792798699283,-43.2990715827276],[170.759817400584,-43.3183046652655],[170.705305849713,-43.3187957986597],[170.716139584083,-43.3432352657593],[170.677412750071,-43.3476451491484],[170.646719950627,-43.369308515376],[170.65763324921,-43.3774146321038],[170.656634950526,-43.3868871489909],[170.632930233868,-43.3968171818605],[170.61555370026,-43.4179553988097],[170.615056667257,-43.4318708825661],[170.591277766423,-43.4340175154353],[170.580727766453,-43.4300241986756],[170.580242932797,-43.418503032404],[170.556668666682,-43.4241520320362],[170.529681717452,-43.4099812990313],[170.511327917456,-43.4284082490938],[170.475486933398,-43.432975315573],[170.459198567391,-43.4613141823097],[170.433812467332,-43.4658112653214],[170.39502716645,-43.498170115166],[170.356039283208,-43.5061461983881],[170.334822182448,-43.4979617659495],[170.328739400434,-43.4815843158241],[170.29922993356,-43.5017397486925],[170.22883231751,-43.5190330489439],[170.198482850686,-43.5531890988508],[170.14662805041,-43.5738191487968],[170.139815700309,-43.5894496153323],[170.115491434189,-43.5888985990918],[170.093178699447,-43.5995687485506],[170.092914183141,-43.6253669159127],[170.101215084014,-43.6386946820394],[170.095145149883,-43.6556121651251],[170.028457916731,-43.6908049991475],[170.02288849976,-43.7060962992552],[170.030546850868,-43.7230642651366],[170.006163483704,-43.7408245657932],[169.978768666504,-43.7470788489906],[169.98469373357,-43.7593859991909],[169.970529483582,-43.7729913818346],[169.972682950445,-43.7873108651135],[169.943571633392,-43.789099232299],[169.933283133841,-43.8004810818391],[169.899970199777,-43.8130248321922],[169.894346517253,-43.833726515331],[169.858212366285,-43.8371220823475],[169.837935283262,-43.8542352655816],[169.837904517485,-43.8666305819878],[169.809007050147,-43.8746978488583],[169.793093566887,-43.892617782542],[169.770894950331,-43.8993124161742],[169.758299399646,-43.9336714157636],[169.745275949265,-43.9316645994106],[169.71996158332,-43.9599038154898],[169.702280165975,-43.9639378822702],[169.669397516514,-43.9554252155079],[169.632912233739,-43.9638403323468],[169.623254350021,-43.9569901822062],[169.592780550653,-43.958076165342],[169.582583099974,-43.9804588985403],[169.591909383841,-43.9910123820334],[169.59198961691,-44.0101679319018],[169.57868495014,-44.0342947653626],[169.541080399362,-44.0333182654078],[169.506702350339,-44.0592483655661],[169.462646166878,-44.0592611990114],[169.428500366897,-44.0965210984732],[169.386824017206,-44.1187688657399],[169.33844705036,-44.1022925823159],[169.320997333338,-44.0640863153985],[169.30898084992,-44.0606499988622],[169.290805715795,-44.0627260152066],[169.27949903372,-44.0937843487274],[169.257442717437,-44.108110365751],[169.159749284581,-44.1048559814048],[169.145924632992,-44.0798967140992],[169.081445466458,-44.0969763814057],[169.073587916685,-44.1096058817107],[169.038048398306,-44.1181967820806],[169.013430185282,-44.1147677318293],[169.015923284704,-44.130816297146],[168.975078451273,-44.1440294821346],[168.987394216603,-44.1689308150776],[168.96518106613,-44.1737516979392],[168.959208316145,-44.2058120642608],[168.910939633018,-44.2097946643972],[168.904833416404,-44.2182319978702],[168.877230984128,-44.2228411147562],[168.870954899677,-44.2388646646044],[168.849354599317,-44.2461411644974],[168.857273666318,-44.2697090982466],[168.842741116396,-44.283342464704],[168.832325599503,-44.3508473985047],[168.778085949758,-44.3878494977403],[168.75340693311,-44.3922463648102],[168.741319950489,-44.4054225309481],[168.742546899378,-44.4210042808274],[168.699783016616,-44.4049662309779],[168.686673733864,-44.3919127650326],[168.641586050234,-44.4165559150794],[168.625502800135,-44.4339354647948],[168.593469132439,-44.4417734146574],[168.586062982699,-44.4537911313673],[168.557369183719,-44.4517239476012],[168.523549966251,-44.4603720815762],[168.460918049714,-44.4953881647256],[168.33452791748,-44.4967794302578],[168.336883250234,-44.4758552635148],[168.352929033323,-44.4604641803944],[168.348730499734,-44.4518568467371],[168.366050450377,-44.424400947089],[168.351760916145,-44.4041799133428],[168.383844867369,-44.3884345468279],[168.385498183382,-44.3788362306147],[168.404896449596,-44.3770543137084],[168.411740732422,-44.3636792135133],[168.368367332515,-44.3545008799105],[168.381375349723,-44.3381083133406],[168.366958883622,-44.340481413534],[168.348163567023,-44.3291371971658],[168.353641366823,-44.3053409634985],[168.345368999698,-44.2820980302753],[168.306731699591,-44.2795625635732],[168.280402716371,-44.2600500966136],[168.261173683661,-44.2627028473568],[168.250286017394,-44.2551205300071],[168.225842583552,-44.2564454799259],[168.195546866336,-44.2740985821793],[168.157714033598,-44.2822081488127],[168.052080303286,-44.2586477658086],[167.83811798286,-44.1270576987248],[168.030832599542,-44.0108154819068],[168.137802983229,-43.8890633497365],[168.200257599897,-43.8442734806457],[168.298819700064,-43.8098996637404],[168.421865083759,-43.8010277968245],[168.545738800787,-43.7634203479031],[168.620468116676,-43.7543704646666],[168.67117178348,-43.7183878979236],[168.752100584035,-43.6837460809492],[168.826070633031,-43.6601401815306],[168.923036099879,-43.6425209643327],[169.040424433159,-43.5596030651545],[169.232942883133,-43.4694491654683],[169.486814699946,-43.3929837823764],[169.513211800532,-43.3733873324161],[169.576451233942,-43.300084132188],[169.618949616733,-43.2681277317479],[169.708423683469,-43.2197232156095],[169.801471600495,-43.1965662152115],[169.850168117412,-43.1500119152956],[169.975112832897,-43.0670514323977],[170.040570249687,-42.9888845825183],[170.092391416677,-42.9496676489116],[170.148757733946,-42.924829481852],[170.203491116521,-42.9117084486143],[170.253125450121,-42.8775855652597],[170.302907232698,-42.8550022821707],[170.462632133416,-42.8162441984061],[170.60902643326,-42.7346959657684],[170.646682916023,-42.7026472650783],[170.737841499737,-42.5948550485011],[170.857604216775,-42.5054390825161],[170.920407915958,-42.4239890153489],[170.930964400076,-42.3822716321012],[170.977725783857,-42.2810047322051],[171.046083883443,-42.1964746819237],[171.065549550624,-42.0610079986099],[171.11602698378,-41.9536503486272],[171.145027600014,-41.9143095990975],[171.158977466009,-41.8564546825168],[171.185897683666,-41.8121930492382],[171.181144283539,-41.7572821988739],[171.189968166064,-41.7136072820343],[171.243761650321,-41.6167159162684],[171.300352616901,-41.5674895322942],[171.377554265872,-41.5337526984065],[171.464305583892,-41.5210123818268],[171.59795391629,-41.5268867657401],[171.641990066704,-41.5020964825341],[171.680140566223,-41.4626749151992],[171.758378499381,-41.3376774153109],[171.823221400681,-41.2806762659179],[171.839038532474,-41.1728571327631],[171.831511817246,-41.0969682484471],[171.842251916999,-41.0248167986215],[171.826648800789,-40.9396532320139],[171.828828700051,-40.8924224319477],[171.855459549421,-40.8181475318531],[171.907731615865,-40.7409014989792],[172.03069633403,-40.6283522318955],[172.217804650849,-40.7745427659888],[172.248301000183,-40.8052799823377],[172.241856482784,-40.8262828153616]]]}},{"type":"Feature","properties":{"name":"Waikato","id":"03"},"geometry":{"type":"Polygon","coordinates":[[[176.021811100244,-36.3712728658733],[176.032862000181,-36.4027593485247],[176.084423933367,-36.4265112651768],[176.129068717051,-36.4610239817677],[176.173049367217,-36.5267740659056],[176.191769167264,-36.5828549659465],[176.197449550008,-36.6279403988194],[176.189577383486,-36.6778365484675],[176.166282233683,-36.7311648990932],[176.226737516576,-36.7573810985728],[176.295600417559,-36.8105441658889],[176.331686766696,-36.8551451822084],[176.34867648412,-36.8936346156107],[176.129307283477,-37.1605823822796],[175.940391299304,-37.3733737154686],[175.916601533595,-37.3793089817871],[175.926047083209,-37.3833455324809],[175.916796215911,-37.39859609881],[175.924542049924,-37.4044185653662],[175.903934232872,-37.4056791161377],[175.913492216922,-37.4255867158939],[175.890842500005,-37.4436862489814],[175.877553216111,-37.4431920486093],[175.877503000409,-37.4510672651387],[175.860858733976,-37.4610998320502],[175.872036366714,-37.4734778661096],[175.880559984001,-37.4695001661826],[175.899286067567,-37.4956830659638],[175.865615432476,-37.5003624986154],[175.832775867547,-37.4716019822796],[175.813526266843,-37.4849100484094],[175.817951767198,-37.492669665997],[175.80602315085,-37.5107014488545],[175.823250783078,-37.5158484990891],[175.831037567161,-37.5368398825511],[175.811717683811,-37.5642675486835],[175.841479199254,-37.6133087820336],[175.833586717054,-37.6274871164388],[175.840799550613,-37.6419344817018],[175.852060017562,-37.6620474153399],[175.865244899742,-37.6681110653802],[175.879495233144,-37.6993115323639],[175.896830750711,-37.7118080323219],[175.895212666902,-37.724222315247],[175.927579717152,-37.7761562824568],[175.905873816571,-37.8285516660683],[175.935005716607,-37.8426369824244],[175.927850265944,-37.8520771991834],[175.939907666226,-37.8680133655396],[175.936250783626,-37.8813630986094],[175.947804283894,-37.878809715667],[175.960931617122,-37.8893971820586],[175.97183378321,-37.8828474157608],[175.954237766777,-37.9019086320357],[175.977187833277,-37.9136730319103],[175.941400900064,-37.9278212824691],[175.949426483942,-37.9567437653934],[175.971103984021,-37.9701547318129],[175.97148018303,-37.9864080317733],[176.013180099542,-37.9934746322776],[176.062251734031,-38.0268229319953],[176.055033083034,-38.0399083660044],[176.075603717465,-38.0495643987817],[176.076502532616,-38.0891981151394],[176.06853655002,-38.0861222657937],[176.063467184155,-38.0952970154644],[176.076220866735,-38.1015841658881],[176.090039567299,-38.1669613491971],[176.110108533104,-38.1668629991388],[176.150334834168,-38.2181863986396],[176.190481867185,-38.1958673490443],[176.194541683432,-38.2083716319635],[176.204315283496,-38.2053456991585],[176.209274283808,-38.2194273318684],[176.224113016616,-38.2273288991527],[176.22170423377,-38.2379500818591],[176.235562966568,-38.2376702825881],[176.264810717095,-38.2147554151081],[176.281073532649,-38.2189060313113],[176.390623467095,-38.323047015945],[176.407793284073,-38.326126098851],[176.440338868525,-38.3133828155203],[176.449924817298,-38.3305247988974],[176.446975900919,-38.3565168656444],[176.468762483446,-38.3589568996426],[176.505324767122,-38.4022137984953],[176.474790016622,-38.5159400824833],[176.475206183821,-38.5443784984216],[176.450980499846,-38.5616572319338],[176.255113766923,-38.8081781824206],[176.258380934139,-38.889990882278],[176.245716116674,-38.8966258652495],[176.242648482743,-38.9172423158549],[176.252300184203,-38.9195121656947],[176.257562950867,-38.9478759656582],[176.145652384107,-39.0399789159623],[176.144623200129,-39.0510153323391],[176.178451083539,-39.0663152654853],[176.172753900509,-39.0784858657653],[176.113663699938,-39.0911383485359],[176.095607134174,-39.1069272492539],[176.087976633405,-39.129673198884],[176.032458950761,-39.0995128823507],[176.03137468358,-39.0782109325372],[176.023066115924,-39.0828830652598],[176.004655716045,-39.1022159987234],[176.003976733486,-39.1129392659089],[175.988798700548,-39.1159269991876],[175.973427017035,-39.1548038651414],[175.964033782887,-39.15952844846],[175.964365549948,-39.1798030159166],[175.885970716449,-39.2058951825939],[175.892665767325,-39.2236447985534],[175.854673949873,-39.2443985984497],[175.868091017121,-39.2630345317107],[175.842560049442,-39.2707194992592],[175.812568800512,-39.3003262155852],[175.751846067299,-39.2878766984544],[175.740867583439,-39.2974185661598],[175.704805633016,-39.2883191486644],[175.669211766569,-39.2969341485147],[175.557854216468,-39.2759983485777],[175.634656366169,-39.1583628823729],[175.647815549564,-39.1000782492712],[175.618746233692,-39.0825950985373],[175.624647066975,-39.0599121824888],[175.613558266883,-39.0506434323802],[175.635769483215,-39.0453150489367],[175.648052500362,-39.0144133818591],[175.682012417332,-38.9797104993201],[175.62688620002,-38.9740059821545],[175.562633650257,-38.9868296989456],[175.569416850392,-38.970142948567],[175.560771266711,-38.9726853485388],[175.553883583448,-38.955715881825],[175.579969833538,-38.9106842487504],[175.544710283351,-38.8645375491562],[175.577187516772,-38.8231707655698],[175.555469649904,-38.7902400988507],[175.541652900394,-38.7951102652453],[175.518350149842,-38.7532862152622],[175.579578984009,-38.6818063987365],[175.575929017405,-38.6498519322745],[175.600341866422,-38.6341246653419],[175.632523250642,-38.5916245817064],[175.636936300315,-38.5524641651264],[175.625371299527,-38.5451540985301],[175.612185166044,-38.4876116152886],[175.565489149852,-38.4945312986261],[175.538244983828,-38.4703271991771],[175.54207909995,-38.4805769652853],[175.45963789993,-38.4843460324645],[175.416102567534,-38.5131907155986],[175.416253099759,-38.5266457491337],[175.40810568341,-38.5338065490866],[175.383466216374,-38.5417711318659],[175.377794750821,-38.5726604491413],[175.335532233852,-38.5815189484612],[175.334675234055,-38.5593161992763],[175.324704566763,-38.5513862663217],[175.302994049543,-38.5714632827158],[175.301897684032,-38.599187182086],[175.285128017346,-38.5879932817718],[175.265322383921,-38.6137150659628],[175.248492583556,-38.6153733658818],[175.222421167086,-38.6364985990345],[175.20770148376,-38.6390231491198],[175.195239550021,-38.6294470663397],[175.173275049598,-38.6273652823295],[175.138895016461,-38.6316042823653],[175.116448882679,-38.6219130489383],[175.093096000699,-38.6380092989107],[175.069453549165,-38.6300666992424],[175.069970166636,-38.6376744820069],[175.051080250832,-38.6493573491814],[175.000472733264,-38.6662597987669],[174.956725750469,-38.6647104155872],[174.96433898347,-38.6968190656263],[174.95328210082,-38.7013594153006],[174.954132900547,-38.7151249484841],[174.934807633453,-38.7305552317619],[174.937845033608,-38.7501585657378],[174.927528950436,-38.7563176323932],[174.896021767537,-38.7547055151157],[174.867691883774,-38.7649935817681],[174.862896367392,-38.7745840657459],[174.828223483091,-38.7610238658781],[174.824202683362,-38.7479954989141],[174.794162216106,-38.7309993990659],[174.753524416681,-38.7448371822144],[174.737636217203,-38.7341001488989],[174.693391033883,-38.7336876659144],[174.687457733857,-38.7278443319001],[174.653984183629,-38.7331777319363],[174.64721744993,-38.7209816162635],[174.616918333415,-38.7228681985199],[174.615248349582,-38.7059867160026],[174.351409417291,-38.7017476817922],[174.375227067272,-38.5823520323502],[174.381264216935,-38.3531488651677],[174.406184199909,-38.2959088659345],[174.451446482855,-38.2472378329572],[174.45171868312,-38.2096247493418],[174.426615783562,-38.1384538324068],[174.368807049212,-38.0964716820756],[174.33203826678,-38.0466377817947],[174.316389633793,-38.0006396496171],[174.314592599828,-37.955152148581],[174.333124716681,-37.8948337817933],[174.373235383128,-37.8428625322948],[174.448070750277,-37.7948723154277],[174.531831099858,-37.7733435488904],[174.561938150103,-37.7280269990639],[174.535686100482,-37.6715527492795],[174.502405850655,-37.6347420984439],[174.481543200531,-37.5963448491397],[174.470994133957,-37.5529643989551],[174.471942933032,-37.5145533987634],[174.45571536688,-37.4706606825878],[174.447390100843,-37.4099554156866],[174.425595882851,-37.36345358185],[174.659231100043,-37.292621098975],[174.658187207885,-37.2820394620231],[174.699699939323,-37.261533275272],[174.722527666011,-37.2581337490811],[174.738882450432,-37.2679387157936],[174.806318866811,-37.2268356323289],[174.848117616431,-37.234199132496],[174.850357416964,-37.2511677153493],[174.886790067491,-37.2306328159245],[174.930763932773,-37.2331090651922],[174.936450450258,-37.214649665136],[174.92994368366,-37.2062330658921],[174.947986433567,-37.1957440318828],[174.973220983469,-37.1947645317188],[174.990258082554,-37.2165854987311],[175.014193033774,-37.1969235490671],[175.029631067505,-37.1961624658314],[175.029157783518,-37.1888474488893],[175.037316166846,-37.1920590154194],[175.054471483236,-37.1807924317957],[175.06609258326,-37.1818843157509],[175.073806983795,-37.1947494986101],[175.086220497776,-37.192518402203],[175.081274983123,-37.1816393986354],[175.089562383403,-37.1795128991029],[175.13073681653,-37.186374515796],[175.141909332698,-37.175761015408],[175.133901817015,-37.1681864654471],[175.144162183602,-37.1676897158246],[175.145245333371,-37.144590732048],[175.153896683601,-37.1361127822194],[175.154202516881,-37.1210204990437],[175.140817900535,-37.09873151533],[175.150459383422,-37.0702958490232],[175.147593649476,-37.054882282381],[175.155607732635,-37.0470428997742],[175.152091033438,-37.0215583490182],[175.160784433483,-37.0159146984784],[175.184762466584,-37.0407648827254],[175.206679483172,-37.0373462492743],[175.207705600245,-37.0300622322443],[175.388645217149,-37.0218973319568],[175.379321416405,-36.9626306485544],[175.311007283265,-36.8383844328642],[175.266637533493,-36.7038436492317],[175.163084382718,-36.5239335153683],[175.251018783159,-36.3997239989241],[175.416920749543,-36.3798891652846],[175.62811641681,-36.3850331984393],[175.903300083901,-36.2582848822176],[175.981331883549,-36.3140754484517],[176.021811100244,-36.3712728658733]]]}},{"type":"Feature","properties":{"name":"Northland","id":"01"},"geometry":{"type":"Polygon","coordinates":[[[173.129633750186,-34.2138817824833],[173.197000500166,-34.24865394912],[173.238431283872,-34.2799453821652],[173.268434565914,-34.3157352658052],[173.290402433297,-34.3621895656172],[173.297862199993,-34.4092461489711],[173.293631600422,-34.4496135826192],[173.279573300008,-34.4883288657295],[173.249558216986,-34.5323397659338],[173.24586553344,-34.566686148562],[173.433647716826,-34.5753323156092],[173.511239100205,-34.5965679488841],[173.559428783947,-34.6247766986288],[173.695040065933,-34.7424272659494],[173.798763866912,-34.7526259160247],[173.87561679972,-34.7720638988056],[173.979908150592,-34.7688994824252],[174.086402050023,-34.7994022985991],[174.158614717131,-34.8496761988306],[174.195323383238,-34.8983517489376],[174.213306816206,-34.9448520822729],[174.232071582493,-34.9562762486643],[174.416167416636,-34.9725633992993],[174.47189691641,-34.9941879487483],[174.517697067368,-35.0251868989362],[174.554404099932,-35.0661236320365],[174.572339616525,-35.0994189321387],[174.583790733174,-35.1414544321931],[174.58573621726,-35.2104105320236],[174.621696133606,-35.2672933485401],[174.673394249794,-35.2505438153287],[174.726202266862,-35.2438559157305],[174.780061283197,-35.2467237155755],[174.837303083941,-35.2611267324146],[174.885987499196,-35.2849725325874],[174.926292716495,-35.3168672659285],[174.956920417391,-35.351904398692],[174.981039800048,-35.4008154320697],[174.993327567291,-35.4769066485433],[174.986263050171,-35.5337936317846],[174.947462383879,-35.6384173325697],[174.885734516532,-35.7021657821606],[174.911383417106,-35.7132833657209],[174.907315667365,-35.8189487492528],[174.880678433114,-35.8929886324147],[174.829786883771,-35.9660458653884],[174.782557599393,-36.0070776657215],[174.605911183786,-36.1216223825447],[174.606801533772,-36.1327832492218],[174.584085749841,-36.1441750655473],[174.580188444853,-36.167034018115],[174.571145216919,-36.1661531986606],[174.562828783282,-36.1790885823768],[174.534572966528,-36.1835109323331],[174.522299700616,-36.1972244489741],[174.52300216601,-36.2100751155384],[174.478300116206,-36.2295239655812],[174.46772244919,-36.2600878824128],[174.453833816838,-36.2532820318792],[174.398988350086,-36.2925602151219],[174.371805416738,-36.2990229492567],[174.342420233446,-36.3198240489395],[174.311840299827,-36.3176414156946],[174.293684849467,-36.3018108320666],[174.239124399779,-36.2962607822521],[174.193070284091,-36.4015704320764],[173.896630632619,-36.5585061992981],[173.852723733083,-36.5238795988443],[173.815474433709,-36.4782833985501],[173.788673984,-36.423211098903],[173.774797665945,-36.3511771484537],[173.719353616441,-36.2716217651341],[173.461412083024,-35.9803399654531],[173.346807250113,-35.8718279653221],[173.28950584978,-35.7986302659504],[173.239443250386,-35.7576910829055],[173.208089083249,-35.7116969154312],[173.166878199458,-35.6713853487497],[173.107343250042,-35.5831779654882],[173.032240783352,-35.5126946654558],[172.952775849961,-35.4178554320016],[172.934082283057,-35.385282965855],[172.841331732672,-35.291941549295],[172.814857816652,-35.2310538158865],[172.810325949919,-35.1669239651544],[172.828245549559,-35.1046633487406],[172.850520216398,-35.065417782244],[172.891021999802,-35.0224032491351],[172.884387532619,-35.0125769324661],[172.740759982953,-34.8457081151544],[172.704138233311,-34.8171459825469],[172.672858599943,-34.7789145152697],[172.619351366817,-34.7428412324019],[172.581232166304,-34.6972721491347],[172.448380267182,-34.6018956491299],[172.403861934039,-34.5329730989197],[172.393545050033,-34.4512111485144],[172.416803333032,-34.3784800317769],[172.5036486836,-34.2828204488934],[172.564133466998,-34.2438677985364],[172.646385433361,-34.2217672821877],[172.696640016625,-34.2203846986296],[172.758486933903,-34.2309112660213],[172.820244816278,-34.2167487825801],[172.89628794941,-34.2158716823443],[172.952444416887,-34.1992447653705],[173.017509517024,-34.1935116318341],[173.06993305063,-34.1972712986874],[173.129633750186,-34.2138817824833]]]}},{"type":"Feature","properties":{"name":"Manawat\u016b-Whanganui","id":"08"},"geometry":{"type":"Polygon","coordinates":[[[175.540455917218,-38.4721909655403],[175.565489149852,-38.4945312986261],[175.612185166044,-38.4876116152886],[175.625371299527,-38.5451540985301],[175.636936300315,-38.5524641651264],[175.628625833807,-38.6005555495818],[175.600341866422,-38.6341246653419],[175.575929017405,-38.6498519322745],[175.579578984009,-38.6818063987365],[175.518453150084,-38.7511069319736],[175.541652900394,-38.7951102652453],[175.555469649904,-38.7902400988507],[175.577593816733,-38.8254596323435],[175.544757500094,-38.8642508990677],[175.579969833538,-38.9106842487504],[175.554054850005,-38.9566577324804],[175.560771266711,-38.9726853485388],[175.569416850392,-38.970142948567],[175.562633650257,-38.9868296989456],[175.62688620002,-38.9740059821545],[175.682012417332,-38.9797104993201],[175.648052500362,-39.0144133818591],[175.635769483215,-39.0453150489367],[175.613558266883,-39.0506434323802],[175.624647066975,-39.0599121824888],[175.618746233692,-39.0825950985373],[175.647815549564,-39.1000782492712],[175.634656366169,-39.1583628823729],[175.557854216468,-39.2759983485777],[175.669211766569,-39.2969341485147],[175.704805633016,-39.2883191486644],[175.740867583439,-39.2974185661598],[175.751846067299,-39.2878766984544],[175.812568800512,-39.3003262155852],[175.842560049442,-39.2707194992592],[175.868091017121,-39.2630345317107],[175.854673949873,-39.2443985984497],[175.892665767325,-39.2236447985534],[175.885970716449,-39.2058951825939],[175.964365549948,-39.1798030159166],[175.964033782887,-39.15952844846],[175.973427017035,-39.1548038651414],[175.988894582552,-39.1157808659959],[176.003976733486,-39.1129392659089],[176.012817100157,-39.0917473152647],[176.03137468358,-39.0782109325372],[176.032458950761,-39.0995128823507],[176.054357582721,-39.1057607159039],[176.085669116774,-39.1294486159799],[176.083489966465,-39.1500480653892],[176.10111336747,-39.169906048807],[176.102402533393,-39.1773709817124],[176.082872516511,-39.1861600989432],[176.090369766803,-39.1999717323511],[176.074985367176,-39.2108945986479],[176.077659850216,-39.2167400986505],[176.091811399397,-39.2109457823921],[176.111032633922,-39.2150624821745],[176.115301867071,-39.2231644490314],[176.080721216862,-39.2599540489988],[176.093623800447,-39.2780268818755],[176.086844433608,-39.2890908658262],[176.10040604955,-39.2947708655661],[176.102427849382,-39.3151907989066],[176.121824616564,-39.3267109822359],[176.115016366156,-39.3392032651874],[176.065825000709,-39.3662970988428],[176.052029600358,-39.3656584158619],[176.04305695014,-39.3814395162044],[176.069063966462,-39.3922875657614],[176.084635649793,-39.3834741984843],[176.111238350357,-39.3844387817269],[176.120483600852,-39.4009418489532],[176.121446267025,-39.4344388658276],[176.144023866749,-39.4484928492111],[176.136946965898,-39.4759365829888],[176.166427467324,-39.5005823656391],[176.194050266928,-39.5050736152143],[176.182279783961,-39.5426057152257],[176.151913949978,-39.5602357152014],[176.154972733178,-39.569456132517],[176.142501383836,-39.5798946817775],[176.152743234133,-39.598279781735],[176.178992216096,-39.6052516157611],[176.18125181693,-39.6169328492734],[176.16509286646,-39.6486541152987],[176.19593793381,-39.6635709657162],[176.200870950604,-39.6729901321392],[176.184232399858,-39.6837800652715],[176.180546516136,-39.7110642320761],[176.169085983457,-39.7179154158025],[176.176852599733,-39.7440490986415],[176.137952616209,-39.8238793824915],[176.13499426737,-39.8505868819661],[176.117204466866,-39.8867672318109],[176.126889200857,-39.8915512320897],[176.126118450458,-39.9047754155386],[176.106834966704,-39.9170879317412],[176.115429766489,-39.9294039157952],[176.109735783943,-39.9418558651087],[176.124499334171,-39.9477579487726],[176.121113700832,-39.9624470823111],[176.093831400626,-39.9955025823651],[176.125497233604,-40.0136023821879],[176.136627349793,-40.0285781329577],[176.154273600004,-40.0122269154227],[176.213544667434,-40.0178171320217],[176.217848700635,-40.0288176154836],[176.238783167094,-40.027332982565],[176.238655184093,-40.0383907153495],[176.262240583171,-40.0450981153188],[176.263760282919,-40.0627133164041],[176.297240933862,-40.0680514817588],[176.320881883562,-40.08562668257],[176.309266616859,-40.1178084491787],[176.313185983474,-40.1239248652051],[176.329604282629,-40.1225069652447],[176.343221117405,-40.1455372151216],[176.378746933611,-40.1581420322956],[176.358695167055,-40.1978819324196],[176.361723350724,-40.215334548839],[176.370168566993,-40.214401265109],[176.370270249526,-40.2342472658048],[176.380311117608,-40.2374218658914],[176.386304650091,-40.2657089984536],[176.378091600134,-40.2724757484854],[176.399216450042,-40.2848784989617],[176.388911283105,-40.3229886329949],[176.405665317105,-40.3330162990429],[176.370642416707,-40.3586216156455],[176.391884514417,-40.3617021369164],[176.391465616318,-40.3777725990442],[176.407041582871,-40.3786433822647],[176.417784500108,-40.3923179325753],[176.436428050879,-40.3915067496773],[176.433905099993,-40.4029373654642],[176.460329283361,-40.4115741987223],[176.491557650324,-40.4119225164069],[176.492859933155,-40.4001288490353],[176.549958166064,-40.4211734659284],[176.55875333293,-40.4072057489763],[176.578523086658,-40.4145987305623],[176.587333666732,-40.4312914495182],[176.589724682814,-40.422553232031],[176.62256904985,-40.4280165152617],[176.892078867646,-40.4931390657754],[176.867847466966,-40.5676765821152],[176.829772183763,-40.6167845986644],[176.772535949957,-40.6572849984444],[176.691295566815,-40.6853732825305],[176.564060066004,-40.8111103824501],[176.332395333742,-40.6977297329198],[176.285471216691,-40.6979415159391],[176.273818733661,-40.6799769157701],[176.257723767027,-40.6747682822055],[176.237486099783,-40.6801932821057],[176.211253483355,-40.6592102819152],[176.200466432547,-40.6725282485572],[176.183896883859,-40.6646780984488],[176.162459316956,-40.6821999991828],[176.152538983301,-40.6769352157602],[176.13306206724,-40.6846186322933],[176.093709200408,-40.6751676490972],[176.079092850347,-40.7074339821562],[176.081979683481,-40.7157076318223],[176.04369340005,-40.7164302992325],[176.017182416132,-40.7056387320245],[176.012523317041,-40.716907981956],[175.995393217049,-40.7250273156053],[175.97400971622,-40.7228803656683],[175.975474667126,-40.7383247992112],[175.943430800542,-40.740651015574],[175.934979383157,-40.7668135825355],[175.909854200786,-40.7509314655331],[175.871636834188,-40.7779047324162],[175.849498549853,-40.7616228992901],[175.842084057112,-40.7692437956768],[175.826916616746,-40.7609207488631],[175.810927467167,-40.7795845992156],[175.788593966938,-40.7679865987207],[175.764739182807,-40.7680905658046],[175.766407049798,-40.7550358659661],[175.790745949158,-40.7255970994795],[175.773931415338,-40.7189606381097],[175.781189650467,-40.7076430651897],[175.770109650134,-40.6988883989094],[175.754180849859,-40.7092966822492],[175.75241098381,-40.6974181317112],[175.720102666832,-40.6966092825682],[175.690650115943,-40.69656233205],[175.693731550383,-40.7162963486787],[175.682336400226,-40.7161346988403],[175.675952000377,-40.729427481716],[175.661530800424,-40.7253872651565],[175.65322246679,-40.7424894817681],[175.627968566766,-40.7426970987307],[175.627697567094,-40.7528001486952],[175.587365182571,-40.7342036989453],[175.560789733451,-40.734868948715],[175.560538366515,-40.7287633486142],[175.473443566663,-40.693397098807],[175.43429019944,-40.7464089828412],[175.371493284147,-40.7268185486366],[175.355763283468,-40.7301107157583],[175.346844850536,-40.75205934882],[175.32834018316,-40.7441590491739],[175.267790249752,-40.7687023496925],[175.235543400171,-40.7560346659438],[175.213232315918,-40.7632399822103],[175.193018366498,-40.7573210161289],[175.188667883569,-40.7430380486618],[175.198723466366,-40.7434307493487],[175.206507450376,-40.732088932503],[175.183773300294,-40.7179005325493],[175.169456033526,-40.7182625153426],[175.170736299937,-40.7107022492455],[174.851413633721,-40.6285913825622],[174.893905582821,-40.6224428495294],[174.941633066433,-40.5011749155586],[174.966273800262,-40.3682192820742],[174.949900766868,-40.2396189987259],[174.93317781733,-40.2035881153577],[174.860210782562,-40.1270515324114],[174.810900132465,-40.1012365155888],[174.770347516498,-40.0671224320358],[174.717183483947,-40.0689590158164],[174.784081849931,-39.8579774488529],[174.766300099713,-39.8528963821733],[174.784898633588,-39.8316027324319],[174.793437883156,-39.8335837319833],[174.803021550403,-39.8030525820162],[174.834534750623,-39.8004896324511],[174.851860700109,-39.7891848487028],[174.850042766442,-39.7775825822958],[174.870272450135,-39.7733021488213],[174.89449260041,-39.7472178496807],[174.909564250003,-39.7417403651837],[174.917863249443,-39.7496895159102],[174.931601550875,-39.7231686990593],[174.921997783022,-39.7038346157042],[174.929930266553,-39.6828598319871],[174.969821599372,-39.6768031484238],[174.987403050492,-39.6662518320972],[174.969679000141,-39.6462569988201],[174.976412850154,-39.6377066151264],[174.967614616965,-39.6052777156828],[174.973660400861,-39.5635325497181],[174.987061933105,-39.5559549160076],[174.991764666591,-39.5403214664268],[174.970283900238,-39.5253806153106],[174.969505533255,-39.5036768492163],[174.961026650276,-39.4928948817807],[174.967331133858,-39.4848013324077],[174.928495867377,-39.4761503152722],[174.904712016764,-39.4451758157417],[174.884563884003,-39.4354912324945],[174.887434983806,-39.414697265525],[174.865884350786,-39.3890866318158],[174.879429200194,-39.3902104820022],[174.891578349989,-39.358056231753],[174.876939949683,-39.3567906157487],[174.8501227668,-39.33674681559],[174.822824065961,-39.3339659984848],[174.812884249792,-39.307851315802],[174.783125199549,-39.2876188156702],[174.769540966677,-39.2838683825827],[174.765290583072,-39.295579415578],[174.756584883594,-39.2899296158657],[174.747802983227,-39.2757990153848],[174.757453066611,-39.2563321324161],[174.745516566973,-39.2416326821704],[174.754614049468,-39.2367101155151],[174.752101100665,-39.2252949153601],[174.699992617348,-39.2057071157595],[174.707963899647,-39.1954749992723],[174.697336816459,-39.1569482819945],[174.702041700132,-39.1487652987858],[174.67516954998,-39.1298299484377],[174.69105590072,-39.1115550156231],[174.722293500396,-39.1066849652808],[174.726183117338,-39.0862233657516],[174.741556699723,-39.0767184825359],[174.757465649557,-39.0880060157495],[174.792692816608,-39.0635271157427],[174.792186483867,-39.0473756985995],[174.775643266518,-39.04359003191],[174.779274366577,-39.022434415923],[174.764415417466,-39.0047909490972],[174.775834917188,-38.9927035984993],[174.765530365875,-38.9881527652532],[174.787022500612,-38.9832591657617],[174.799521684084,-38.9714037652887],[174.780931999311,-38.9605871991665],[174.792648316594,-38.9403031991938],[174.784258733996,-38.9206473992052],[174.794987116695,-38.915881249155],[174.80239575064,-38.9254967489298],[174.822140516428,-38.9255696819878],[174.832132749811,-38.9151116159295],[174.820701400197,-38.8867402989567],[174.807625066821,-38.8818744659759],[174.798771383128,-38.8652667990694],[174.799258649753,-38.8289259161815],[174.78663521676,-38.820959881931],[174.807821967323,-38.8199961820781],[174.819981433259,-38.7870141152176],[174.858842983682,-38.7819692154884],[174.867223433032,-38.7652928158447],[174.896021767537,-38.7547055151157],[174.927528950436,-38.7563176323932],[174.937845033608,-38.7501585657378],[174.934807633453,-38.7305552317619],[174.954132900547,-38.7151249484841],[174.95328210082,-38.7013594153006],[174.96433898347,-38.6968190656263],[174.956178249822,-38.665101548812],[175.000472733264,-38.6662597987669],[175.051080250832,-38.6493573491814],[175.069970166636,-38.6376744820069],[175.069453549165,-38.6300666992424],[175.093096000699,-38.6380092989107],[175.116448882679,-38.6219130489383],[175.138895016461,-38.6316042823653],[175.173275049598,-38.6273652823295],[175.195239550021,-38.6294470663397],[175.20770148376,-38.6390231491198],[175.222421167086,-38.6364985990345],[175.248492583556,-38.6153733658818],[175.265322383921,-38.6137150659628],[175.285128017346,-38.5879932817718],[175.301897684032,-38.599187182086],[175.302994049543,-38.5714632827158],[175.324704566763,-38.5513862663217],[175.334675234055,-38.5593161992763],[175.335532233852,-38.5815189484612],[175.377794750821,-38.5726604491413],[175.383466216374,-38.5417711318659],[175.395456500331,-38.5431026157693],[175.415140750411,-38.5281188658303],[175.415866966476,-38.5134921825221],[175.443076277055,-38.4988628602327],[175.439164516923,-38.492638565137],[175.480939533798,-38.4788807492253],[175.484523733375,-38.4840340490174],[175.54207909995,-38.4805769652853],[175.540455917218,-38.4721909655403]]]}},{"type":"Feature","properties":{"name":"Bay of Plenty","id":"04"},"geometry":{"type":"Polygon","coordinates":[[[176.520435984065,-37.3548683154547],[176.586979267365,-37.3861516990019],[176.632755650657,-37.4256429485677],[176.676661167347,-37.4462510819715],[176.719653849636,-37.478557099123],[176.790795882824,-37.5782381155741],[176.808619434081,-37.6230539157974],[176.884089517531,-37.6148516654934],[176.950244450504,-37.6225704490272],[176.896266383293,-37.5594936820574],[176.876151483756,-37.492535432327],[176.885945766704,-37.4240627485987],[176.932395216887,-37.3526373325598],[177.005823532564,-37.3031310313124],[177.101052083389,-37.2771889820775],[177.193396883671,-37.2814883658495],[177.279918183086,-37.3133819823041],[177.364127750597,-37.3654791317982],[177.407744133172,-37.4061546492039],[177.440334284082,-37.4669385991677],[177.447708800809,-37.5320221486611],[177.424999433775,-37.6094419320249],[177.359880600306,-37.6811237325475],[177.284665100561,-37.7205225984375],[177.190372867096,-37.7366158989333],[177.223721267027,-37.7838104321907],[177.247472500975,-37.7899920323938],[177.311438617098,-37.7893447656455],[177.348749634227,-37.7659900986989],[177.376243367754,-37.7237356988205],[177.427271466642,-37.6740380490716],[177.462641867183,-37.6189829490101],[177.564746850202,-37.5234244157904],[177.629533650631,-37.4910898828818],[177.702293516774,-37.4759589659915],[177.758386183382,-37.4400307321069],[177.819298416957,-37.3797869990142],[177.863960434391,-37.3559215992399],[177.916966117107,-37.3396077987947],[177.978840550133,-37.3330644321474],[178.06487275163,-37.3380762115006],[178.085284051399,-37.5423911618254],[178.107554900509,-37.598715966125],[178.03981255096,-37.5975444660928],[177.986683351831,-37.6087571306614],[177.978267183882,-37.6167691485828],[177.975142566845,-37.6302212319768],[177.989634917557,-37.6449229993022],[177.992370900774,-37.6905354153664],[177.998194600558,-37.689669598424],[177.986599434,-37.69721746516],[177.993304717734,-37.7165880318913],[177.978614767031,-37.7308054484208],[177.978185467377,-37.7443100990155],[177.992239617148,-37.75289231572],[177.994474550228,-37.7643818322897],[178.038827200256,-37.7330791823137],[178.073006950212,-37.7635896986081],[177.972290351433,-37.8450055296077],[177.860967449989,-38.1116561656374],[177.849019834045,-38.1112778984129],[177.739984234423,-38.0420469641535],[177.724356651248,-38.0226497299442],[177.681143833584,-38.0123933992524],[177.674318083671,-38.0249369679701],[177.697484493659,-38.0627188486776],[177.676715853425,-38.0865993681752],[177.685854456708,-38.0831751154191],[177.694169190684,-38.0934198813897],[177.689779904262,-38.0977354930427],[177.703256405848,-38.1063988416346],[177.664122412194,-38.1169273071178],[177.650787407669,-38.1410521832543],[177.653590650033,-38.1585847138473],[177.602403500352,-38.1711878135547],[177.604788567012,-38.1866207638829],[177.573234933545,-38.1926641658643],[177.556463733844,-38.2047027323925],[177.56037391692,-38.2093788799481],[177.5336623166,-38.2093023315254],[177.533330617114,-38.2183601642568],[177.500967167072,-38.2134472979535],[177.491827300162,-38.2397302147151],[177.481751332767,-38.2399191977926],[177.491094266445,-38.2500409980107],[177.489894584289,-38.2611140147143],[177.497550117303,-38.2607679808321],[177.484279934166,-38.2744523148207],[177.486298650876,-38.2962676145946],[177.463687900647,-38.3335362648277],[177.236922317538,-38.4263417978934],[177.254514399423,-38.513159448154],[177.240891682843,-38.510209048212],[177.225825533316,-38.5341048814541],[177.202545450553,-38.5243169652498],[177.166252233449,-38.5678181477782],[177.166996883345,-38.5778129810769],[177.150786433138,-38.5842760645189],[177.138186033632,-38.5768016143125],[177.12006390034,-38.5852727479723],[177.099737350605,-38.6274443813486],[177.077908199821,-38.6106439479241],[177.06075853339,-38.6220990483894],[177.045979500254,-38.6208022312481],[177.026955266525,-38.6395145475885],[177.017001567002,-38.6671708648089],[176.971565416858,-38.7047068650187],[176.961856517092,-38.6968338328153],[176.929200750319,-38.6981705492682],[176.899484700864,-38.682586965084],[176.88683716705,-38.66650271573],[176.861352932969,-38.6800556992326],[176.845608917574,-38.6725245490424],[176.822509566825,-38.691362315231],[176.799390566972,-38.6805252491416],[176.773274150005,-38.6844961652956],[176.759231266925,-38.7088505652919],[176.744218600367,-38.7119322989033],[176.742882900548,-38.7277592654813],[176.727100433259,-38.7218041651229],[176.714077133449,-38.7278770652388],[176.707925099657,-38.7890485318651],[176.692032500838,-38.8062508489236],[176.704065566732,-38.8270818490428],[176.696655450284,-38.8564268318196],[176.678365816617,-38.8555712819343],[176.676242017171,-38.8402745984323],[176.659019600085,-38.8351959491894],[176.6520851505,-38.8221838659636],[176.608144517117,-38.8228549653004],[176.589738450572,-38.8353424993805],[176.560575999924,-38.8001979492904],[176.519906866653,-38.7971442486188],[176.508539266632,-38.8129395824865],[176.509347933536,-38.8530132659105],[176.496947450762,-38.857934332423],[176.495325100497,-38.8814105654451],[176.466188400876,-38.8927804827213],[176.460786900802,-38.9112530320043],[176.44169208329,-38.9203231154875],[176.468164783225,-38.9415194652118],[176.434806266922,-38.9688538494313],[176.45530170027,-38.9890535154994],[176.448036800233,-39.0040913488587],[176.436794699691,-39.0050852655343],[176.381572183857,-38.9884700158118],[176.358173466511,-38.9584122158985],[176.334211017448,-38.9544342821056],[176.314201683654,-38.9228261328043],[176.31137370065,-38.9027072154228],[176.258380934139,-38.889990882278],[176.255113766923,-38.8081781824206],[176.450980499846,-38.5616572319338],[176.475206183821,-38.5443784984216],[176.474790016622,-38.5159400824833],[176.505324767122,-38.4022137984953],[176.468762483446,-38.3589568996426],[176.446975900919,-38.3565168656444],[176.449924817298,-38.3305247988974],[176.440338868525,-38.3133828155203],[176.407793284073,-38.326126098851],[176.390623467095,-38.323047015945],[176.281073532649,-38.2189060313113],[176.264810717095,-38.2147554151081],[176.235562966568,-38.2376702825881],[176.22170423377,-38.2379500818591],[176.224113016616,-38.2273288991527],[176.209274283808,-38.2194273318684],[176.204315283496,-38.2053456991585],[176.194541683432,-38.2083716319635],[176.190481867185,-38.1958673490443],[176.150334834168,-38.2181863986396],[176.110108533104,-38.1668629991388],[176.090039567299,-38.1669613491971],[176.076220866735,-38.1015841658881],[176.063467184155,-38.0952970154644],[176.06853655002,-38.0861222657937],[176.076502532616,-38.0891981151394],[176.075603717465,-38.0495643987817],[176.055033083034,-38.0399083660044],[176.062251734031,-38.0268229319953],[176.013180099542,-37.9934746322776],[175.97148018303,-37.9864080317733],[175.971103984021,-37.9701547318129],[175.949426483942,-37.9567437653934],[175.941400900064,-37.9278212824691],[175.977187833277,-37.9136730319103],[175.954237766777,-37.9019086320357],[175.97183378321,-37.8828474157608],[175.960931617122,-37.8893971820586],[175.947804283894,-37.878809715667],[175.936250783626,-37.8813630986094],[175.939907666226,-37.8680133655396],[175.927850265944,-37.8520771991834],[175.935005716607,-37.8426369824244],[175.905873816571,-37.8285516660683],[175.927579717152,-37.7761562824568],[175.895212666902,-37.724222315247],[175.896830750711,-37.7118080323219],[175.879495233144,-37.6993115323639],[175.833586717054,-37.6274871164388],[175.841479199254,-37.6133087820336],[175.811346466933,-37.5608161821468],[175.830835383198,-37.5356379320885],[175.82352308327,-37.5161477155775],[175.80592081709,-37.5080144656172],[175.817348466498,-37.4946720988071],[175.813526266843,-37.4849100484094],[175.832775867547,-37.4716019822796],[175.865615432476,-37.5003624986154],[175.899286067567,-37.4956830659638],[175.880559984001,-37.4695001661826],[175.872036366714,-37.4734778661096],[175.860858733976,-37.4610998320502],[175.877503000409,-37.4510672651387],[175.877553216111,-37.4431920486093],[175.890842500005,-37.4436862489814],[175.913492216922,-37.4255867158939],[175.903934232872,-37.4056791161377],[175.924542049924,-37.4044185653662],[175.916796215911,-37.39859609881],[175.926047083209,-37.3833455324809],[175.916601533595,-37.3793089817871],[175.940391299304,-37.3733737154686],[176.129307283477,-37.1605823822796],[176.34867648412,-36.8936346156107],[176.355736950625,-36.9362312662844],[176.351869783615,-36.9884314153606],[176.313352783933,-37.0668150152309],[176.411436617145,-37.0985290323997],[176.458449817181,-37.1307277322696],[176.49666603268,-37.1709245817795],[176.518547400249,-37.209640482607],[176.529860183701,-37.2520221822014],[176.529481200313,-37.2956542157772],[176.514629583728,-37.3530848990808],[176.520435984065,-37.3548683154547]]]}},{"type":"Feature","properties":{"name":"Hawke's Bay","id":"06"},"geometry":{"type":"Polygon","coordinates":[[[177.128244733071,-38.5864337809888],[177.307560649885,-38.6597041981901],[177.308989067491,-38.5969005814853],[177.353425167492,-38.624557864669],[177.392428650562,-38.6220589474891],[177.447906750032,-38.635943881075],[177.4514997498,-38.6399036979359],[177.431030449937,-38.6692113987964],[177.418742716111,-38.6738808814333],[177.408751183357,-38.6993750477589],[177.429304800061,-38.692179581508],[177.439666050028,-38.7040955811454],[177.466231917155,-38.7056116981832],[177.475880533268,-38.731756998221],[177.467531066795,-38.7442810476827],[177.469891717252,-38.7554410647389],[177.483526566998,-38.7550563643292],[177.494212084077,-38.7779742812977],[177.514434183499,-38.7744484145204],[177.531273967047,-38.7915489983396],[177.538935216718,-38.8126356147496],[177.530646100058,-38.8197076308284],[177.560963100244,-38.8016086972514],[177.593134817028,-38.8031373973712],[177.590458417023,-38.8284453138176],[177.599781183533,-38.8518981640511],[177.6260747993,-38.8433757135206],[177.636919267612,-38.8710866974094],[177.639397534051,-38.8612103967228],[177.647908083784,-38.8627805973774],[177.66238171723,-38.8458217469981],[177.660163933452,-38.9047009139901],[177.673993100075,-38.8990384134841],[177.710644350601,-38.9064871801364],[177.721744850099,-38.8982752804983],[177.729354499385,-38.9033729633529],[177.728901449892,-38.9188038301202],[177.749234534204,-38.8966736305321],[177.776123151299,-38.9128123634638],[177.799025001887,-38.8943902974176],[177.804738785194,-38.9118177800678],[177.821942284502,-38.9216863974368],[177.830480984761,-38.9116131134586],[177.844527634987,-38.9215034302149],[177.834796918296,-38.9527794134671],[177.860903900711,-38.965164246057],[178.226838350534,-39.001627766304],[178.257138534179,-39.0642993489144],[178.262119067248,-39.1244786322884],[178.244896633746,-39.1807963155022],[178.202217417089,-39.240675198586],[178.204449067225,-39.28834038221],[178.19347300069,-39.3315970653173],[178.154674317442,-39.390766398771],[178.094289233242,-39.4360567987969],[177.957191233995,-39.4968516163051],[177.863217684122,-39.5083752818076],[177.755588717476,-39.4880521153558],[177.668874333036,-39.4385880987722],[177.616534816497,-39.3676648324806],[177.58997960098,-39.2545747984812],[177.431110949944,-39.2661984492994],[177.295471116818,-39.3095931642041],[177.354568267026,-39.6142905648515],[177.353078750813,-39.6789757983246],[177.335032884208,-39.7240396809568],[177.28804008353,-39.7892963149656],[177.294198599532,-39.8453829481331],[177.280299816053,-39.8992473981954],[177.249161049576,-39.9466324984015],[177.203027849954,-39.9860612152959],[177.162530299828,-40.0554662809367],[177.158990367438,-40.1081460150152],[177.135076633176,-40.1751769314576],[177.092006333396,-40.2440821647012],[176.991840217367,-40.3519656482758],[176.917932316925,-40.3995851988773],[176.903902950567,-40.4220805825439],[176.892078867646,-40.4931390657754],[176.62256904985,-40.4280165152617],[176.589724682814,-40.422553232031],[176.587333666732,-40.4312914495182],[176.578523086658,-40.4145987305623],[176.55875333293,-40.4072057489763],[176.549958166064,-40.4211734659284],[176.492859933155,-40.4001288490353],[176.491557650324,-40.4119225164069],[176.439720799997,-40.4065134989889],[176.433905099993,-40.4029373654642],[176.436759100121,-40.39172228177],[176.417784500108,-40.3923179325753],[176.407041582871,-40.3786433822647],[176.387094183283,-40.373842415406],[176.391884514417,-40.3617021369164],[176.370642416707,-40.3586216156455],[176.405665317105,-40.3330162990429],[176.388911283105,-40.3229886329949],[176.399216450042,-40.2848784989617],[176.378091600134,-40.2724757484854],[176.386304650091,-40.2657089984536],[176.380311117608,-40.2374218658914],[176.370270249526,-40.2342472658048],[176.370168566993,-40.214401265109],[176.361723350724,-40.215334548839],[176.358695167055,-40.1978819324196],[176.378746933611,-40.1581420322956],[176.343221117405,-40.1455372151216],[176.329604282629,-40.1225069652447],[176.31044100028,-40.1211103658083],[176.320881883562,-40.08562668257],[176.297240933862,-40.0680514817588],[176.263760282919,-40.0627133164041],[176.262240583171,-40.0450981153188],[176.238655184093,-40.0383907153495],[176.238783167094,-40.027332982565],[176.217848700635,-40.0288176154836],[176.213544667434,-40.0178171320217],[176.154273600004,-40.0122269154227],[176.136627349793,-40.0285781329577],[176.125497233604,-40.0136023821879],[176.093831400626,-39.9955025823651],[176.121113700832,-39.9624470823111],[176.124499334171,-39.9477579487726],[176.109735783943,-39.9418558651087],[176.115429766489,-39.9294039157952],[176.106834966704,-39.9170879317412],[176.126118450458,-39.9047754155386],[176.126889200857,-39.8915512320897],[176.117204466866,-39.8867672318109],[176.13499426737,-39.8505868819661],[176.137952616209,-39.8238793824915],[176.176852599733,-39.7440490986415],[176.169085983457,-39.7179154158025],[176.180546516136,-39.7110642320761],[176.184232399858,-39.6837800652715],[176.200870950604,-39.6729901321392],[176.19593793381,-39.6635709657162],[176.16509286646,-39.6486541152987],[176.18125181693,-39.6169328492734],[176.178992216096,-39.6052516157611],[176.152743234133,-39.598279781735],[176.142501383836,-39.5798946817775],[176.154972733178,-39.569456132517],[176.151913949978,-39.5602357152014],[176.182279783961,-39.5426057152257],[176.193852733386,-39.5045384159339],[176.166427467324,-39.5005823656391],[176.136946965898,-39.4759365829888],[176.144023866749,-39.4484928492111],[176.121446267025,-39.4344388658276],[176.120483600852,-39.4009418489532],[176.111238350357,-39.3844387817269],[176.084635649793,-39.3834741984843],[176.069063966462,-39.3922875657614],[176.042947366938,-39.3810367162522],[176.052029600358,-39.3656584158619],[176.065825000709,-39.3662970988428],[176.115016366156,-39.3392032651874],[176.121801466864,-39.3270791317561],[176.102427849382,-39.3151907989066],[176.10040604955,-39.2947708655661],[176.086844433608,-39.2890908658262],[176.093623800447,-39.2780268818755],[176.080721216862,-39.2599540489988],[176.115489433371,-39.2187842651019],[176.093998666821,-39.2109403991313],[176.077659850216,-39.2167400986505],[176.074985367176,-39.2108945986479],[176.090369766803,-39.1999717323511],[176.082811216985,-39.1867594154402],[176.086837749173,-39.1803706485158],[176.102875600707,-39.1766742321253],[176.083489966465,-39.1500480653892],[176.08461430017,-39.1307657489774],[176.096407032495,-39.1195709161435],[176.095607134174,-39.1069272492539],[176.113663699938,-39.0911383485359],[176.172753900509,-39.0784858657653],[176.176476333143,-39.0636340154731],[176.145750150254,-39.0519182325329],[176.144862400025,-39.0412352821235],[176.257562950867,-38.9478759656582],[176.252300184203,-38.9195121656947],[176.242861249952,-38.9202543489928],[176.250592333268,-38.8917261817081],[176.310214916849,-38.9019777156873],[176.314201683654,-38.9228261328043],[176.334211017448,-38.9544342821056],[176.358173466511,-38.9584122158985],[176.381572183857,-38.9884700158118],[176.448036800233,-39.0040913488587],[176.45530170027,-38.9890535154994],[176.434806266922,-38.9688538494313],[176.468164783225,-38.9415194652118],[176.44169208329,-38.9203231154875],[176.460786900802,-38.9112530320043],[176.466188400876,-38.8927804827213],[176.495325100497,-38.8814105654451],[176.496947450762,-38.857934332423],[176.509347933536,-38.8530132659105],[176.508539266632,-38.8129395824865],[176.519906866653,-38.7971442486188],[176.560575999924,-38.8001979492904],[176.589738450572,-38.8353424993805],[176.608144517117,-38.8228549653004],[176.6520851505,-38.8221838659636],[176.659019600085,-38.8351959491894],[176.676242017171,-38.8402745984323],[176.678365816617,-38.8555712819343],[176.696655450284,-38.8564268318196],[176.704065566732,-38.8270818490428],[176.692032500838,-38.8062508489236],[176.707925099657,-38.7890485318651],[176.714077133449,-38.7278770652388],[176.727100433259,-38.7218041651229],[176.742882900548,-38.7277592654813],[176.744218600367,-38.7119322989033],[176.759231266925,-38.7088505652919],[176.773274150005,-38.6844961652956],[176.799390566972,-38.6805252491416],[176.822509566825,-38.691362315231],[176.845608917574,-38.6725245490424],[176.861352932969,-38.6800556992326],[176.88683716705,-38.66650271573],[176.899484700864,-38.682586965084],[176.929200750319,-38.6981705492682],[176.961856517092,-38.6968338328153],[176.971565416858,-38.7047068650187],[177.017001567002,-38.6671708648089],[177.03587746635,-38.6283687316553],[177.077082150667,-38.6106066146676],[177.099737350605,-38.6274443813486],[177.107069349845,-38.602547531338],[177.120234150029,-38.5851331313821],[177.128244733071,-38.5864337809888]]]}},{"type":"Feature","properties":{"name":"Marlborough","id":"18"},"geometry":{"type":"Polygon","coordinates":[[[174.539677416164,-41.1053855819898],[174.514785067496,-41.2157199319262],[174.388038183201,-41.4271500817631],[174.41297103314,-41.4693828323235],[174.395000450265,-41.4803859822931],[174.420167832758,-41.5434347489884],[174.495439533332,-41.5921600822196],[174.551678650602,-41.6669753484762],[174.567428183402,-41.7315276824264],[174.561918066903,-41.7840958319436],[174.54361780087,-41.8255008655481],[174.514736283469,-41.8637707153698],[174.44767848306,-41.9141856822794],[174.385018750439,-41.9886466657194],[174.264102583983,-42.0992151316828],[174.047666049426,-41.9682343494132],[174.060269250126,-41.9543886486977],[174.057514800394,-41.9392391324038],[174.063439932803,-41.9347080161901],[174.049405183046,-41.9290879318917],[174.01956706624,-41.9395349158985],[174.003553800374,-41.932064749236],[173.977168099614,-41.933350865762],[173.979392899922,-41.9256132160022],[173.965272066399,-41.9228685653712],[173.958768766387,-41.9085031326811],[173.930533667264,-41.9207896488756],[173.91455766632,-41.9152107488596],[173.851225483697,-41.933061099297],[173.817293316505,-41.9329773826729],[173.789452550541,-41.9581792661303],[173.766864066128,-41.9218039655954],[173.753968783708,-41.9144552987868],[173.762106250259,-41.9118930653379],[173.744407866768,-41.9073730988408],[173.714284500138,-41.9404639659075],[173.720245883039,-41.9607597653534],[173.663218566729,-41.9821028821129],[173.66283218391,-41.9959468988992],[173.63814978284,-42.0093719322574],[173.609705917526,-42.0045268322203],[173.594504232629,-42.0292895492761],[173.571320149849,-42.0329968657734],[173.555140882884,-42.0459223821756],[173.54683611632,-42.0697877989364],[173.517665599475,-42.0693933994722],[173.499134666494,-42.0787371488219],[173.484015367241,-42.0994118660373],[173.486507366283,-42.1104490160277],[173.463068917135,-42.117810999087],[173.484251799732,-42.1813390153426],[173.464025767588,-42.1797541817889],[173.464463350147,-42.1956736989669],[173.443375550001,-42.2021050323351],[173.436962100776,-42.21418309927],[173.422183566996,-42.2090455488493],[173.397543366762,-42.2211455318381],[173.383855467389,-42.2171456823234],[173.368181099703,-42.2246368158737],[173.373192282592,-42.2368075488633],[173.351138799725,-42.2427118484417],[173.341548516668,-42.2279030324463],[173.333322583374,-42.2466491318421],[173.296454350226,-42.2480325987691],[173.302007466098,-42.2563038159198],[173.29587160072,-42.2657535490595],[173.24452471748,-42.3031041152199],[173.2072178835,-42.3170245322711],[173.204881249109,-42.3340299488753],[173.18316881632,-42.3369018984784],[173.180651466067,-42.3464040489606],[173.225900599449,-42.346328448577],[173.243316799637,-42.3560847661618],[173.223766100539,-42.3566849320333],[173.220672433386,-42.3801006657737],[173.209070717359,-42.3830517484028],[173.190218266415,-42.4103338159612],[173.164304432911,-42.4185066321447],[173.152320199773,-42.4496027654289],[173.106250949659,-42.4476811324931],[173.095805317338,-42.4607526321289],[173.076103767232,-42.4609189653297],[173.069215166417,-42.4806947817713],[173.053804033522,-42.4881182822026],[173.035789000756,-42.4834705319356],[173.033344850074,-42.4582880822437],[173.014494249158,-42.4462914989819],[172.999223516928,-42.4523808656514],[172.969527617272,-42.4486811492644],[173.002890673971,-42.3932774530162],[172.974455016388,-42.3953462989865],[172.94139345023,-42.3778250325795],[172.943751499855,-42.3511852655842],[172.919557032466,-42.3458105485998],[172.914974833837,-42.3092846658252],[172.869523516664,-42.317669165624],[172.846882082415,-42.3079440820123],[172.842252883524,-42.2895885325262],[172.863463783553,-42.2562399157345],[172.826563750091,-42.2482291324845],[172.822681233486,-42.2086649490039],[172.832054983601,-42.184457415943],[172.806947817351,-42.1894746992548],[172.795767150043,-42.1796022152353],[172.793793600145,-42.1617076318711],[172.749551483015,-42.1723665319293],[172.721639466828,-42.1586982823601],[172.718764849791,-42.1396106990071],[172.726011250483,-42.1347075994892],[172.718588516623,-42.112778148951],[172.735298850308,-42.0578953153712],[172.733001316117,-42.0345095660334],[172.756788816803,-42.036165865951],[172.772955049991,-42.0225504488795],[172.783317533382,-42.0089224989403],[172.778844083093,-41.9982906154096],[172.809299866776,-41.9751069658078],[172.808063683128,-41.9581345986446],[172.846455900184,-41.9432049988683],[172.861112533291,-41.9224653322685],[172.864627800437,-41.9078630826061],[172.844720516974,-41.8908901160484],[172.847570550194,-41.8742874654125],[172.867821383386,-41.8663833494845],[172.872541766672,-41.8439587990012],[172.89100443274,-41.818212182809],[172.945680016473,-41.7809333321772],[172.939056717058,-41.7725810826952],[172.944389567159,-41.766085616142],[172.933060765931,-41.7691753158281],[172.926038067371,-41.7484081984032],[172.957889266793,-41.7495203493136],[173.003790383013,-41.7248034659428],[173.057375583229,-41.6684607488649],[173.058699733661,-41.6257373657681],[173.089263032772,-41.6241544657315],[173.103431833933,-41.6102937996539],[173.121479282967,-41.6080185326126],[173.132059433014,-41.589708715542],[173.151614982744,-41.5854710827112],[173.174596316212,-41.5423679824698],[173.172444349543,-41.5240866153448],[173.186267699811,-41.5288087152717],[173.21560048373,-41.5182318492825],[173.249271216335,-41.5244924823449],[173.298524849703,-41.5157345490763],[173.304149500504,-41.5060321327105],[173.250831384127,-41.4665801156234],[173.294850917092,-41.4256370320288],[173.286134084019,-41.4011432823569],[173.337523967298,-41.3855447824831],[173.360745550761,-41.353195381712],[173.40678916666,-41.3309583492428],[173.420767049966,-41.3084339653808],[173.415507816711,-41.2887827659909],[173.471147800396,-41.2428021984037],[173.476165467425,-41.2289434659543],[173.515799183529,-41.2138956824341],[173.522333217088,-41.1982854154442],[173.574418550213,-41.1837184657753],[173.579098716458,-41.1240626991622],[173.596564615854,-41.0893054151177],[173.597027900033,-41.0580811818072],[173.500671132954,-40.8628737988842],[173.530979115988,-40.7635256824238],[173.594996967231,-40.6590114488749],[173.635975599892,-40.6165016656579],[173.713639633495,-40.5659714990944],[173.874049133301,-40.4851789658993],[173.957623300273,-40.463303882429],[174.070684150422,-40.46827064937],[174.126948300064,-40.4859389988531],[174.172390050226,-40.5102047653255],[174.237914549703,-40.5711136651105],[174.260958283439,-40.6123060658958],[174.271513099756,-40.6567402653408],[174.297899367214,-40.6919953152138],[174.314594065993,-40.7304869985517],[174.372965549947,-40.7855120989268],[174.469506233458,-40.8130121657205],[174.542550900741,-40.8642618650937],[174.603475650612,-40.8958615822079],[174.559164083156,-41.0241879989204],[174.539677416164,-41.1053855819898]]]}},{"type":"Feature","properties":{"name":"Auckland","id":"02"},"geometry":{"type":"Polygon","coordinates":[[[175.083831183436,-35.6998300317599],[175.153866017224,-35.7015799821409],[175.216664433585,-35.7162456822278],[175.323113433406,-35.7706509825374],[175.378862816758,-35.8252392323207],[175.484865084133,-35.8337734160001],[175.570814266716,-35.8734731658753],[175.605929800259,-35.9042752654081],[175.638835549599,-35.9475888152899],[175.704037833739,-35.9910097151514],[175.742184917074,-36.0397915155579],[175.763351966437,-36.1097103320229],[175.754963033296,-36.1856768485786],[175.778960800428,-36.2279805986214],[175.84303236695,-36.2366226490475],[175.903300083901,-36.2582848822176],[175.62811641681,-36.3850331984393],[175.416920749543,-36.3798891652846],[175.251018783159,-36.3997239989241],[175.163084382718,-36.5239335153683],[175.266637533493,-36.7038436492317],[175.311007283265,-36.8383844328642],[175.379321416405,-36.9626306485544],[175.388645217149,-37.0218973319568],[175.207705600245,-37.0300622322443],[175.206679483172,-37.0373462492743],[175.184762466584,-37.0407648827254],[175.160784433483,-37.0159146984784],[175.152091033438,-37.0215583490182],[175.155607732635,-37.0470428997742],[175.147593649476,-37.054882282381],[175.150459383422,-37.0702958490232],[175.140817900535,-37.09873151533],[175.154202516881,-37.1210204990437],[175.153896683601,-37.1361127822194],[175.145245333371,-37.144590732048],[175.144162183602,-37.1676897158246],[175.133901817015,-37.1681864654471],[175.141909332698,-37.175761015408],[175.13073681653,-37.186374515796],[175.089562383403,-37.1795128991029],[175.081274983123,-37.1816393986354],[175.086220497776,-37.192518402203],[175.073806983795,-37.1947494986101],[175.06609258326,-37.1818843157509],[175.054471483236,-37.1807924317957],[175.037316166846,-37.1920590154194],[175.029157783518,-37.1888474488893],[175.029631067505,-37.1961624658314],[175.014193033774,-37.1969235490671],[174.990258082554,-37.2165854987311],[174.973220983469,-37.1947645317188],[174.947986433567,-37.1957440318828],[174.92994368366,-37.2062330658921],[174.936450450258,-37.214649665136],[174.930763932773,-37.2331090651922],[174.886790067491,-37.2306328159245],[174.850357416964,-37.2511677153493],[174.848117616431,-37.234199132496],[174.806318866811,-37.2268356323289],[174.738882450432,-37.2679387157936],[174.722527666011,-37.2581337490811],[174.699699939323,-37.261533275272],[174.658187207885,-37.2820394620231],[174.659231100043,-37.292621098975],[174.425595882851,-37.36345358185],[174.339249633989,-37.2142159484901],[174.287746916726,-37.176850231846],[174.252515266453,-37.1318521159223],[174.17023915043,-36.8671814484438],[174.140739166623,-36.8221469825194],[174.059337050187,-36.7101919161245],[173.993911233553,-36.638990282308],[173.967555650825,-36.610547232556],[173.896630632619,-36.5585061992981],[174.193070284091,-36.4015704320764],[174.239124399779,-36.2962607822521],[174.293684849467,-36.3018108320666],[174.311840299827,-36.3176414156946],[174.342420233446,-36.3198240489395],[174.371805416738,-36.2990229492567],[174.398988350086,-36.2925602151219],[174.453833816838,-36.2532820318792],[174.468166666967,-36.2597729322189],[174.478300116206,-36.2295239655812],[174.52300216601,-36.2100751155384],[174.522299700616,-36.1972244489741],[174.534572966528,-36.1835109323331],[174.562828783282,-36.1790885823768],[174.571145216919,-36.1661531986606],[174.580188444853,-36.167034018115],[174.584085749841,-36.1441750655473],[174.606801533772,-36.1327832492218],[174.605911183786,-36.1216223825447],[174.782557599393,-36.0070776657215],[174.829786883771,-35.9660458653884],[174.87273903332,-35.9071048323289],[174.898303499792,-35.851154115571],[174.912089699767,-35.7881335985882],[174.911383417106,-35.7132833657209],[174.932016866743,-35.724722166172],[175.007370200433,-35.7020322152586],[175.083831183436,-35.6998300317599]]]}},{"type":"Feature","properties":{"name":"Wellington","id":"09"},"geometry":{"type":"Polygon","coordinates":[[[175.173208765826,-40.7196368991065],[175.183773300294,-40.7179005325493],[175.206507450376,-40.732088932503],[175.198723466366,-40.7434307493487],[175.188667883569,-40.7430380486618],[175.193018366498,-40.7573210161289],[175.213232315918,-40.7632399822103],[175.235543400171,-40.7560346659438],[175.268731266947,-40.7687111151152],[175.32834018316,-40.7441590491739],[175.346844850536,-40.75205934882],[175.355763283468,-40.7301107157583],[175.371493284147,-40.7268185486366],[175.43429019944,-40.7464089828412],[175.473443566663,-40.693397098807],[175.560538366515,-40.7287633486142],[175.560789733451,-40.734868948715],[175.587365182571,-40.7342036989453],[175.627697567094,-40.7528001486952],[175.627968566766,-40.7426970987307],[175.65322246679,-40.7424894817681],[175.661530800424,-40.7253872651565],[175.675952000377,-40.729427481716],[175.682336400226,-40.7161346988403],[175.693731550383,-40.7162963486787],[175.690650115943,-40.69656233205],[175.75241098381,-40.6974181317112],[175.754180849859,-40.7092966822492],[175.770109650134,-40.6988883989094],[175.781355816791,-40.7081549157309],[175.773931415338,-40.7189606381097],[175.790745949158,-40.7255970994795],[175.766407049798,-40.7550358659661],[175.764739182807,-40.7680905658046],[175.788593966938,-40.7679865987207],[175.810927467167,-40.7795845992156],[175.826916616746,-40.7609207488631],[175.842084057112,-40.7692437956768],[175.849498549853,-40.7616228992901],[175.871636834188,-40.7779047324162],[175.909854200786,-40.7509314655331],[175.934979383157,-40.7668135825355],[175.943430800542,-40.740651015574],[175.975474667126,-40.7383247992112],[175.97400971622,-40.7228803656683],[175.995393217049,-40.7250273156053],[176.012523317041,-40.716907981956],[176.017182416132,-40.7056387320245],[176.04369340005,-40.7164302992325],[176.081979683481,-40.7157076318223],[176.079092850347,-40.7074339821562],[176.093709200408,-40.6751676490972],[176.13306206724,-40.6846186322933],[176.152538983301,-40.6769352157602],[176.162459316956,-40.6821999991828],[176.183896883859,-40.6646780984488],[176.200466432547,-40.6725282485572],[176.211253483355,-40.6592102819152],[176.237486099783,-40.6801932821057],[176.257723767027,-40.6747682822055],[176.273818733661,-40.6799769157701],[176.285471216691,-40.6979415159391],[176.332395333742,-40.6977297329198],[176.564060066004,-40.8111103824501],[176.538502650359,-40.830465948855],[176.522143299395,-40.8563945827383],[176.48515693355,-40.9586721486963],[176.461634667065,-40.9996198490629],[176.434736400482,-41.0307319823343],[176.377072783094,-41.074372148778],[176.362538883698,-41.0962976656134],[176.318861149948,-41.2309557492406],[176.295586150269,-41.2748455324586],[176.254892133225,-41.3167190820115],[176.109530249381,-41.4194913987927],[176.085519183053,-41.4608973319447],[176.047120583456,-41.4993780820319],[175.981733967396,-41.5364581156938],[175.896915100188,-41.5579360486411],[175.840149500609,-41.5839975657914],[175.756538366923,-41.6480142488528],[175.670042217359,-41.6824206658504],[175.622861650299,-41.7158188155434],[175.545918199906,-41.7546084484165],[175.382377450843,-41.8051803816966],[175.306290484188,-41.814784432182],[175.2088933831,-41.8119053325886],[175.13783378359,-41.799174065752],[175.070276166512,-41.7703552656016],[175.01952894988,-41.731190498603],[174.982498900844,-41.6782799987286],[174.80005780075,-41.6208059152267],[174.734974484153,-41.5873937324515],[174.508675949627,-41.515133015169],[174.429417066456,-41.457354565442],[174.41297103314,-41.4693828323235],[174.388038183201,-41.4271500817631],[174.514785067496,-41.2157199319262],[174.559164083156,-41.0241879989204],[174.603475650612,-40.8958615822079],[174.604132233037,-40.8557255151946],[174.617397215914,-40.8117677991083],[174.647379766702,-40.7665339655189],[174.720940900061,-40.6921952655817],[174.774762633248,-40.6554165825579],[174.851413633721,-40.6285913825622],[175.1360694671,-40.7002023820036],[175.170736299937,-40.7107022492455],[175.173208765826,-40.7196368991065]]]}},{"type":"Feature","properties":{"name":"Tasman","id":"16"},"geometry":{"type":"Polygon","coordinates":[[[172.739372932931,-40.3012854656269],[172.925741833753,-40.3112021995798],[173.009998883231,-40.3228969824324],[173.096807966829,-40.3464798155018],[173.162239266059,-40.3747649491022],[173.248036183509,-40.4302022985266],[173.293597017133,-40.4718728822834],[173.327970000016,-40.5251731991704],[173.34166586694,-40.5732274985269],[173.340234099895,-40.6204722654846],[173.289001633709,-40.749243899273],[173.361031083373,-40.8053751320462],[173.223818200182,-41.2428330818376],[173.214706850211,-41.2469813817298],[173.220317767548,-41.2537875651494],[173.205753450781,-41.2993443992872],[173.176422433252,-41.3043079655313],[173.232019616806,-41.3626672819094],[173.230035283648,-41.3688228151654],[173.249579000483,-41.3645619989503],[173.256366517184,-41.3822012654979],[173.272214449256,-41.3787339156791],[173.297443983366,-41.3931415153481],[173.285012116932,-41.4026974151336],[173.294850917092,-41.4256370320288],[173.250831384127,-41.4665801156234],[173.304395199969,-41.506996865541],[173.297609516847,-41.5162461491902],[173.249271216335,-41.5244924823449],[173.216084966535,-41.5182047158276],[173.18720913366,-41.5286976817997],[173.172444349543,-41.5240866153448],[173.174596316212,-41.5423679824698],[173.151431582945,-41.5856743159817],[173.132059433014,-41.589708715542],[173.121479282967,-41.6080185326126],[173.103431833933,-41.6102937996539],[173.089263032772,-41.6241544657315],[173.058699733661,-41.6257373657681],[173.057375583229,-41.6684607488649],[173.003790383013,-41.7248034659428],[172.957889266793,-41.7495203493136],[172.926038067371,-41.7484081984032],[172.933060765931,-41.7691753158281],[172.944389567159,-41.766085616142],[172.939056717058,-41.7725810826952],[172.945680016473,-41.7809333321772],[172.89100443274,-41.818212182809],[172.872541766672,-41.8439587990012],[172.867821383386,-41.8663833494845],[172.847570550194,-41.8742874654125],[172.844720516974,-41.8908901160484],[172.860028683212,-41.8975507490798],[172.86473008374,-41.908815932616],[172.847249649662,-41.9424559660838],[172.808063683128,-41.9581345986446],[172.802986666972,-41.9851783826972],[172.77903688287,-41.9980593488056],[172.783317533382,-42.0089224989403],[172.757141166739,-42.0360031322746],[172.733001316117,-42.0345095660334],[172.735298850308,-42.0578953153712],[172.721473249526,-42.1034918324072],[172.690962166263,-42.106551132406],[172.678403399663,-42.0878500987968],[172.6361723499,-42.1019924157823],[172.631656683419,-42.1218997151717],[172.640861900318,-42.132896082737],[172.619680049704,-42.1479798486629],[172.609692483159,-42.1658434318936],[172.616105600598,-42.1942880827165],[172.588843266427,-42.2154029658888],[172.55937374995,-42.2199589986492],[172.515193316882,-42.2640266492232],[172.486381716295,-42.2659426820299],[172.479030949819,-42.2770294321626],[172.453626317314,-42.2747935983978],[172.430926550224,-42.3055738994267],[172.347897799496,-42.2766992159095],[172.356481833233,-42.2673915653854],[172.354442667457,-42.2561365656585],[172.333375516466,-42.2386650492722],[172.349399334003,-42.2222836987734],[172.339672199931,-42.1977010151881],[172.345113966922,-42.1758178325537],[172.333472566776,-42.1491080820673],[172.251500882849,-42.1502809657663],[172.247667966661,-42.1323731492369],[172.220963833168,-42.1316321655645],[172.218004449964,-42.1149099990809],[172.205612616086,-42.1145206324663],[172.214961616517,-42.1092344492001],[172.206730749948,-42.0983147822823],[172.18733433343,-42.1055708488577],[172.135203666157,-42.1040439824455],[172.132533183555,-42.0806344325439],[172.116510632687,-42.0756348822065],[172.104944332596,-42.0489331154802],[172.120035567338,-42.0145718324888],[172.081738016683,-42.0080259489503],[172.071156683233,-41.9987190822413],[172.076609832449,-41.9874997157132],[172.070221750821,-41.96498066555],[172.053166384149,-41.9588748655943],[172.052042250569,-41.9454923153242],[172.077366333323,-41.9204944989673],[172.06538585088,-41.8943775153407],[172.092892933986,-41.891947382288],[172.093828349803,-41.8743771987059],[172.115730567145,-41.8684047987334],[172.116284250149,-41.7891521988413],[172.105123500677,-41.7893164819701],[172.097280416952,-41.7743057821422],[172.11789495029,-41.7561657820044],[172.12460406738,-41.737975999265],[172.115767533555,-41.7320225986754],[172.11905506671,-41.7254342151607],[172.129092416978,-41.7140685151432],[172.15037658354,-41.7108145487899],[172.15532433342,-41.6996933821622],[172.174479766772,-41.7030360652351],[172.188029116489,-41.6925071652462],[172.209117432618,-41.6999296990768],[172.213035750724,-41.6891019656451],[172.232903800265,-41.6915475151661],[172.25147001594,-41.70265824885],[172.25973465015,-41.6943976163884],[172.247078967484,-41.6842177157758],[172.25380953345,-41.6679636824132],[172.240171716874,-41.6554392319856],[172.23736100066,-41.6401985987639],[172.264432050594,-41.6272763984919],[172.291023499692,-41.6348255984705],[172.293144166814,-41.6239218320951],[172.327580999717,-41.6034850496526],[172.334487083424,-41.5835975658953],[172.3268413175,-41.5603071824105],[172.344731316899,-41.5552008822232],[172.343035366079,-41.5115374825667],[172.418861416636,-41.4706943987069],[172.42218681687,-41.4390918159364],[172.431105633924,-41.4291327487478],[172.416202065956,-41.4122813821244],[172.461177767571,-41.394356398918],[172.465399982526,-41.4056235323093],[172.512274316532,-41.4128241653654],[172.552302333898,-41.3983563484358],[172.559847133472,-41.382762215836],[172.584361567505,-41.3761944990369],[172.581553966281,-41.3436875986689],[172.600324400097,-41.3011834159548],[172.586083932959,-41.2886027818742],[172.574562699814,-41.2580452484995],[172.657937583202,-41.2391689986124],[172.690825765969,-41.2112845651465],[172.692030433849,-41.1999264658444],[172.673085899251,-41.1882175156044],[172.66440263419,-41.1946052491375],[172.629002366674,-41.1948845658443],[172.618345300804,-41.1601849322376],[172.581373783751,-41.1369690487057],[172.553041684129,-41.1025186817711],[172.519842016409,-41.0956522156634],[172.522662283301,-41.0817776487904],[172.513327867276,-41.0668581987161],[172.492022633335,-41.0646673319936],[172.485951583368,-41.0545634486245],[172.496111183385,-41.0407116984297],[172.491608716483,-41.0226590822951],[172.439663682718,-41.0204395823343],[172.419367366804,-41.0335515817832],[172.382711033996,-41.0225574485176],[172.361055233322,-41.0440987990761],[172.36226241743,-41.0514717157169],[172.350809350877,-41.0538668992179],[172.350304316854,-41.0633866324569],[172.324878432964,-41.0596173987318],[172.333723417006,-41.0350261991353],[172.310619500434,-41.0117593158403],[172.330957649749,-40.9860866656661],[172.370260017583,-40.9705660986313],[172.386334867432,-40.9501341990487],[172.376603800349,-40.9350463984858],[172.328089833358,-40.9363012489963],[172.316618566923,-40.9244846992235],[172.302088632565,-40.9246064484006],[172.294028850576,-40.9194793657282],[172.300696300021,-40.9145970991252],[172.297380983896,-40.9053909318726],[172.281541532774,-40.8989267486706],[172.288226632433,-40.8754988488523],[172.267831416867,-40.8711971324023],[172.261415566526,-40.8586607492514],[172.251049300229,-40.8689928659706],[172.233830382653,-40.8692409484428],[172.228980816675,-40.8560900327891],[172.240209300749,-40.8417407991794],[172.248065200402,-40.8048868656236],[172.03069633403,-40.6283522318955],[172.075432167374,-40.602174931999],[172.134183816114,-40.5820540654006],[172.274346350143,-40.4755154159711],[172.497981600763,-40.3403911154017],[172.616452833326,-40.3040932157668],[172.739372932931,-40.3012854656269]]]}},{"type":"Feature","properties":{"name":"Gisborne","id":"05"},"geometry":{"type":"Polygon","coordinates":[[[178.2334151844,-37.3333335652845],[178.421874517147,-37.3735880655997],[178.483826934552,-37.4044827819071],[178.523810500925,-37.4385527154109],[178.604047734039,-37.4614601657407],[178.746872250261,-37.5321887486249],[178.787704200624,-37.5670908324163],[178.821033567782,-37.6167710652075],[178.836049884239,-37.6751033155148],[178.831794551056,-37.7229022154887],[178.816035034393,-37.7642062152784],[178.787779267722,-37.8043097157464],[178.704117783663,-37.8777319823988],[178.68046573374,-37.9274415823562],[178.654406934186,-37.9613558321712],[178.629845401317,-38.0302904152786],[178.63406778385,-38.0764097822188],[178.620616567907,-38.1456206655593],[178.616305567639,-38.2245250989806],[178.630675333873,-38.2721080484799],[178.630225767773,-38.3217786650784],[178.603729867737,-38.3943742656851],[178.597241583956,-38.4664573656824],[178.554780051307,-38.5356756487972],[178.543532434213,-38.5916823319513],[178.504036401209,-38.6582470820294],[178.462352533775,-38.6985950821344],[178.411809534249,-38.7278991323214],[178.354972034254,-38.7866713990716],[178.173661117156,-38.8946528486014],[178.166263484032,-38.9463144654122],[178.226838350534,-39.001627766304],[177.860903900711,-38.965164246057],[177.834796918296,-38.9527794134671],[177.844527634987,-38.9215034302149],[177.830480984761,-38.9116131134586],[177.821942284502,-38.9216863974368],[177.804738785194,-38.9118177800678],[177.804174001088,-38.8959773299747],[177.788623734761,-38.8978829141139],[177.792129151199,-38.9021593645707],[177.776123151299,-38.9128123634638],[177.749234534204,-38.8966736305321],[177.728901449892,-38.9188038301202],[177.729354499385,-38.9033729633529],[177.721744850099,-38.8982752804983],[177.710644350601,-38.9064871801364],[177.673993100075,-38.8990384134841],[177.660163933452,-38.9047009139901],[177.66238171723,-38.8458217469981],[177.647908083784,-38.8627805973774],[177.639397534051,-38.8612103967228],[177.636919267612,-38.8710866974094],[177.6260747993,-38.8433757135206],[177.599781183533,-38.8518981640511],[177.590458417023,-38.8284453138176],[177.593134817028,-38.8031373973712],[177.560963100244,-38.8016086972514],[177.530646100058,-38.8197076308284],[177.538935216718,-38.8126356147496],[177.531273967047,-38.7915489983396],[177.514434183499,-38.7744484145204],[177.494212084077,-38.7779742812977],[177.483526566998,-38.7550563643292],[177.469891717252,-38.7554410647389],[177.467531066795,-38.7442810476827],[177.475880533268,-38.731756998221],[177.466231917155,-38.7056116981832],[177.439666050028,-38.7040955811454],[177.429304800061,-38.692179581508],[177.408751183357,-38.6993750477589],[177.418742716111,-38.6738808814333],[177.431030449937,-38.6692113987964],[177.4514997498,-38.6399036979359],[177.447683550462,-38.635823464859],[177.392428650562,-38.6220589474891],[177.353425167492,-38.624557864669],[177.308989067491,-38.5969005814853],[177.307560649885,-38.6597041981901],[177.122170799697,-38.5839209317146],[177.166799149935,-38.5779345977188],[177.166252233449,-38.5678181477782],[177.202545450553,-38.5243169652498],[177.225825533316,-38.5341048814541],[177.240891682843,-38.510209048212],[177.254870083292,-38.5127453308835],[177.236922317538,-38.4263417978934],[177.463687900647,-38.3335362648277],[177.486298650876,-38.2962676145946],[177.484279934166,-38.2744523148207],[177.497550117303,-38.2607679808321],[177.489894584289,-38.2611140147143],[177.491094266445,-38.2500409980107],[177.481751332767,-38.2399191977926],[177.491827300162,-38.2397302147151],[177.500967167072,-38.2134472979535],[177.53210630001,-38.2185122646516],[177.5336623166,-38.2093023315254],[177.56037391692,-38.2093788799481],[177.556463733844,-38.2047027323925],[177.573234933545,-38.1926641658643],[177.604788567012,-38.1866207638829],[177.602403500352,-38.1711878135547],[177.653590650033,-38.1585847138473],[177.650787407669,-38.1410521832543],[177.664122412194,-38.1169273071178],[177.703256405848,-38.1063988416346],[177.689779904262,-38.0977354930427],[177.694169190684,-38.0934198813897],[177.685854456708,-38.0831751154191],[177.676715853425,-38.0865993681752],[177.697484493659,-38.0627188486776],[177.674318083671,-38.0249369679701],[177.681143833584,-38.0123933992524],[177.724356651248,-38.0226497299442],[177.739984234423,-38.0420469641535],[177.849019834045,-38.1112778984129],[177.860967449989,-38.1116561656374],[177.972290351433,-37.8450055296077],[178.073006950212,-37.7635896986081],[178.038827200256,-37.7330791823137],[177.994474550228,-37.7643818322897],[177.992239617148,-37.75289231572],[177.97678466756,-37.7410125823085],[177.993304717734,-37.7165880318913],[177.986599434,-37.69721746516],[177.998194600558,-37.689669598424],[177.992370900774,-37.6905354153664],[177.989634917557,-37.6449229993022],[177.975142566845,-37.6302212319768],[177.980051916924,-37.6131667824866],[178.03981255096,-37.5975444660928],[178.107554900509,-37.598715966125],[178.085284051399,-37.5423911618254],[178.06487275163,-37.3380762115006],[178.2334151844,-37.3333335652845]]]}},{"type":"Feature","properties":{"name":"Taranaki","id":"07"},"geometry":{"type":"Polygon","coordinates":[[[174.616574550852,-38.720903015755],[174.64721744993,-38.7209816162635],[174.653984183629,-38.7331777319363],[174.687457733857,-38.7278443319001],[174.693391033883,-38.7336876659144],[174.737636217203,-38.7341001488989],[174.753524416681,-38.7448371822144],[174.794162216106,-38.7309993990659],[174.824202683362,-38.7479954989141],[174.828223483091,-38.7610238658781],[174.862896367392,-38.7745840657459],[174.856226233408,-38.7827652987162],[174.848589600014,-38.778613332542],[174.819981433259,-38.7870141152176],[174.807821967323,-38.8199961820781],[174.78663521676,-38.820959881931],[174.799258649753,-38.8289259161815],[174.798771383128,-38.8652667990694],[174.807625066821,-38.8818744659759],[174.820701400197,-38.8867402989567],[174.832132749811,-38.9151116159295],[174.822140516428,-38.9255696819878],[174.80239575064,-38.9254967489298],[174.794987116695,-38.915881249155],[174.784258733996,-38.9206473992052],[174.792648316594,-38.9403031991938],[174.780931999311,-38.9605871991665],[174.799521684084,-38.9714037652887],[174.787022500612,-38.9832591657617],[174.765530365875,-38.9881527652532],[174.775834917188,-38.9927035984993],[174.764415417466,-39.0047909490972],[174.779274366577,-39.022434415923],[174.775643266518,-39.04359003191],[174.792186483867,-39.0473756985995],[174.792692816608,-39.0635271157427],[174.757465649557,-39.0880060157495],[174.740661149956,-39.0772251318543],[174.726183117338,-39.0862233657516],[174.722293500396,-39.1066849652808],[174.69105590072,-39.1115550156231],[174.675220800454,-39.1302003990292],[174.702041700132,-39.1487652987858],[174.697336816459,-39.1569482819945],[174.707963899647,-39.1954749992723],[174.699992617348,-39.2057071157595],[174.752101100665,-39.2252949153601],[174.754614049468,-39.2367101155151],[174.745516566973,-39.2416326821704],[174.757453066611,-39.2563321324161],[174.747802983227,-39.2757990153848],[174.756584883594,-39.2899296158657],[174.765290583072,-39.295579415578],[174.769540966677,-39.2838683825827],[174.783125199549,-39.2876188156702],[174.812884249792,-39.307851315802],[174.822824065961,-39.3339659984848],[174.8501227668,-39.33674681559],[174.876939949683,-39.3567906157487],[174.891578349989,-39.358056231753],[174.879429200194,-39.3902104820022],[174.865884350786,-39.3890866318158],[174.887434983806,-39.414697265525],[174.884563884003,-39.4354912324945],[174.904712016764,-39.4451758157417],[174.928495867377,-39.4761503152722],[174.967331133858,-39.4848013324077],[174.961026650276,-39.4928948817807],[174.969505533255,-39.5036768492163],[174.970283900238,-39.5253806153106],[174.991764666591,-39.5403214664268],[174.987061933105,-39.5559549160076],[174.973660400861,-39.5635325497181],[174.967614616965,-39.6052777156828],[174.976412850154,-39.6377066151264],[174.969679000141,-39.6462569988201],[174.987403050492,-39.6662518320972],[174.969821599372,-39.6768031484238],[174.929930266553,-39.6828598319871],[174.921997783022,-39.7038346157042],[174.931601550875,-39.7231686990593],[174.917863249443,-39.7496895159102],[174.909564250003,-39.7417403651837],[174.89449260041,-39.7472178496807],[174.870272450135,-39.7733021488213],[174.850042766442,-39.7775825822958],[174.851860700109,-39.7891848487028],[174.834534750623,-39.8004896324511],[174.803021550403,-39.8030525820162],[174.793437883156,-39.8335837319833],[174.784898633588,-39.8316027324319],[174.766300099713,-39.8528963821733],[174.784081849931,-39.8579774488529],[174.717183483947,-40.0689590158164],[174.631134099946,-40.0557042992872],[174.533318949971,-40.0174360823273],[174.426818233526,-39.9892317488112],[174.279870950072,-39.9065342656555],[174.15882518249,-39.8036539484935],[174.11765215039,-39.7854365321371],[174.011438699922,-39.7702331487926],[173.892455933335,-39.7413365155764],[173.740757100219,-39.6746174485481],[173.570556699287,-39.5157688318487],[173.529844365899,-39.4475362484365],[173.493201216668,-39.3187356991092],[173.493405100415,-39.2673299154562],[173.505419317363,-39.2159851158603],[173.538445582562,-39.1417141484751],[173.577158932805,-39.0815526157088],[173.647220750391,-39.0217656156425],[173.790894500751,-38.9402482652276],[173.87379026733,-38.8772969485478],[173.939209349832,-38.8533185490417],[174.000292833084,-38.8448729992907],[174.123916999974,-38.7948002817589],[174.211987083,-38.7799199322005],[174.283018533279,-38.7822193823355],[174.348906599473,-38.7319568326016],[174.351409417291,-38.7017476817922],[174.614500400682,-38.7059279325789],[174.616574550852,-38.720903015755]]]}},{"type":"Feature","properties":{"name":"Nelson","id":"17"},"geometry":{"type":"Polygon","coordinates":[[[173.361031083373,-40.8053751320462],[173.456230716049,-40.8793177652703],[173.500671132954,-40.8628737988842],[173.598671733629,-41.070810248962],[173.579098716458,-41.1240626991622],[173.574418550213,-41.1837184657753],[173.522333217088,-41.1982854154442],[173.515799183529,-41.2138956824341],[173.476165467425,-41.2289434659543],[173.471147800396,-41.2428021984037],[173.415507816711,-41.2887827659909],[173.420767049966,-41.3084339653808],[173.40678916666,-41.3309583492428],[173.360745550761,-41.353195381712],[173.337523967298,-41.3855447824831],[173.299304766403,-41.393419765138],[173.272214449256,-41.3787339156791],[173.256366517184,-41.3822012654979],[173.249579000483,-41.3645619989503],[173.230035283648,-41.3688228151654],[173.232019616806,-41.3626672819094],[173.176422433252,-41.3043079655313],[173.205753450781,-41.2993443992872],[173.220317767548,-41.2537875651494],[173.214706850211,-41.2469813817298],[173.223818200182,-41.2428330818376],[173.361031083373,-40.8053751320462]]]}}]}