unit_id,source,recording,start_s,end_s,dur_ms,nn_cluster,knn15_dist,outside_envelope,x,y
xc_XC1019677_000,xc,XC1019677,2.3858503401360545,2.455510204081633,69,47,5.433,False,-0.23,4.25
xc_XC1019677_001,xc,XC1019677,2.525170068027211,2.565804988662132,40,49,3.916,False,-1.54,5.34
xc_XC1019677_002,xc,XC1019677,2.6412698412698417,2.681904761904762,40,49,3.98,False,-1.82,5.16
xc_XC1019677_003,xc,XC1019677,2.850249433106576,2.919909297052154,69,-1,7.704,True,1.36,7.53
xc_XC1019677_004,xc,XC1019677,2.9895691609977324,3.082448979591837,92,-1,7.168,True,1.19,7.14
xc_XC1019677_005,xc,XC1019677,3.610702947845805,3.657142857142857,46,37,8.982,True,7.38,4.64
xc_XC1019677_006,xc,XC1019677,3.81968253968254,3.866122448979592,46,-1,7.899,True,5.82,12.14
xc_XC1019677_007,xc,XC1019677,3.912562358276644,4.098321995464853,185,18,6.301,True,1.43,15.09
xc_XC1019677_008,xc,XC1019677,4.167981859410431,4.400181405895691,232,6,5.298,False,-5.78,8.64
xc_XC1019677_009,xc,XC1019677,4.493061224489796,4.771700680272109,278,49,5.383,False,1.77,7.75
xc_XC1032538_000,xc,XC1032538,5.758548752834468,5.787573696145125,29,49,2.81,False,-2.68,4.59
xc_XC1032538_001,xc,XC1032538,6.0836281179138325,6.130068027210884,46,49,3.628,False,-1.32,4.63
xc_XC1032538_002,xc,XC1032538,6.362267573696145,6.524807256235827,162,-1,4.066,False,2.28,6.28
xc_XC1032538_003,xc,XC1032538,6.640907029478458,6.751201814058957,110,-1,4.707,False,0.81,5.32
xc_XC1032538_004,xc,XC1032538,7.151746031746032,7.267845804988662,116,-1,4.975,False,1.97,5.72
xc_XC1032538_005,xc,XC1032538,8.260498866213153,8.306938775510204,46,-1,3.722,False,-1.1,5.92
xc_XC1032538_006,xc,XC1032538,8.649433106575964,8.811972789115645,162,6,3.979,False,-5.2,9.2
xc_XC1032538_007,xc,XC1032538,9.090612244897958,9.137052154195011,46,-1,5.323,False,-1.57,4.43
xc_XC1032538_008,xc,XC1032538,9.409886621315191,9.456326530612245,46,49,3.934,False,-1.95,4.74
xc_XC1032538_009,xc,XC1032538,9.618866213151929,9.647891156462585,29,49,3.095,False,-2.2,5.53
xc_XC1032538_010,xc,XC1032538,9.717551020408164,9.82784580498866,110,49,3.845,False,-0.62,6.67
xc_XC1032538_011,xc,XC1032538,10.054240362811791,10.083265306122447,29,49,3.987,False,-2.16,4.21
xc_XC1032538_012,xc,XC1032538,10.152925170068029,10.19936507936508,46,5,5.312,False,-0.47,4.24
xc_XC1032538_013,xc,XC1032538,10.263219954648529,10.286439909297052,23,49,4.13,False,-2.45,4.19
xc_XC1032538_014,xc,XC1032538,11.19201814058957,11.238458049886622,46,-1,6.532,True,2.44,4.23
xc_XC1032538_015,xc,XC1032538,11.261678004535147,11.331337868480723,69,49,4.328,False,-1.22,4.75
xc_XC1032538_016,xc,XC1032538,11.54031746031746,11.633197278911563,92,-1,4.196,False,0.45,5.49
xc_XC1032538_017,xc,XC1032538,11.859591836734692,11.929251700680272,69,-1,5.85,False,0.3,5.09
xc_XC1032538_018,xc,XC1032538,12.161451247165532,12.30077097505669,139,-1,4.614,False,2.27,5.73
xc_XC1032538_019,xc,XC1032538,12.445895691609978,12.486530612244898,40,49,2.979,False,-2.63,4.63
xc_XC1032538_020,xc,XC1032538,17.33950113378685,17.455600907029478,116,-1,5.969,False,0.52,5.42
xc_XC1032538_021,xc,XC1032538,17.635555555555555,17.658775510204084,23,49,4.889,False,-2.35,4.6
xc_XC1032538_022,xc,XC1032538,18.26249433106576,18.37859410430839,116,-1,7.293,True,4.8,6.94
xc_XC1032538_023,xc,XC1032538,27.643356009070292,27.68979591836735,46,-1,6.128,True,0.93,4.78
xc_XC1051322_000,xc,XC1051322,2.75156462585034,2.821224489795918,69,-1,8.547,True,6.92,7.57
xc_XC1051322_001,xc,XC1051322,2.8966893424036275,2.966349206349206,69,-1,7.42,True,6.49,8.0
xc_XC1051322_002,xc,XC1051322,3.0302040816326525,3.0824489795918364,52,49,7.754,True,-3.26,6.6
xc_XC1051322_003,xc,XC1051322,3.1056689342403625,3.2159637188208614,110,21,8.436,True,3.57,11.87
xc_XC1051322_004,xc,XC1051322,3.28562358276644,3.448163265306122,162,19,7.016,True,2.17,11.71
xc_XC1051322_005,xc,XC1051322,3.471383219954648,3.680362811791383,208,27,7.165,True,7.9,7.41
xc_XC1051322_006,xc,XC1051322,3.726802721088435,3.866122448979592,139,10,6.762,True,-2.38,12.89
xc_XC1051322_007,xc,XC1051322,3.9125623582766433,4.0518820861678,139,21,7.923,True,3.84,11.83
xc_XC1051322_008,xc,XC1051322,4.121541950113379,4.28408163265306,162,26,7.412,True,5.3,9.24
xc_XC1051322_009,xc,XC1051322,4.353741496598639,4.609160997732425,255,9,8.799,True,9.8,16.53
xc_XC1051322_010,xc,XC1051322,16.78222222222222,17.10730158730158,325,49,6.269,True,0.95,7.78
xc_XC1051322_011,xc,XC1051322,17.339501133786847,17.414965986394556,75,49,7.241,True,-0.03,7.1
xc_XC1051322_012,xc,XC1051322,17.46140589569161,17.525260770975056,63,49,8.09,True,-0.01,7.43
xc_XC1051322_013,xc,XC1051322,18.169614512471654,18.61079365079365,441,4,5.942,False,1.76,7.6
xc_XC1051322_014,xc,XC1051322,22.70331065759637,22.743945578231287,40,49,4.516,False,-1.73,5.26
xc_XC1051322_015,xc,XC1051322,25.98312925170068,26.02956916099773,46,49,7.438,True,-0.03,7.33
xc_XC1051322_016,xc,XC1051322,26.30820861678004,26.35464852607709,46,49,9.146,True,0.25,4.83
xc_XC1051322_017,xc,XC1051322,26.49396825396825,26.6507029478458,156,49,5.653,False,1.43,7.55
xc_XC1051322_018,xc,XC1051322,26.679727891156457,26.906122448979588,226,2,6.266,True,5.78,-3.36
xc_XC1051322_019,xc,XC1051322,26.95836734693877,26.981587301587297,23,49,4.2,False,-0.71,6.29
xc_XC1051322_020,xc,XC1051322,27.12090702947845,27.21378684807256,92,-1,5.491,False,3.72,12.3
xc_XC1051322_021,xc,XC1051322,27.32408163265306,27.504036281179136,179,-1,6.181,True,3.15,7.34
xc_XC1051322_022,xc,XC1051322,27.55628117913832,27.782675736961448,226,44,7.653,True,2.79,7.57
xc_XC1051322_023,xc,XC1051322,45.9522902494331,46.02195011337868,69,-1,7.579,True,6.78,7.16
xc_XC1051322_024,xc,XC1051322,46.11482993197278,46.18448979591836,69,-1,8.054,True,6.79,7.91
xc_XC1051322_025,xc,XC1051322,46.23092970521542,46.27736961451247,46,-1,8.246,True,-3.24,6.94
xc_XC1051322_026,xc,XC1051322,46.30058956916099,46.416689342403615,116,21,7.005,True,3.78,11.49
xc_XC1051322_027,xc,XC1051322,46.46312925170067,46.64888888888888,185,18,6.852,True,1.53,15.14
xc_XC1051322_028,xc,XC1051322,46.6895238095238,46.92172335600906,232,27,7.215,True,7.91,7.37
xc_XC1051322_029,xc,XC1051322,46.94494331065759,47.08426303854874,139,10,7.471,True,-2.09,12.11
xc_XC1051322_030,xc,XC1051322,47.13650793650793,47.29324263038548,156,21,8.021,True,3.66,11.87
xc_XC1051322_031,xc,XC1051322,47.34548752834466,47.50222222222221,156,26,8.076,True,5.34,9.19
xc_XC1051322_032,xc,XC1051322,47.59510204081632,47.79827664399093,203,1,8.591,True,9.74,16.6
xc_XC1059091_000,xc,XC1059091,2.4787301587301585,2.5483900226757368,69,40,7.453,True,1.5,6.81
xc_XC1059091_001,xc,XC1059091,2.6412698412698417,2.710929705215419,69,-1,9.325,True,0.7,6.77
xc_XC1059091_002,xc,XC1059091,2.757369614512472,2.803809523809524,46,-1,9.042,True,6.08,11.34
xc_XC1059091_003,xc,XC1059091,2.844444444444445,2.9141043083900224,69,-1,10.076,True,4.34,12.06
xc_XC1059091_004,xc,XC1059091,2.9895691609977324,3.1288888888888886,139,19,7.961,True,2.29,11.85
xc_XC1059091_005,xc,XC1059091,3.1695238095238096,3.378503401360544,208,27,8.324,True,8.22,7.31
xc_XC1059091_006,xc,XC1059091,3.4017233560090703,3.5410430839002265,139,10,8.167,True,-2.23,12.45
xc_XC1059091_007,xc,XC1059091,3.587482993197279,3.7268027210884354,139,-1,8.773,True,5.56,13.53
xc_XC1059091_008,xc,XC1059091,3.773242630385488,3.9357823129251694,162,26,7.686,True,5.28,9.16
xc_XC1059091_009,xc,XC1059091,3.982222222222222,4.208616780045351,226,1,8.184,True,9.82,16.62
xc_XC1059091_010,xc,XC1059091,19.748571428571427,19.81823129251701,69,40,7.5,True,1.12,6.78
xc_XC1059091_011,xc,XC1059091,19.928526077097505,19.998185941043083,69,-1,9.366,True,7.35,8.33
xc_XC1059091_012,xc,XC1059091,20.08526077097505,20.24780045351474,162,-1,9.026,True,5.08,12.13
xc_XC1059091_013,xc,XC1059091,20.271020408163267,20.36390022675737,92,-1,8.826,True,6.36,14.5
xc_XC1059091_014,xc,XC1059091,20.416145124716557,20.578684807256234,162,19,7.285,True,2.25,11.79
xc_XC1059091_015,xc,XC1059091,20.601904761904763,20.828299319727893,226,-1,8.875,True,8.37,7.19
xc_XC1059091_016,xc,XC1059091,20.851519274376415,20.99083900226757,139,10,7.888,True,-2.08,12.47
xc_XC1059091_017,xc,XC1059091,21.0140589569161,21.15337868480725,139,-1,8.939,True,6.42,10.95
xc_XC1059091_018,xc,XC1059091,21.199818594104308,21.36235827664399,162,26,7.24,True,5.33,9.08
xc_XC1059091_019,xc,XC1059091,21.43201814058957,21.66421768707483,232,1,8.532,True,9.79,16.47
xc_XC1059099_000,xc,XC1059099,0.2554195011337868,0.3715192743764172,116,21,5.047,False,3.28,10.91
xc_XC1059099_001,xc,XC1059099,0.8823582766439909,1.0681179138321997,185,-1,8.728,True,3.08,11.66
xc_XC1059099_002,xc,XC1059099,1.9678911564625847,2.0839909297052155,116,33,9.234,True,7.11,10.17
xc_XC1059099_003,xc,XC1059099,2.728344671201814,2.8212244897959184,92,21,5.594,False,3.13,10.93
xc_XC1059099_004,xc,XC1059099,3.4481632653061225,3.633922902494331,185,1,8.893,True,3.94,11.06
xc_XC1059099_005,xc,XC1059099,4.167981859410431,4.27827664399093,110,40,4.983,False,1.22,6.5
xc_XC1059099_006,xc,XC1059099,4.626575963718821,4.725260770975057,98,21,8.333,True,4.08,11.44
xc_XC1059099_007,xc,XC1059099,5.04453514739229,5.131609977324263,87,19,6.055,False,2.18,11.77
xc_XC1059099_008,xc,XC1059099,5.572789115646258,5.7411337868480725,168,28,7.141,True,7.7,8.73
xc_XC1059099_009,xc,XC1059099,6.896326530612245,7.006621315192744,110,21,5.377,False,3.29,10.93
xc_XC1059099_010,xc,XC1059099,7.6335600907029475,7.819319727891156,185,9,9.291,True,4.22,8.97
xc_XC1059099_011,xc,XC1059099,9.346031746031745,9.438911564625853,92,24,7.935,True,3.61,12.72
xc_XC1059099_012,xc,XC1059099,10.00780045351474,10.118095238095238,110,8,5.381,False,1.2,-0.61
xc_XC1089006_000,xc,XC1089006,3.7964625850340137,4.005442176870749,208,8,6.193,True,1.25,-1.44
xc_XC1089006_001,xc,XC1089006,8.347573696145124,8.579773242630385,232,8,5.962,False,1.35,-1.88
xc_XC1089006_002,xc,XC1089006,11.052698412698414,11.215238095238096,162,8,6.107,False,0.71,-1.82
xc_XC1089006_003,xc,XC1089006,14.51827664399093,14.686621315192744,168,8,6.138,True,1.09,-1.85
xc_XC1089006_004,xc,XC1089006,17.182766439909297,17.345306122448978,162,8,6.13,True,0.34,-1.67
xc_XC1089006_005,xc,XC1089006,19.95755102040816,20.114285714285717,156,8,5.918,False,1.1,-1.79
xc_XC1089006_006,xc,XC1089006,26.772607709750567,26.99900226757369,226,8,5.319,False,0.33,-2.09
xc_XC1089006_007,xc,XC1089006,32.59501133786848,32.84462585034014,249,8,5.889,False,1.0,-1.92
xc_XC1089006_008,xc,XC1089006,33.982403628117915,34.30167800453515,319,8,5.857,False,1.56,-1.79
xc_XC1089006_009,xc,XC1089006,36.17668934240363,36.40888888888889,232,8,5.779,False,1.16,-1.86
xc_XC1089006_010,xc,XC1089006,38.76571428571428,38.97469387755102,208,8,5.175,False,0.98,-1.83
xc_XC1089006_011,xc,XC1089006,39.89768707482993,39.94412698412698,46,49,6.722,True,-1.21,5.09
xc_XC1089006_012,xc,XC1089006,42.00489795918367,42.18485260770975,179,8,5.762,False,0.15,-1.55
xc_XC1089006_013,xc,XC1089006,42.97433106575964,43.13687074829932,162,29,7.103,True,7.22,13.31
xc_XC1089006_014,xc,XC1089006,44.01342403628118,44.199183673469385,185,29,7.746,True,6.95,12.87
xc_XC1089006_015,xc,XC1089006,46.95074829931973,47.15392290249433,203,8,5.342,False,0.88,-1.99
xc_XC1089006_016,xc,XC1089006,47.96662131519275,48.14657596371882,179,24,7.551,True,6.84,13.34
xc_XC1089006_017,xc,XC1089006,48.8431746031746,49.00571428571429,162,24,7.642,True,5.68,14.75
xc_XC1089006_018,xc,XC1089006,50.34666666666666,50.61950113378685,272,8,6.005,False,0.83,-1.52
xc_XC1089006_019,xc,XC1089006,53.0227664399093,53.23174603174603,208,8,5.611,False,1.2,-2.03
xc_XC1089006_020,xc,XC1089006,54.201179138322,54.43918367346939,238,8,5.885,False,1.44,-1.59
xc_XC1089006_021,xc,XC1089006,55.12997732426304,55.3621768707483,232,8,6.267,True,2.0,-0.62
xc_XC1089006_022,xc,XC1089006,56.05297052154195,56.21551020408163,162,-1,7.143,True,4.71,12.49
xc_XC1089006_023,xc,XC1089006,57.997641723356,58.20662131519274,208,8,5.449,False,1.05,-1.79
xc_XC1089006_024,xc,XC1089006,59.26893424036281,59.57079365079365,301,8,6.267,True,1.75,-1.49
xc_XC1089006_025,xc,XC1089006,60.04680272108843,60.1861224489796,139,8,7.398,True,0.26,5.87
xc_XC1089006_026,xc,XC1089006,60.3718820861678,60.53442176870748,162,-1,7.318,True,4.58,12.89
xc_XC1089006_027,xc,XC1089006,61.11492063492064,61.41678004535147,301,5,6.981,True,3.37,4.2
xc_XC1089006_028,xc,XC1089006,62.09015873015873,62.20045351473923,110,-1,8.172,True,2.73,6.77
xc_XC1089006_029,xc,XC1089006,62.7112925170068,62.89124716553288,179,8,6.424,True,0.8,-2.14
xc_XC1089006_030,xc,XC1089006,63.49496598639456,63.727165532879816,232,29,7.203,True,7.15,13.43
xc_XC1089006_031,xc,XC1089006,64.25541950113379,64.40054421768707,145,15,8.421,True,6.4,13.7
xc_XC1089006_032,xc,XC1089006,64.56308390022676,64.60952380952381,46,-1,9.231,True,5.32,13.7
xc_XC1089006_033,xc,XC1089006,64.74303854875284,64.81269841269841,69,-1,8.916,True,5.8,12.82
xc_XC1089006_034,xc,XC1089006,66.64126984126983,66.91410430839001,272,8,6.392,True,1.6,-1.18
xc_XC1089006_035,xc,XC1089006,67.48879818594104,67.54104308390022,52,-1,8.215,True,5.31,12.62
xc_XC1089006_036,xc,XC1089006,68.27827664399094,68.41759637188208,139,31,6.415,True,4.71,7.04
xc_XC1089006_037,xc,XC1089006,68.46403628117915,68.53369614512472,69,30,6.793,True,3.77,8.17
xc_XC1089006_038,xc,XC1089006,69.93850340136055,70.13006802721088,191,8,5.198,False,0.68,-1.84
xc_XC1089006_039,xc,XC1089006,70.75120181405894,70.91374149659863,162,33,7.043,True,7.33,11.39
xc_XC1089006_040,xc,XC1089006,71.0530612244898,71.16916099773242,116,29,7.616,True,7.21,13.42
xc_XC1089006_041,xc,XC1089006,71.28526077097506,71.35492063492063,69,29,7.979,True,6.99,12.95
xc_XC1089006_042,xc,XC1089006,71.54068027210884,71.63356009070294,92,29,6.672,True,7.16,13.49
xc_XC1089006_043,xc,XC1089006,74.30965986394558,74.35609977324263,46,30,9.621,True,3.98,7.95
xc_XC1089006_044,xc,XC1089006,74.37931972789116,74.44897959183673,69,30,8.632,True,3.79,8.17
xc_XC1089006_045,xc,XC1089006,75.3255328798186,75.4184126984127,92,29,7.017,True,7.19,13.44
xc_XC1089006_046,xc,XC1089006,77.52562358276643,77.68816326530613,162,8,5.953,False,1.57,-1.03
xc_XC1089006_047,xc,XC1089006,77.82748299319728,77.91455782312924,87,8,6.112,False,1.13,-1.04
xc_XC1089006_048,xc,XC1089006,78.40217687074829,78.70403628117914,301,30,7.139,True,3.78,7.77
xc_XC1089006_049,xc,XC1089006,79.63283446712018,79.89986394557822,267,-1,7.339,True,4.16,10.76
xc_XC1089006_050,xc,XC1089006,80.34104308390022,80.5558276643991,214,8,5.447,False,1.06,-1.96
xc_XC1089006_051,xc,XC1089006,81.17696145124717,81.43238095238095,255,29,6.824,True,7.12,13.29
xc_XC1089006_052,xc,XC1089006,81.80390022675736,82.05351473922903,249,29,7.346,True,7.1,13.47
xc_XC1089006_053,xc,XC1089006,82.35537414965987,82.58757369614511,232,29,7.06,True,7.19,13.41
xc_XC1089006_054,xc,XC1089006,83.60344671201814,83.71954648526076,116,8,5.881,False,1.28,-1.09
xc_XC1089006_055,xc,XC1089006,84.20716553287983,84.43356009070294,226,8,7.147,True,1.98,-2.46
xc_XC1089006_056,xc,XC1089006,85.59455782312925,85.98349206349205,388,26,7.779,True,3.43,4.69
xc_XC1089006_057,xc,XC1089006,86.58721088435374,86.74975056689341,162,-1,8.073,True,3.63,10.55
xc_XC1089006_058,xc,XC1089006,87.21414965986395,87.36507936507937,150,8,5.98,False,0.11,-1.79
xc_XC1089006_059,xc,XC1089006,87.45795918367347,87.60308390022676,145,8,5.954,False,1.18,-1.75
xc_XC1089006_060,xc,XC1089006,88.03845804988663,88.36353741496599,325,29,7.421,True,6.8,13.1
xc_XC1089006_061,xc,XC1089006,88.52607709750566,88.6421768707483,116,24,7.367,True,6.25,13.88
xc_XC1089006_062,xc,XC1089006,88.75827664399092,88.92081632653061,162,8,6.821,True,6.12,13.07
xc_XC1089006_063,xc,XC1089006,91.23120181405896,91.41696145124716,185,8,5.448,False,1.01,-1.67
xc_XC1089006_064,xc,XC1089006,93.17587301587302,93.3558276643991,179,8,5.752,False,0.55,-1.88
xc_XC1089006_065,xc,XC1089006,94.1859410430839,94.40072562358276,214,8,5.799,False,1.17,-1.72
xc_XC1089006_066,xc,XC1089006,95.15537414965986,95.2714739229025,116,8,4.808,False,1.4,-1.03
xc_XC1089006_067,xc,XC1089006,96.45569160997732,96.75755102040816,301,-1,7.361,True,5.52,11.88
xc_XC1089006_068,xc,XC1089006,97.60507936507936,97.83727891156462,232,30,6.574,True,4.02,8.23
xc_XC1089006_069,xc,XC1089006,98.37133786848072,98.60353741496598,232,-1,7.238,True,2.89,6.34
xc_XC1089006_070,xc,XC1089006,99.18403628117916,99.39301587301588,208,8,5.733,False,1.86,-2.41
xc_XC1089006_071,xc,XC1089006,100.00834467120184,100.19990929705216,191,24,7.226,True,5.44,15.0
xc_XC1089006_072,xc,XC1089006,100.86748299319729,101.076462585034,208,29,6.86,True,5.54,15.12
xc_XC1089006_073,xc,XC1089006,101.40154195011336,101.54086167800452,139,29,6.307,True,7.29,13.37
xc_XC1089006_074,xc,XC1089006,102.90503401360544,103.27074829931972,365,8,6.781,True,1.88,-0.53
xc_XC1089006_075,xc,XC1089006,105.00063492063492,105.26185941043084,261,30,6.167,True,3.98,8.12
xc_XC1089006_076,xc,XC1089006,105.85977324263038,106.16163265306125,301,-1,7.496,True,3.27,5.36
xc_XC1089006_077,xc,XC1089006,106.64344671201812,106.83501133786848,191,8,5.317,False,1.75,-2.23
xc_XC1089006_078,xc,XC1089006,107.57224489795918,107.77541950113378,203,15,7.126,True,7.0,12.58
xc_XC1089006_079,xc,XC1089006,107.89151927437642,108.0366439909297,145,29,6.54,True,6.94,13.6
xc_XC1089006_080,xc,XC1089006,108.70421768707482,108.88997732426304,185,24,7.016,True,6.43,13.16
xc_XC1089006_081,xc,XC1089006,109.20925170068028,109.42403628117914,214,-1,6.812,True,6.39,12.89
xc_XC1089006_082,xc,XC1089006,111.64154195011338,111.7750566893424,133,-1,7.447,True,3.37,12.58
xc_XC1089006_083,xc,XC1089006,112.58775510204082,112.81414965986394,226,30,6.721,True,4.08,8.23
xc_XC1089006_084,xc,XC1089006,113.81260770975057,114.04480725623584,232,-1,7.319,True,2.98,5.25
xc_XC1089006_085,xc,XC1089006,114.41632653061224,114.67174603174604,255,8,5.821,False,1.13,-1.89
xc_XC1089006_086,xc,XC1089006,115.26965986394558,115.3102947845805,40,-1,5.862,False,-1.8,4.52
xc_XC1089006_087,xc,XC1089006,115.36253968253968,115.50185941043084,139,29,7.046,True,7.03,13.16
xc_XC1089006_088,xc,XC1089006,118.43337868480724,118.61913832199546,185,-1,7.037,True,3.33,9.75
xc_XC1089006_089,xc,XC1089006,122.13115646258504,122.31691609977324,185,8,5.778,False,1.33,-1.49
xc_XC1089006_090,xc,XC1089006,124.77242630385489,124.95238095238096,179,8,6.429,True,1.37,-2.22
xc_XC1089006_091,xc,XC1089006,127.3034013605442,127.558820861678,255,8,6.137,True,1.91,-0.45
xc_XC1089006_092,xc,XC1089006,128.95201814058956,129.015873015873,63,8,7.684,True,0.86,-0.1
xc_XC1089006_093,xc,XC1089006,129.0855328798186,129.29451247165534,208,30,6.375,True,4.06,8.22
xc_XC1089006_094,xc,XC1089006,130.61804988662132,130.77478458049887,156,8,7.1,True,1.44,-2.09
xc_XC1089006_095,xc,XC1089006,131.4017233560091,131.56426303854877,162,24,7.521,True,6.65,13.21
xc_XC1089006_096,xc,XC1089006,132.23183673469387,132.4117913832199,179,15,7.607,True,6.4,13.1
xc_XC1089006_097,xc,XC1089006,132.78331065759636,132.97487528344672,191,-1,7.121,True,6.51,12.7
xc_XC1089006_098,xc,XC1089006,134.64090702947846,134.797641723356,156,8,6.63,True,1.87,-0.94
xc_XC1089006_099,xc,XC1089006,134.80344671201814,134.82666666666665,23,8,6.397,True,-1.64,4.43
xc_XC1089007_000,xc,XC1089007,1.9446712018140584,2.1768707482993195,232,8,4.539,False,0.25,-2.17
xc_XC1089007_001,xc,XC1089007,3.0069841269841264,3.268208616780045,261,8,4.876,False,1.83,-1.74
xc_XC1089007_002,xc,XC1089007,6.060408163265305,6.246167800453513,185,8,5.213,False,1.12,-2.14
xc_XC1089007_003,xc,XC1089007,7.076281179138321,7.354920634920633,278,8,6.387,True,7.23,13.34
xc_XC1089007_004,xc,XC1089007,10.843718820861676,10.983038548752832,139,8,4.582,False,0.77,-1.59
xc_XC1089007_005,xc,XC1089007,11.882811791383215,12.12081632653061,238,5,5.482,False,3.38,4.18
xc_XC1089007_006,xc,XC1089007,12.64907029478458,12.92190476190476,272,45,5.897,False,2.84,6.66
xc_XC1089007_007,xc,XC1089007,15.046530612244895,15.261315192743762,214,8,5.158,False,0.73,-1.97
xc_XC1089007_008,xc,XC1089007,15.952108843537411,16.230748299319725,278,8,5.442,False,1.94,-2.6
xc_XC1089007_009,xc,XC1089007,16.67192743764172,16.9447619047619,272,8,6.863,True,6.89,12.62
xc_XC1089007_010,xc,XC1089007,17.36272108843537,17.478820861678003,116,29,6.537,True,6.92,13.31
xc_XC1089007_011,xc,XC1089007,17.525260770975056,17.687800453514736,162,-1,7.004,True,3.93,13.19
xc_XC1089007_012,xc,XC1089007,18.58757369614512,18.93587301587301,348,5,5.134,False,3.44,3.92
xc_XC1089007_013,xc,XC1089007,19.49315192743764,19.748571428571424,255,45,6.047,False,2.89,6.63
xc_XC1089007_014,xc,XC1089007,20.18394557823129,20.54965986394557,365,8,4.061,False,1.93,-2.66
xc_XC1089007_015,xc,XC1089007,20.96761904761905,21.13015873015873,162,29,6.628,True,7.06,13.51
xc_XC1089007_016,xc,XC1089007,21.31591836734693,21.5481179138322,232,8,6.432,True,6.79,13.16
xc_XC1089007_017,xc,XC1089007,21.780317460317452,22.02993197278911,249,29,5.98,False,7.19,13.16
xc_XC1089007_018,xc,XC1089007,22.1750566893424,22.378231292517004,203,29,5.4,False,7.3,13.28
xc_XC1089007_019,xc,XC1089007,23.14448979591836,23.39410430839002,249,8,4.408,False,2.07,-1.07
xc_XC1089007_020,xc,XC1089007,23.951383219954646,24.23002267573696,278,8,4.441,False,1.91,-0.78
xc_XC1089007_021,xc,XC1089007,24.69442176870748,24.990476190476187,296,33,7.03,True,7.52,10.15
xc_XC1089007_022,xc,XC1089007,25.68126984126984,26.02956916099773,348,30,5.53,False,4.16,7.91
xc_XC1089007_023,xc,XC1089007,26.07600907029478,26.401088435374145,325,26,6.249,True,5.24,9.03
xc_XC1089007_024,xc,XC1089007,27.074467120181403,27.353106575963714,278,21,6.429,True,3.92,11.06
xc_XC1089007_025,xc,XC1089007,27.74204081632653,27.99165532879818,249,8,4.023,False,0.54,-2.21
xc_XC1089007_026,xc,XC1089007,28.548934240362808,28.804353741496595,255,24,6.569,True,6.89,13.71
xc_XC1089007_027,xc,XC1089007,29.500952380952373,29.709931972789114,208,24,6.686,True,5.41,15.27
xc_XC1089007_028,xc,XC1089007,30.05242630385487,30.28462585034013,232,29,6.299,True,7.2,13.47
xc_XC1089007_029,xc,XC1089007,30.952199546485254,31.20761904761904,255,8,5.897,False,2.65,-3.19
xc_XC1089007_030,xc,XC1089007,31.602358276643987,31.89841269841269,296,8,3.639,False,2.19,-2.52
xc_XC1089007_031,xc,XC1089007,33.012970521541945,33.23936507936507,226,8,4.51,False,0.21,-2.19
xc_XC1089007_032,xc,XC1089007,35.94448979591836,36.17668934240363,232,8,4.788,False,0.35,-2.18
xc_XC1089007_033,xc,XC1089007,36.757188208616775,36.9835827664399,226,29,5.886,False,7.13,12.98
xc_XC1089007_034,xc,XC1089007,37.28544217687074,37.5350566893424,249,8,4.314,False,1.94,-1.5
xc_XC1089007_035,xc,XC1089007,38.30131519274376,38.57995464852607,278,8,5.166,False,2.66,0.23
xc_XC1089007_036,xc,XC1089007,39.06757369614512,39.322993197278905,255,33,6.464,True,7.44,10.13
xc_XC1089007_037,xc,XC1089007,40.03700680272108,40.40272108843537,365,5,6.21,True,3.59,4.67
xc_XC1089007_038,xc,XC1089007,40.710385487528335,41.02965986394557,319,26,5.838,False,5.1,8.84
xc_XC1089007_039,xc,XC1089007,41.47083900226757,41.7901133786848,319,24,5.93,False,2.91,12.37
xc_XC1089007_040,xc,XC1089007,42.347392290249424,42.37061224489795,23,49,5.416,False,-1.49,4.87
xc_XC1089007_041,xc,XC1089007,42.39383219954648,42.4344671201814,40,-1,5.47,False,-1.84,4.45
xc_XC1089007_042,xc,XC1089007,43.73478458049886,43.89732426303854,162,29,6.388,True,7.25,13.52
xc_XC1089007_043,xc,XC1089007,45.679455782312914,45.88263038548752,203,8,4.893,False,1.21,-2.25
xc_XC1089007_044,xc,XC1089007,46.64888888888888,46.88108843537414,232,29,5.883,False,7.07,13.33
xc_XC1089007_045,xc,XC1089007,46.95074829931972,47.13650793650793,185,29,5.932,False,7.32,13.37
xc_XC1089007_046,xc,XC1089007,49.79519274376416,50.01578231292516,220,8,4.195,False,0.56,-2.07
xc_XC1089007_047,xc,XC1089007,56.836643990929694,57.04562358276642,208,8,4.702,False,0.21,-2.31
xc_XC1089007_048,xc,XC1089007,58.16018140589568,58.43301587301587,272,8,4.522,False,2.02,-1.32
xc_XC1089007_049,xc,XC1089007,58.96707482993196,59.19927437641723,232,8,5.934,False,2.39,0.89
xc_XC1089007_050,xc,XC1089007,59.31537414965985,59.356009070294775,40,49,4.23,False,-1.86,4.45
xc_XC1089007_051,xc,XC1089007,61.20780045351473,61.43999999999999,232,26,5.077,False,5.09,9.15
xc_XC1089007_052,xc,XC1089007,62.10757369614511,62.29913832199545,191,8,4.12,False,0.94,-2.16
xc_XC1089007_053,xc,XC1089007,62.897052154195,63.10603174603174,208,29,5.946,False,7.21,13.69
xc_XC1089007_054,xc,XC1089007,63.9825850340136,64.23219954648525,249,29,6.036,False,6.99,13.47
xc_XC1089007_055,xc,XC1089007,66.72834467120181,66.89668934240362,168,8,4.584,False,0.85,-1.85
xc_XC1089007_056,xc,XC1089007,68.60335600907028,68.83555555555554,232,8,3.924,False,1.35,-2.08
xc_XC1089007_057,xc,XC1089007,70.91374149659862,71.1459410430839,232,8,4.737,False,1.39,-1.88
xc_XC1089007_058,xc,XC1089007,72.11537414965986,72.35337868480725,238,15,6.423,True,7.08,12.8
xc_XC1089007_059,xc,XC1089007,72.99192743764172,73.27056689342402,278,8,4.2,False,1.52,-1.53
xc_XC1089007_060,xc,XC1089007,73.71174603174602,73.82784580498866,116,8,5.767,False,2.17,-1.11
xc_XC1089007_061,xc,XC1089007,73.85106575963718,73.89750566893423,46,-1,8.091,True,3.7,9.17
xc_XC1089007_062,xc,XC1089007,73.9439455782313,73.9671655328798,23,-1,5.721,False,-2.47,4.64
xc_XC1089007_063,xc,XC1089007,74.82630385487526,75.09333333333332,267,30,4.98,False,4.04,8.29
xc_XC1089007_064,xc,XC1089007,75.78993197278909,76.11501133786847,325,9,6.208,True,4.03,11.21
xc_XC1089007_065,xc,XC1089007,76.46331065759637,76.69551020408161,232,8,4.461,False,1.41,-1.81
xc_XC1089007_066,xc,XC1089007,77.5024036281179,77.68816326530612,185,29,6.208,True,7.19,13.02
xc_XC1089007_067,xc,XC1089007,78.21641723356008,78.42539682539682,208,29,5.933,False,7.3,13.18
xc_XC1089007_068,xc,XC1089007,78.72725623582765,78.93623582766438,208,29,6.206,True,6.97,13.75
xc_XC1089007_069,xc,XC1089007,79.60380952380952,79.7489342403628,145,8,5.036,False,1.4,-1.66
xc_XC1089007_070,xc,XC1089007,79.81859410430837,79.84181405895691,23,49,4.828,False,-2.04,4.34
xc_XC1089007_071,xc,XC1089007,79.86503401360542,79.92308390022674,58,-1,5.002,False,1.31,-0.31
xc_XC1089007_072,xc,XC1089007,80.7822222222222,80.96798185941041,185,8,6.904,True,2.12,-1.23
xc_XC1089007_073,xc,XC1089007,81.79809523809523,82.17541950113377,377,5,5.963,False,4.33,7.73
xc_XC1089007_074,xc,XC1089007,83.51056689342403,83.71954648526075,208,8,4.409,False,1.36,-2.07
xc_XC1089007_075,xc,XC1089007,84.09106575963717,84.31746031746032,226,29,6.419,True,7.09,13.03
xc_XC1089007_076,xc,XC1089007,85.054693877551,85.37977324263036,325,29,5.981,False,7.16,12.81
xc_XC1089007_077,xc,XC1089007,89.15301587301586,89.33297052154194,179,8,4.612,False,1.44,-2.14
xc_XC1089266_000,xc,XC1089266,3.268208616780045,3.494603174603174,226,8,4.045,False,0.49,-2.04
xc_XC1089266_001,xc,XC1089266,4.324716553287981,4.603356009070294,278,8,4.225,False,2.06,-1.35
xc_XC1089266_002,xc,XC1089266,5.154829931972788,5.416054421768707,261,8,4.25,False,2.35,-0.14
xc_XC1089266_003,xc,XC1089266,5.828208616780044,6.060408163265305,232,33,6.698,True,7.47,10.12
xc_XC1089266_004,xc,XC1089266,8.71909297052154,8.9512925170068,232,8,3.526,False,0.68,-2.06
xc_XC1089266_005,xc,XC1089266,10.495419501133783,10.710204081632652,214,8,3.401,False,1.13,-2.0
xc_XC1089266_006,xc,XC1089266,11.58675736961451,11.842176870748297,255,8,4.153,False,1.1,-1.48
xc_XC1089266_007,xc,XC1089266,12.399455782312923,12.62004535147392,220,8,4.18,False,1.7,-0.57
xc_XC1089266_008,xc,XC1089266,13.252789115646255,13.409523809523808,156,-1,6.367,True,3.4,12.54
xc_XC1089266_009,xc,XC1089266,14.106122448979589,14.402176870748296,296,30,4.615,False,4.28,8.12
xc_XC1089266_010,xc,XC1089266,15.052335600907028,15.37160997732426,319,-1,5.433,False,3.0,6.37
xc_XC1089266_011,xc,XC1089266,16.625487528344667,16.811247165532876,185,15,5.718,False,7.16,12.44
xc_XC1089266_012,xc,XC1089266,17.43818594104308,17.612335600907027,174,15,5.582,False,7.08,12.53
xc_XC1089266_013,xc,XC1089266,17.966439909297048,18.146394557823125,179,15,5.319,False,7.18,12.9
xc_XC1089266_014,xc,XC1089266,20.532244897959178,20.735419501133784,203,8,3.586,False,0.86,-1.98
xc_XC1089266_015,xc,XC1089266,23.835283446712012,24.04426303854875,208,8,3.678,False,0.63,-1.97
xc_XC1089266_016,xc,XC1089266,24.671201814058957,24.90340136054421,232,8,3.718,False,1.13,-1.58
xc_XC1089266_017,xc,XC1089266,25.84380952380952,26.05278911564625,208,8,3.758,False,0.83,-2.03
xc_XC1089266_018,xc,XC1089266,32.391836734693875,32.7285260770975,336,30,4.77,False,4.29,8.15
xc_XC1089266_019,xc,XC1089266,34.74866213151927,34.928616780045346,179,8,4.049,False,1.27,-1.94
xc_XC1089266_020,xc,XC1089266,36.8732879818594,37.03582766439909,162,24,5.985,False,7.02,13.08
xc_XC1089266_021,xc,XC1089266,42.62022675736961,42.85242630385487,232,49,3.687,False,0.5,6.71
xc_XC1089266_022,xc,XC1089266,43.36326530612244,43.54902494331065,185,8,3.714,False,1.09,-1.92
xc_XC1089266_023,xc,XC1089266,44.47201814058956,44.75065759637187,278,8,4.102,False,1.36,-1.83
xc_XC1089266_024,xc,XC1089266,45.27891156462584,45.56335600907029,284,8,3.797,False,1.2,-1.1
xc_XC1089266_025,xc,XC1089266,45.99873015873015,46.02195011337868,23,-1,4.888,False,-1.32,4.7
xc_XC1089266_026,xc,XC1089266,46.06839002267573,46.254149659863934,185,-1,5.891,False,3.22,12.72
xc_XC1089266_027,xc,XC1089266,46.92752834467119,47.31646258503401,388,30,4.492,False,4.07,8.24
xc_XC1089266_028,xc,XC1089266,47.84471655328797,48.14657596371881,301,-1,5.131,False,3.6,9.11
xc_XC1089266_029,xc,XC1089266,48.796734693877546,49.00571428571428,208,8,3.406,False,0.26,-1.71
xc_XC1089266_030,xc,XC1089266,50.87492063492063,50.92136054421768,46,29,7.046,True,6.5,12.7
xc_XC1089266_031,xc,XC1089266,52.19845804988661,52.29133786848072,92,8,4.584,False,0.97,-1.43
xc_XC1089266_032,xc,XC1089266,52.41904761904761,52.4712925170068,52,49,4.377,False,-1.71,4.67
xc_XC1089266_033,xc,XC1089266,53.092426303854864,53.3014058956916,208,8,3.789,False,2.58,0.71
xc_XC1089266_034,xc,XC1089266,53.88190476190476,54.02122448979591,139,-1,6.659,True,3.65,12.57
xc_XC1089266_035,xc,XC1089266,54.78748299319727,54.92099773242629,133,31,4.361,False,4.46,7.46
xc_XC1089266_036,xc,XC1089266,55.77433106575963,55.98331065759636,208,45,5.676,False,2.96,6.93
xc_XC1089266_037,xc,XC1089266,56.54058956916099,56.67990929705215,139,8,4.198,False,0.7,-1.87
xc_XC1089266_038,xc,XC1089266,58.50267573696144,58.59555555555555,92,29,7.102,True,7.21,13.52
xc_XC1089266_039,xc,XC1089266,62.757732426303846,62.98993197278911,232,8,3.52,False,1.45,-1.77
xc_XC1089266_040,xc,XC1089266,64.0754648526077,64.19156462585033,116,33,6.304,True,7.04,11.84
xc_XC1089266_041,xc,XC1089266,68.0518820861678,68.2550566893424,203,8,4.224,False,1.51,-1.62
xc_XC1089266_042,xc,XC1089266,68.85877551020407,69.15482993197278,296,8,4.021,False,1.68,-1.66
xc_XC1089266_043,xc,XC1089266,69.76435374149658,69.8978684807256,133,8,3.745,False,1.52,-0.86
xc_XC1089266_044,xc,XC1089266,73.06739229024943,73.27056689342402,203,8,3.877,False,1.07,-2.15
xc_XC1089266_045,xc,XC1089266,74.21678004535147,74.24580498866212,29,-1,5.74,False,-2.11,4.55
xc_XC1089266_046,xc,XC1089266,78.49505668934239,78.70403628117913,208,15,5.053,False,7.14,12.53
xc_XC1089266_047,xc,XC1089266,79.26131519274375,79.44707482993195,185,15,5.55,False,7.02,12.85
xc_XC1089266_048,xc,XC1089266,79.77215419501132,79.92888888888888,156,15,5.611,False,7.14,12.45
xc_XC1089266_049,xc,XC1089266,80.0624036281179,80.2249433106576,162,29,5.341,False,7.1,13.2
xc_XC1089266_050,xc,XC1089266,83.64988662131518,83.88208616780044,232,8,3.465,False,0.7,-2.01
xc_XC1089266_051,xc,XC1089266,86.33179138321994,86.4711111111111,139,8,4.71,False,2.08,-1.32
xc_XC1089266_052,xc,XC1089266,87.23156462585033,87.25478458049885,23,49,4.576,False,-1.91,4.27
xc_XC1089266_053,xc,XC1089266,87.26058956916097,87.48117913832198,220,33,6.265,True,7.23,10.19
xc_XC1089266_054,xc,XC1089266,88.13714285714283,88.57251700680271,435,30,4.101,False,4.11,8.23
xc_XC1089266_055,xc,XC1089266,89.0311111111111,89.33877551020407,307,-1,5.151,False,3.09,6.54
xc_XC1089266_056,xc,XC1089266,89.97732426303854,90.16308390022677,185,8,3.368,False,1.08,-2.02
xc_XC1089266_057,xc,XC1089266,90.90612244897956,91.0918820861678,185,15,5.694,False,7.19,12.53
xc_XC1089266_058,xc,XC1089266,91.6491609977324,91.852335600907,203,15,5.811,False,7.19,12.47
xc_XC1089266_059,xc,XC1089266,92.20063492063493,92.38639455782312,185,29,5.435,False,7.28,13.1
xc_XC1089266_060,xc,XC1089266,93.61124716553287,93.88988662131518,278,8,4.004,False,1.44,-1.82
xc_XC1089266_061,xc,XC1089266,95.9216326530612,96.10739229024942,185,8,3.934,False,0.94,-1.96
xc_XC1089266_062,xc,XC1089266,97.07682539682538,97.19873015873014,121,8,4.876,False,1.42,-0.81
xc_XC1089266_063,xc,XC1089266,98.0230385487528,98.25523809523808,232,24,6.019,False,3.89,12.05
xc_XC1089266_064,xc,XC1089266,100.40888888888888,100.44952380952378,40,49,3.672,False,-1.47,5.03
xc_XC1089266_065,xc,XC1089266,101.076462585034,101.21578231292514,139,8,3.909,False,0.44,-1.85
xc_XC1089266_066,xc,XC1089266,102.02848072562357,102.26068027210884,232,8,4.384,False,1.62,-1.48
xc_XC1089266_067,xc,XC1089266,102.85278911564625,103.10820861678005,255,8,4.03,False,1.89,-0.72
xc_XC1089266_068,xc,XC1089266,103.52616780045348,103.64226757369612,116,8,4.445,False,1.62,-1.16
xc_XC1089266_069,xc,XC1089266,103.66548752834466,103.82802721088431,162,-1,5.532,False,3.09,13.07
xc_XC1089266_070,xc,XC1089266,104.52462585034012,104.88453514739228,359,31,4.654,False,4.46,7.7
xc_XC1089266_071,xc,XC1089266,105.69723356009068,105.85977324263035,162,-1,6.094,False,3.69,10.38
xc_XC1089266_072,xc,XC1089266,106.37061224489794,106.57378684807254,203,8,3.514,False,1.14,-2.08
xc_XC1089266_073,xc,XC1089266,107.15428571428568,107.40390022675736,249,29,6.2,True,7.02,13.42
xc_XC1089266_074,xc,XC1089266,108.01342403628117,108.21659863945575,203,15,6.083,False,7.14,12.37
xc_XC1089266_075,xc,XC1089266,108.5184580498866,108.7042176870748,185,29,6.098,False,7.18,12.8
xc_XC1089266_076,xc,XC1089266,109.20925170068026,109.26149659863944,52,29,8.232,True,6.83,13.28
xc_XC1089266_077,xc,XC1089266,113.39464852607708,113.4178684807256,23,49,3.963,False,-2.33,4.56
xc_XC1089266_078,xc,XC1089266,114.36988662131516,114.60208616780042,232,8,3.356,False,1.13,-2.08
xc_XC1089266_079,xc,XC1089266,115.26965986394556,115.54249433106574,272,8,4.298,False,1.25,-1.58
xc_XC1089266_080,xc,XC1089266,116.19265306122446,116.28553287981858,92,-1,5.791,False,3.86,9.33
xc_XC1089266_081,xc,XC1089266,118.47981859410427,118.71201814058956,232,8,3.545,False,1.23,-1.9
xc_XC1089266_082,xc,XC1089266,119.1996371882086,119.33895691609976,139,33,5.631,False,7.5,10.95
xc_XC1089266_083,xc,XC1089266,119.7336961451247,119.9775056689342,243,15,6.013,False,6.78,12.87
xc_XC1089266_084,xc,XC1089266,121.115283446712,121.3010430839002,185,8,4.086,False,1.26,-1.03
xc_XC1089266_085,xc,XC1089266,125.17877551020406,125.41097505668932,232,8,3.53,False,0.95,-1.95
xc_XC1089266_086,xc,XC1089266,125.96825396825396,126.10757369614512,139,33,6.252,True,7.63,10.5
xc_XC1089266_087,xc,XC1089266,126.7287074829932,126.98412698412696,255,15,6.092,False,7.17,12.44
xc_XC1089266_088,xc,XC1089266,127.2685714285714,127.33242630385486,63,29,8.066,True,6.6,12.59
xc_XC1089266_089,xc,XC1089266,131.00698412698412,131.2624036281179,255,8,3.587,False,1.02,-1.97
xc_XC1089266_090,xc,XC1089266,131.61070294784577,131.796462585034,185,8,3.602,False,1.29,-2.08
xc_XC1089266_091,xc,XC1089266,132.53950113378684,132.7020408163265,162,15,5.637,False,7.16,12.5
xc_XC1089266_092,xc,XC1089266,133.42185941043084,133.561179138322,139,29,5.326,False,7.32,13.39
xc_XC1089266_093,xc,XC1089266,133.8630385487528,134.02557823129249,162,24,5.612,False,6.96,13.28
xc_XC1089268_000,xc,XC1089268,0.9752380952380952,1.1145578231292517,139,29,6.041,False,7.35,13.53
xc_XC1089268_001,xc,XC1089268,1.4628571428571429,1.6253968253968254,162,29,5.385,False,7.19,13.22
xc_XC1089268_002,xc,XC1089268,6.844081632653062,6.91374149659864,69,29,6.906,True,6.56,12.93
xc_XC1089268_003,xc,XC1089268,7.267845804988662,7.383945578231293,116,8,6.203,True,1.04,-1.81
xc_XC1089268_004,xc,XC1089268,7.836734693877551,7.859954648526077,23,-1,5.271,False,-2.13,4.68
xc_XC1089268_005,xc,XC1089268,8.092154195011338,8.347573696145124,255,49,4.602,False,1.14,6.96
xc_XC1089268_006,xc,XC1089268,8.55655328798186,8.695873015873016,139,49,4.538,False,-1.2,5.19
xc_XC1089268_007,xc,XC1089268,8.928072562358278,9.090612244897958,162,24,5.529,False,3.09,12.91
xc_XC1089268_008,xc,XC1089268,9.78721088435374,10.1297052154195,342,-1,4.823,False,4.61,7.94
xc_XC1089268_009,xc,XC1089268,10.797278911564629,11.029478458049889,232,24,5.58,False,2.88,11.62
xc_XC1089268_010,xc,XC1089268,11.697052154195012,11.8421768707483,145,8,3.867,False,1.07,-2.05
xc_XC1089268_011,xc,XC1089268,12.045351473922905,12.18467120181406,139,-1,5.988,False,4.11,9.67
xc_XC1089268_012,xc,XC1089268,12.92190476190476,13.038004535147392,116,33,6.277,True,7.3,11.05
xc_XC1089268_013,xc,XC1089268,13.432743764172336,13.64172335600907,208,-1,5.792,False,3.82,7.17
xc_XC1089268_014,xc,XC1089268,14.500861678004537,14.680816326530612,179,8,3.523,False,0.68,-1.77
xc_XC1089268_015,xc,XC1089268,15.609614512471657,15.789569160997733,179,8,4.096,False,1.05,-1.28
xc_XC1089268_016,xc,XC1089268,16.486167800453515,16.782222222222224,296,8,3.592,False,1.4,-0.4
xc_XC1089268_017,xc,XC1089268,17.322086167800453,17.478820861678003,156,24,5.648,False,3.26,12.88
xc_XC1089268_018,xc,XC1089268,20.06204081632653,20.108480725623583,46,-1,10.898,True,3.89,9.6
xc_XC1089268_019,xc,XC1089268,20.55546485260771,20.66575963718821,110,15,6.238,True,7.09,12.37
xc_XC1089268_020,xc,XC1089268,21.106938775510205,21.199818594104308,92,29,5.897,False,7.06,13.29
xc_XC1089270_000,xc,XC1089270,8.045714285714284,8.237278911564626,191,15,5.441,False,7.05,12.44
xc_XC1089270_001,xc,XC1089270,8.904852607709751,9.113832199546485,208,15,5.039,False,7.0,12.7
xc_XC1089270_002,xc,XC1089270,9.369251700680271,9.601451247165532,232,29,5.498,False,7.13,13.02
xc_XC1089270_003,xc,XC1089270,10.17034013605442,10.332879818594105,162,24,5.724,False,7.06,12.9
xc_XC1089270_004,xc,XC1089270,11.563537414965984,11.813151927437644,249,8,3.418,False,2.68,0.76
xc_XC1089270_005,xc,XC1089270,12.393650793650794,12.503945578231292,110,-1,5.655,False,3.73,8.9
xc_XC1089270_006,xc,XC1089270,13.386303854875283,13.804263038548752,417,30,4.317,False,4.25,8.15
xc_XC1089270_007,xc,XC1089270,14.547301587301586,14.63437641723356,87,-1,5.331,False,2.2,6.14
xc_XC1089270_008,xc,XC1089270,14.657596371882086,14.75047619047619,92,-1,6.063,False,3.75,10.09
xc_XC1089270_009,xc,XC1089270,15.255510204081633,15.557369614512472,301,8,3.508,False,1.5,-2.35
xc_XC1089270_010,xc,XC1089270,16.021768707482995,16.184308390022675,162,24,5.664,False,5.36,15.25
xc_XC1089270_011,xc,XC1089270,16.300408163265306,16.439727891156462,139,29,5.742,False,6.98,13.45
xc_XC1089270_012,xc,XC1089270,16.50938775510204,16.642902494331064,133,29,6.01,False,6.66,12.99
xc_XC1089270_013,xc,XC1089270,16.89832199546485,17.153741496598638,255,29,5.754,False,6.87,13.07
xc_XC1089270_014,xc,XC1089270,18.09995464852608,18.128979591836732,29,49,3.7,False,-2.19,4.62
xc_XC1089270_015,xc,XC1089270,20.787664399092968,20.96761904761905,179,15,5.587,False,7.0,12.46
xc_XC1089270_016,xc,XC1089270,21.0140589569161,21.130158730158733,116,29,5.654,False,7.01,13.43
xc_XC1089270_017,xc,XC1089270,21.269478458049885,21.43201814058957,162,-1,5.894,False,6.83,12.94
xc_XC1089270_018,xc,XC1089270,23.41732426303855,23.626303854875285,208,8,3.375,False,1.58,-2.01
xc_XC1089270_019,xc,XC1089270,24.06748299319728,24.293877551020408,226,8,3.45,False,1.29,-1.97
xc_XC1089270_020,xc,XC1089270,25.15301587301587,25.338775510204083,185,15,5.932,False,7.04,12.55
xc_XC1089270_021,xc,XC1089270,25.65804988662132,25.820589569161,162,15,5.556,False,6.93,12.96
xc_XC1089270_022,xc,XC1089270,26.308208616780043,26.51718820861678,208,15,4.873,False,6.98,12.72
xc_XC1089270_023,xc,XC1089270,26.79582766439909,27.045442176870747,249,15,5.506,False,6.63,12.55
xc_XC1089270_024,xc,XC1089270,33.15229024943311,33.30902494331066,156,15,5.873,False,7.26,12.22
xc_XC1089270_025,xc,XC1089270,33.378684807256235,33.494784580498866,116,29,5.777,False,7.06,13.35
xc_XC1089270_026,xc,XC1089270,33.657324263038554,33.77342403628118,116,29,6.35,True,7.1,13.41
xc_XC1089270_027,xc,XC1089270,33.866303854875284,34.028843537414964,162,29,5.815,False,7.11,13.46
xc_XC1089270_028,xc,XC1089270,38.53351473922903,38.672834467120175,139,8,4.045,False,1.65,-1.17
xc_XC1089270_029,xc,XC1089270,39.439092970521536,39.59582766439909,156,24,5.583,False,5.15,15.34
xc_XC1089270_030,xc,XC1089270,40.28662131519275,40.30984126984127,23,-1,5.226,False,-1.88,4.69
xc_XC1089270_031,xc,XC1089270,40.3330612244898,40.35628117913832,23,49,4.665,False,-1.49,5.04
xc_XC1089270_032,xc,XC1089270,40.79746031746032,40.84390022675737,46,29,7.086,True,6.5,12.37
xc_XC1089270_033,xc,XC1089270,41.12253968253968,41.14575963718821,23,49,4.724,False,-2.14,4.84
xc_XC1089270_034,xc,XC1089270,42.16163265306122,42.20807256235828,46,30,6.985,True,3.84,8.2
xc_XC1089270_035,xc,XC1089270,43.61868480725624,43.87410430839002,255,8,3.44,False,1.46,-2.11
xc_XC1089270_036,xc,XC1089270,44.40816326530612,44.61714285714285,208,15,5.705,False,7.29,12.42
xc_XC1089270_037,xc,XC1089270,44.98285714285714,45.05251700680272,69,33,7.09,True,7.29,11.37
xc_XC1089270_038,xc,XC1089270,45.23827664399093,45.3253514739229,87,29,6.664,True,6.69,12.51
xc_XC1089270_039,xc,XC1089270,47.56607709750567,47.75183673469388,185,8,3.359,False,2.85,1.15
xc_XC1089270_040,xc,XC1089270,49.30176870748299,49.4875283446712,185,30,4.357,False,4.06,8.24
xc_XC1089270_041,xc,XC1089270,51.50185941043084,51.65859410430839,156,15,5.643,False,7.21,11.88
xc_XC1089270_042,xc,XC1089270,51.75727891156463,51.91401360544217,156,29,5.365,False,6.95,13.38
xc_XC1089270_043,xc,XC1089270,51.96625850340136,52.10557823129251,139,-1,6.01,False,5.95,13.17
xc_XC1089270_044,xc,XC1089270,52.54095238095238,52.72671201814059,185,29,5.971,False,7.23,13.47
xc_XC1089270_045,xc,XC1089270,56.563809523809525,56.81342403628118,249,26,4.698,False,5.26,9.28
xc_XC1089270_046,xc,XC1089270,58.31691609977324,58.47945578231292,162,8,3.387,False,1.31,-2.16
xc_XC1089270_047,xc,XC1089270,58.54911564625851,58.73487528344671,185,15,5.764,False,7.16,12.17
xc_XC1089270_048,xc,XC1089270,59.15283446712018,59.30956916099773,156,29,5.581,False,7.24,13.22
xc_XC1089270_049,xc,XC1089270,59.5243537414966,59.66367346938775,139,29,5.962,False,7.1,13.11
xc_XC1089270_050,xc,XC1089270,59.84943310657596,59.982947845804986,133,29,5.722,False,7.16,13.15
xc_XC1089270_051,xc,XC1089270,60.09324263038549,60.25578231292517,162,24,5.785,False,6.23,13.64
xc_XC1089270_052,xc,XC1089270,63.84326530612245,63.95936507936508,116,8,4.775,False,0.27,-1.56
xc_XC1089270_053,xc,XC1089270,64.72562358276645,64.96943310657596,243,15,5.74,False,7.0,12.8
xc_XC1089270_054,xc,XC1089270,65.64281179138322,65.8053514739229,162,29,5.533,False,7.16,13.12
xc_XC1089270_055,xc,XC1089270,66.10721088435375,66.31619047619047,208,15,5.624,False,7.09,12.7
xc_XC1089270_056,xc,XC1089270,66.68190476190476,66.7980045351474,116,29,6.189,True,7.17,13.17
xc_XC1089270_057,xc,XC1089270,70.19392290249434,70.63510204081634,441,30,3.507,False,4.09,8.22
xc_XC1089270_058,xc,XC1089270,71.14594104308391,71.35492063492063,208,-1,5.151,False,3.64,9.97
xc_XC1089270_059,xc,XC1089270,71.67419501133787,71.7902947845805,116,8,4.021,False,0.93,-1.75
xc_XC1089270_060,xc,XC1089270,71.90639455782312,72.02249433106576,116,8,3.955,False,1.2,-2.03
xc_XC1089270_061,xc,XC1089270,72.4346485260771,72.57396825396826,139,15,5.615,False,7.11,12.61
xc_XC1089270_062,xc,XC1089270,72.66684807256235,72.78294784580498,116,29,5.72,False,7.18,13.42
xc_XC1089270_063,xc,XC1089270,72.89904761904762,72.99773242630386,98,33,6.779,True,7.33,11.1
xc_XC1089270_064,xc,XC1089270,73.13705215419502,73.27056689342403,133,29,5.695,False,6.83,13.53
xc_XC1089270_065,xc,XC1089270,73.36344671201813,73.5027664399093,139,29,5.893,False,6.69,13.34
xc_XC1089270_066,xc,XC1089270,76.75936507936507,76.88126984126984,121,29,5.66,False,7.3,13.37
xc_XC1089270_067,xc,XC1089270,77.43274376417234,77.71138321995464,278,29,5.72,False,6.46,13.19
xc_XC1089270_068,xc,XC1089270,78.05968253968254,78.17578231292516,116,33,6.931,True,7.53,10.93
xc_XC1089270_069,xc,XC1089270,78.2396371882086,78.35573696145124,116,-1,6.148,True,6.5,13.48
xc_XC1089270_070,xc,XC1089270,78.72725623582767,78.88979591836735,162,29,5.798,False,6.85,13.33
xc_XC1089270_071,xc,XC1089270,85.57133786848073,85.77451247165533,203,8,3.256,False,1.12,-2.04
xc_XC1089270_072,xc,XC1089270,86.65106575963719,86.79038548752834,139,29,5.461,False,6.75,13.67
xc_XC1089270_073,xc,XC1089270,87.59727891156463,87.69596371882086,98,-1,6.525,True,3.32,9.19
xc_XC1089270_074,xc,XC1089270,88.13133786848073,88.22421768707483,92,24,6.279,True,6.35,13.97
xc_XC1089270_075,xc,XC1089270,91.04544217687076,91.25442176870747,208,8,3.702,False,1.01,-1.93
xc_XC1089270_076,xc,XC1089270,91.89877551020408,92.04390022675736,145,15,6.034,False,7.21,12.37
xc_XC1089270_077,xc,XC1089270,92.52571428571429,92.65922902494331,133,15,5.963,False,7.33,11.7
xc_XC1089270_078,xc,XC1089270,93.03655328798186,93.14684807256236,110,29,6.6,True,7.18,12.95
xc_XC1089270_079,xc,XC1089270,97.12326530612243,97.31482993197278,191,26,4.876,False,5.28,9.17
xc_XC1089270_080,xc,XC1089270,97.77342403628118,97.81986394557822,46,49,2.96,False,-1.69,5.09
xc_XC1089270_081,xc,XC1089270,97.86049886621316,98.162358276644,301,-1,5.055,False,3.67,10.45
xc_XC1089270_082,xc,XC1089270,99.64843537414966,99.91546485260773,267,15,5.65,False,6.97,12.96
xc_XC1089270_083,xc,XC1089270,100.15346938775512,100.28698412698412,133,15,6.139,True,7.16,12.67
xc_XC1089270_084,xc,XC1089270,100.98358276643992,101.076462585034,92,8,4.224,False,1.08,-1.1
xc_XC1089270_085,xc,XC1089270,101.12290249433109,101.16934240362812,46,49,3.791,False,-1.82,4.63
xc_XC1089270_086,xc,XC1089270,102.3477551020408,102.38839002267574,40,49,3.533,False,-1.6,4.87
xc_XC1089270_087,xc,XC1089270,102.41160997732426,102.5509297052154,139,24,5.134,False,3.06,13.02
xc_XC1089270_088,xc,XC1089270,103.22430839002268,103.5958276643991,371,30,4.02,False,4.28,8.15
xc_XC1089270_089,xc,XC1089270,104.3156462585034,104.58848072562358,272,-1,5.244,False,3.94,11.02
xc_XC1089270_090,xc,XC1089270,104.95419501133787,105.00063492063492,46,47,4.95,False,-0.52,3.55
xc_XC1089270_091,xc,XC1089270,105.09931972789116,105.1457596371882,46,8,5.408,False,-1.74,4.23
xc_XC1089270_092,xc,XC1089270,105.6972335600907,105.92943310657596,232,15,5.438,False,7.02,13.06
xc_XC1089270_093,xc,XC1089270,106.30095238095238,106.41705215419502,116,29,5.686,False,7.24,13.16
xc_XC1089270_094,xc,XC1089270,106.57959183673468,106.69569160997732,116,24,6.055,False,6.45,13.94
xc_XC1089270_095,xc,XC1089270,106.80598639455782,106.94530612244898,139,29,6.514,True,7.13,13.38
xc_XC1089270_096,xc,XC1089270,107.49678004535149,107.66512471655328,168,8,3.549,False,2.48,0.85
xc_XC1089270_097,xc,XC1089270,109.2150566893424,109.42403628117914,208,8,3.382,False,1.06,-1.97
xc_XC1089270_098,xc,XC1089270,110.34702947845804,110.52698412698412,179,15,5.465,False,7.27,12.16
xc_XC1089270_099,xc,XC1089270,110.92172335600908,111.08426303854876,162,15,5.429,False,6.93,13.06
xc_XC1089270_100,xc,XC1089270,111.22358276643992,111.316462585034,92,33,6.943,True,7.32,10.94
xc_XC1089270_101,xc,XC1089270,111.45578231292517,111.54285714285714,87,29,6.749,True,6.82,12.97
xc_XC1089270_102,xc,XC1089270,111.7750566893424,111.79827664399092,23,-1,4.878,False,-2.32,4.56
xc_XC1089270_103,xc,XC1089270,112.3091156462585,112.33233560090704,23,-1,5.156,False,-1.56,4.29
xc_XC1089270_104,xc,XC1089270,122.3633560090703,122.43301587301588,69,-1,5.859,False,3.51,9.6
xc_XC1089270_105,xc,XC1089270,122.61297052154195,122.7522902494331,139,21,4.818,False,3.76,10.25
xc_XC1089270_106,xc,XC1089270,123.37922902494331,123.70430839002267,325,30,4.142,False,4.32,8.02
xc_XC1089270_107,xc,XC1089270,124.23836734693876,124.48798185941044,249,-1,4.533,False,3.64,9.68
xc_XC1089270_108,xc,XC1089270,124.9059410430839,125.11492063492064,208,8,3.263,False,1.3,-1.9
xc_XC1089270_109,xc,XC1089270,125.73605442176871,125.92181405895693,185,15,5.289,False,6.93,12.84
xc_XC1089270_110,xc,XC1089270,126.1772335600907,126.3397732426304,162,29,5.801,False,6.87,12.96
xc_XC1089270_111,xc,XC1089270,126.50231292517006,126.64163265306122,139,15,5.5,False,6.89,12.87
xc_XC1089270_112,xc,XC1089270,126.77514739229024,126.94349206349206,168,29,5.522,False,6.69,13.29
xc_XC1089270_113,xc,XC1089270,127.12925170068029,127.28598639455782,156,-1,5.702,False,6.1,13.61
xc_XC1089270_114,xc,XC1089270,130.89088435374148,130.93732426303856,46,49,3.697,False,-1.83,4.84
xc_XC1089270_115,xc,XC1089270,131.09986394557822,131.28562358276645,185,8,3.681,False,1.46,-1.88
xc_XC1089270_116,xc,XC1089270,131.56426303854877,131.81968253968253,255,8,3.254,False,2.84,1.16
xc_XC1089270_117,xc,XC1089270,131.92997732426304,132.13895691609977,208,8,3.86,False,1.51,-1.19
xc_XC1089270_118,xc,XC1089270,133.24770975056688,133.54956916099772,301,30,4.688,False,4.4,7.84
xc_XC1089270_119,xc,XC1089270,134.03138321995465,134.1707029478458,139,15,5.332,False,7.06,12.06
xc_XC1089270_120,xc,XC1089270,134.52480725623582,134.54802721088436,23,49,5.714,False,-2.17,4.37
xc_XC1089270_121,xc,XC1089270,134.71056689342402,134.73378684807258,23,-1,5.0,False,-1.93,4.54
xc_XC1089270_122,xc,XC1089270,135.40136054421768,135.49424036281178,92,15,6.344,True,7.03,12.56
xc_XC1089270_123,xc,XC1089270,136.81197278911566,136.85260770975057,40,49,4.872,False,-1.87,4.58
xc_XC1089270_124,xc,XC1089270,137.64208616780044,138.03102040816324,388,26,4.646,False,4.92,8.78
xc_XC1089270_125,xc,XC1089270,138.70439909297053,138.91337868480724,208,-1,4.975,False,3.6,10.19
xc_XC1089270_126,xc,XC1089270,139.46485260770976,139.67383219954647,208,8,3.208,False,1.3,-2.0
xc_XC1089270_127,xc,XC1089270,140.3936507936508,140.5561904761905,162,15,5.371,False,7.1,12.59
xc_XC1089270_128,xc,XC1089270,141.27020408163267,141.47337868480724,203,15,5.812,False,7.1,12.57
xc_XC1089270_129,xc,XC1089270,142.0306575963719,142.15256235827667,121,29,6.426,True,7.12,13.3
xc_XC1089270_130,xc,XC1089270,142.4950566893424,142.67501133786848,179,15,5.591,False,6.91,13.03
xc_XC1089270_131,xc,XC1089270,143.27873015873016,143.55736961451245,278,8,3.6,False,1.83,-1.44
xc_XC1089270_132,xc,XC1089270,144.17850340136053,144.4107029478458,232,8,3.441,False,2.78,1.06
xc_XC1089270_133,xc,XC1089270,148.43356009070297,148.48,46,-1,4.673,False,-2.12,5.53
xc_XC1089270_134,xc,XC1089270,148.52643990929704,148.68897959183676,162,33,5.741,False,7.36,11.6
xc_XC1089270_135,xc,XC1089270,148.8282993197279,148.94439909297054,116,29,6.009,False,7.01,13.31
xc_XC1089270_136,xc,XC1089270,149.03147392290248,149.15337868480725,121,29,6.342,True,7.2,12.98
xc_XC1089270_137,xc,XC1089270,149.2926984126984,149.44943310657598,156,29,5.608,False,6.82,12.88
xc_XC1089270_138,xc,XC1089270,149.63519274376418,149.7338775510204,98,29,6.229,True,7.17,13.34
xc_XC1089270_139,xc,XC1089270,152.23002267573696,152.26485260770977,34,49,4.06,False,-1.94,4.51
xc_XC1089270_140,xc,XC1089270,153.0833560090703,153.26331065759635,179,15,5.653,False,7.36,11.39
xc_XC1089270_141,xc,XC1089270,153.93668934240364,154.1166439909297,179,15,5.505,False,7.26,11.97
xc_XC1089270_142,xc,XC1089270,154.41850340136054,154.62748299319728,208,29,5.924,False,7.03,13.2
xc_XC1089270_143,xc,XC1089270,154.9293424036281,155.06866213151926,139,33,6.104,False,7.65,10.44
xc_XC1089270_144,xc,XC1089270,155.1847619047619,155.30086167800454,116,24,5.491,False,5.94,13.59
xc_XC1089270_145,xc,XC1089270,155.75945578231293,155.80589569160998,46,-1,7.336,True,5.4,13.47
xc_XC1089270_146,xc,XC1089270,155.8291156462585,156.0148752834467,185,8,5.234,False,2.35,-0.87
xc_XC1089270_147,xc,XC1089270,170.5970068027211,170.66666666666666,69,15,6.693,True,7.05,12.07
xc_XC1089270_148,xc,XC1089270,170.82920634920637,170.92208616780044,92,29,6.261,True,7.08,13.04
xc_XC1089270_149,xc,XC1089270,171.10784580498867,171.17750566893423,69,29,6.535,True,6.56,12.44
xc_XC1089270_150,xc,XC1089270,171.27038548752833,171.4097052154195,139,29,5.951,False,7.04,12.88
xc_XC1089270_151,xc,XC1089270,178.3873015873016,178.43374149659863,46,49,3.421,False,-1.84,5.2
xc_XC1089270_152,xc,XC1089270,179.3857596371882,179.5482993197279,162,15,5.607,False,7.32,11.55
xc_XC1089270_153,xc,XC1089270,180.169433106576,180.32616780045356,156,15,5.939,False,7.23,11.97
xc_XC1089270_154,xc,XC1089270,180.5409523809524,180.81378684807257,272,-1,5.648,False,6.19,13.09
xc_XC1092059_000,xc,XC1092059,5.299954648526076,5.532154195011337,232,8,3.298,False,-0.05,-1.78
xc_XC1092059_001,xc,XC1092059,9.880090702947845,10.007800453514738,127,8,5.154,False,-0.11,-1.57
xc_XC1092059_002,xc,XC1092059,10.797278911564623,11.099138321995463,301,8,4.146,False,0.54,-2.38
xc_XC1092059_003,xc,XC1092059,14.175782312925168,14.425396825396824,249,8,3.618,False,0.04,-2.1
xc_XC1092059_004,xc,XC1092059,16.764807256235823,16.99700680272109,232,8,3.746,False,-0.1,-2.17
xc_XC1092059_005,xc,XC1092059,21.31591836734693,21.52489795918367,208,8,3.637,False,-0.05,-1.65
xc_XC1092059_006,xc,XC1092059,22.146031746031746,22.378231292517004,232,8,5.154,False,-0.15,-1.58
xc_XC1092059_007,xc,XC1092059,22.40145124716553,22.51755102040816,116,8,4.169,False,2.26,-1.52
xc_XC1092059_008,xc,XC1092059,27.48662131519274,27.718820861678,232,8,3.17,False,0.03,-2.16
xc_XC1092059_009,xc,XC1092059,28.874013605442173,29.21650793650793,342,8,4.632,False,2.8,-3.59
xc_XC1092059_010,xc,XC1092059,29.611247165532877,29.872471655328795,261,8,5.026,False,3.03,0.7
xc_XC1092059_011,xc,XC1092059,30.28462585034013,30.394920634920627,110,8,5.614,False,0.03,-1.63
xc_XC1092059_012,xc,XC1092059,30.44136054421768,30.603900226757364,162,33,7.055,True,6.96,10.57
xc_XC1092059_013,xc,XC1092059,31.16117913832199,31.61977324263038,458,30,6.021,False,4.58,7.91
xc_XC1092059_014,xc,XC1092059,32.113197278911564,32.34539682539682,232,-1,7.596,True,3.68,7.76
xc_XC1092059_015,xc,XC1092059,32.96072562358276,33.19292517006802,232,8,3.761,False,-0.14,-2.38
xc_XC1092059_016,xc,XC1092059,33.8895238095238,34.075283446712014,185,29,7.368,True,7.42,13.2
xc_XC1092059_017,xc,XC1092059,34.67900226757369,34.85895691609977,179,15,6.77,True,7.28,12.49
xc_XC1092059_018,xc,XC1092059,35.20725623582766,35.387210884353735,179,15,6.772,True,7.28,12.51
xc_XC1092059_019,xc,XC1092059,42.626031746031735,42.66666666666666,40,49,3.335,False,-1.66,5.92
xc_XC1092059_020,xc,XC1092059,42.71891156462584,42.80598639455782,87,-1,4.051,False,-2.89,6.49
xc_XC1092059_021,xc,XC1092059,43.25297052154195,43.4097052154195,156,6,3.853,False,-5.78,8.55
xc_XC1092059_022,xc,XC1092059,43.92054421768707,44.19918367346938,278,-1,4.798,False,2.59,10.34
xc_XC1092059_023,xc,XC1092059,44.75065759637187,45.07573696145124,325,30,3.554,False,4.23,8.3
xc_XC1092059_024,xc,XC1092059,45.702675736961446,45.9522902494331,249,-1,4.762,False,2.76,5.58
xc_XC1092059_025,xc,XC1092059,48.12916099773242,48.33233560090702,203,15,5.737,False,6.8,12.63
xc_XC1092059_026,xc,XC1092059,48.81995464852607,49.0289342403628,208,15,5.803,False,7.01,12.73
xc_XC1092059_027,xc,XC1092059,49.30757369614512,49.51074829931972,203,15,5.736,False,6.95,12.66
xc_XC1092059_028,xc,XC1092059,49.65587301587301,49.83582766439908,179,29,5.797,False,6.38,13.14
xc_XC1092059_029,xc,XC1092059,56.7437641723356,56.9295238095238,185,8,4.123,False,0.01,-1.52
xc_XC1092059_030,xc,XC1092059,57.62612244897959,57.85832199546484,232,15,5.454,False,7.16,12.37
xc_XC1092059_031,xc,XC1092059,58.22403628117912,58.40979591836734,185,24,6.253,True,6.06,13.42
xc_XC1092059_032,xc,XC1092059,58.71165532879817,58.92063492063491,208,29,5.689,False,6.28,13.33
xc_XC1093633_000,xc,XC1093633,0.0,0.023219954648526,23,49,3.889,False,-1.92,5.2
xc_XC1093633_001,xc,XC1093633,1.5789569160997734,1.7589115646258506,179,24,6.94,True,7.05,13.02
xc_XC1093633_002,xc,XC1093633,2.432290249433107,2.594829931972789,162,15,6.675,True,7.25,11.99
xc_XC1093633_003,xc,XC1093633,2.9199092970521545,3.0534240362811795,133,33,7.679,True,7.38,11.39
xc_XC1093633_004,xc,XC1093633,6.083628117913833,6.362267573696147,278,8,4.433,False,0.66,-1.73
xc_XC112821_000,xc,XC112821,1.4164172335600904,1.5325170068027207,116,29,7.116,True,6.91,13.68
xc_XC112821_001,xc,XC112821,1.648616780045351,1.8517913832199544,203,19,6.315,True,2.69,11.52
xc_XC112821_002,xc,XC112821,3.2449886621315187,3.4249433106575955,179,35,5.98,False,7.02,11.02
xc_XC112821_003,xc,XC112821,3.889342403628117,4.005442176870748,116,8,4.923,False,-0.08,-1.57
xc_XC112821_004,xc,XC112821,4.5627210884353735,4.81814058956916,255,8,4.88,False,2.56,-2.46
xc_XC112821_005,xc,XC112821,5.299954648526076,5.456689342403627,156,8,5.068,False,0.93,-1.98
xc_XC112821_006,xc,XC112821,5.555374149659863,5.642448979591836,87,-1,7.844,True,2.78,13.01
xc_XC112821_007,xc,XC112821,5.671473922902494,6.013968253968253,342,24,5.869,False,5.12,13.42
xc_XC112821_008,xc,XC112821,6.26938775510204,6.524807256235826,255,10,5.683,False,-2.48,12.63
xc_XC112821_009,xc,XC112821,6.733786848072561,6.867301587301586,133,-1,6.952,True,5.31,14.3
xc_XC112821_010,xc,XC112821,7.012426303854874,7.105306122448979,92,24,5.835,False,5.89,14.19
xc_XC112821_011,xc,XC112821,7.215600907029477,7.244625850340135,29,-1,5.303,False,-1.75,4.66
xc_XC112821_012,xc,XC112821,7.267845804988661,7.308480725623582,40,-1,5.716,False,-2.1,4.79
xc_XC112821_013,xc,XC112821,7.45360544217687,7.558095238095237,104,-1,8.233,True,4.52,13.88
xc_XC112821_014,xc,XC112821,7.650975056689341,7.888979591836733,238,19,6.206,True,2.55,11.6
xc_XC112821_015,xc,XC112821,8.277913832199545,8.510113378684807,232,-1,8.099,True,3.61,6.98
xc_XC112821_016,xc,XC112821,9.717551020408164,9.926530612244896,208,8,5.059,False,1.94,-2.43
xc_XC112821_017,xc,XC112821,10.524444444444445,10.710204081632652,185,-1,5.524,False,2.89,6.05
xc_XC112821_018,xc,XC112821,10.913378684807254,10.959818594104307,46,-1,6.716,True,-2.02,4.83
xc_XC112821_019,xc,XC112821,10.983038548752832,11.215238095238094,232,24,7.666,True,6.3,14.6
xc_XC112821_020,xc,XC112821,11.540317460317455,11.633197278911563,92,23,6.478,True,5.16,14.12
xc_XC112821_021,xc,XC112821,11.720272108843536,11.749297052154194,29,-1,5.744,False,-2.34,4.79
xc_XC112821_022,xc,XC112821,12.399455782312923,12.480725623582764,81,23,8.357,True,4.44,14.78
xc_XC112821_023,xc,XC112821,12.532970521541948,12.741950113378683,208,23,7.443,True,4.98,14.68
xc_XC112821_024,xc,XC112821,13.206349206349206,13.363083900226757,156,24,6.873,True,4.35,13.48
xc_XC112821_025,xc,XC112821,13.432743764172333,13.757823129251696,325,19,5.392,False,2.39,11.59
xc_XC112821_026,xc,XC112821,13.966802721088436,14.14675736961451,179,35,6.537,True,6.78,10.95
xc_XC112821_027,xc,XC112821,14.286077097505666,14.518276643990928,232,-1,8.124,True,3.93,6.84
xc_XC112821_028,xc,XC112821,14.709841269841268,14.750476190476189,40,-1,6.129,True,-1.54,4.45
xc_XC112821_029,xc,XC112821,14.79691609977324,14.820136054421766,23,-1,6.379,True,-1.51,4.51
xc_XC112821_030,xc,XC112821,14.866575963718818,14.965260770975052,98,-1,7.565,True,2.33,6.64
xc_XC112821_031,xc,XC112821,17.496235827664396,17.51945578231292,23,-1,5.747,False,-1.72,5.2
xc_XC112821_032,xc,XC112821,18.19283446712018,18.30893424036281,116,7,5.908,False,-5.46,6.06
xc_XC112821_033,xc,XC112821,18.6572335600907,18.796553287981855,139,24,5.455,False,5.44,14.04
xc_XC112821_034,xc,XC112821,18.81977324263038,18.842993197278908,23,-1,5.407,False,-2.05,4.67
xc_XC112821_035,xc,XC112821,19.168072562358272,19.37705215419501,208,29,7.538,True,6.96,13.91
xc_XC112821_036,xc,XC112821,19.974965986394555,20.207165532879817,232,19,6.51,True,2.31,12.08
xc_XC112821_037,xc,XC112821,20.509024943310656,20.99083900226757,481,-1,7.47,True,5.91,-3.23
xc_XC112821_038,xc,XC112821,21.5481179138322,21.59455782312925,46,40,6.953,True,1.27,6.06
xc_XC112821_039,xc,XC112821,22.151836734693877,22.40725623582766,255,8,4.865,False,2.07,-2.39
xc_XC112821_040,xc,XC112821,22.81360544217687,23.00517006802721,191,8,4.597,False,1.62,-2.73
xc_XC112821_041,xc,XC112821,23.44054421768707,23.67274376417233,232,-1,5.598,False,3.59,5.84
xc_XC112821_042,xc,XC112821,23.765623582766437,23.904943310657597,139,-1,4.856,False,4.19,12.36
xc_XC112821_043,xc,XC112821,23.92816326530612,24.23002267573696,301,24,6.257,True,3.71,13.19
xc_XC112821_044,xc,XC112821,25.58839002267573,25.61741496598639,29,-1,5.903,False,-2.47,4.78
xc_XC112821_045,xc,XC112821,26.14566893424036,26.215328798185936,69,-1,7.94,True,5.84,13.55
xc_XC112821_046,xc,XC112821,28.75791383219954,28.804353741496595,46,-1,5.709,False,-0.16,6.48
xc_XC112821_047,xc,XC112821,33.6108843537415,33.72698412698412,116,-1,7.061,True,-2.56,4.54
xc_XC112821_048,xc,XC112821,34.28426303854875,34.3307029478458,46,-1,4.606,False,-1.17,5.66
xc_XC112821_049,xc,XC112821,35.96770975056689,35.990929705215414,23,49,3.754,False,-2.44,4.71
xc_XC112821_050,xc,XC112821,36.61786848072561,36.82104308390022,203,8,4.976,False,1.44,-1.64
xc_XC112821_051,xc,XC112821,44.617142857142845,44.6635827664399,46,-1,7.824,True,-1.79,6.62
xc_XC112821_052,xc,XC112821,44.80290249433106,44.84353741496598,40,-1,6.029,False,-2.16,4.81
xc_XC112821_053,xc,XC112821,46.02195011337868,46.30058956916099,278,-1,6.28,True,6.76,10.92
xc_XC112821_054,xc,XC112821,47.52544217687074,47.89696145124716,371,8,5.523,False,3.05,1.04
xc_XC112821_055,xc,XC112821,49.09859410430838,49.30757369614512,208,8,5.52,False,1.96,-1.86
xc_XC112821_056,xc,XC112821,50.87492063492063,51.10712018140589,232,23,6.811,True,5.19,14.71
xc_XC112821_057,xc,XC112821,51.70503401360544,51.734058956916094,29,-1,5.082,False,-2.1,4.63
xc_XC112821_058,xc,XC112821,51.75727891156462,51.78049886621314,23,49,4.997,False,-2.15,4.67
xc_XC112821_059,xc,XC112821,51.96625850340136,51.989478458049874,23,-1,6.513,True,-2.81,4.45
xc_XC112821_060,xc,XC112821,52.46548752834466,52.79637188208616,330,35,6.918,True,6.63,10.95
xc_XC112821_061,xc,XC112821,53.7425850340136,53.812244897959175,69,-1,7.212,True,-1.36,4.17
xc_XC112821_062,xc,XC112821,53.974784580498856,53.99800453514738,23,-1,5.665,False,-1.89,4.26
xc_XC112821_063,xc,XC112821,54.17795918367346,54.24761904761904,69,31,8.314,True,4.77,7.67
xc_XC112821_064,xc,XC112821,56.285170068027206,56.54058956916099,255,8,4.575,False,1.86,-1.96
xc_XC112821_065,xc,XC112821,57.41714285714285,57.440362811791374,23,49,3.93,False,-1.82,5.24
xc_XC112821_066,xc,XC112821,57.62612244897959,57.75963718820861,133,7,4.065,False,-5.29,5.75
xc_XC112821_067,xc,XC112821,57.78866213151927,57.87573696145124,87,-1,7.747,True,5.0,14.12
xc_XC112821_068,xc,XC112821,58.13115646258503,58.29369614512471,162,23,4.851,False,4.86,14.25
xc_XC112821_069,xc,XC112821,58.47945578231291,58.61877551020408,139,24,6.091,False,5.66,14.32
xc_XC112821_070,xc,XC112821,58.6419954648526,58.78131519274376,139,23,6.023,False,5.23,14.14
xc_XC112821_071,xc,XC112821,59.26312925170068,59.402448979591824,139,33,7.111,True,7.05,10.26
xc_XC112821_072,xc,XC112821,59.51854875283446,59.73333333333332,214,18,5.504,False,1.52,14.98
xc_XC112821_073,xc,XC112821,67.12888888888888,67.1695238095238,40,49,4.534,False,-1.43,4.59
xc_XC112821_074,xc,XC112821,67.30884353741496,67.35528344671201,46,8,6.355,True,2.54,0.01
xc_XC112821_075,xc,XC112821,67.92997732426304,68.23183673469386,301,-1,6.225,True,6.23,12.43
xc_XC112821_076,xc,XC112821,70.40290249433104,70.45514739229024,52,19,7.072,True,1.97,11.26
xc_XC112821_077,xc,XC112821,71.6277551020408,71.74385487528343,116,29,7.637,True,6.98,13.1
xc_XC112821_078,xc,XC112821,74.43156462585033,74.68698412698411,255,8,4.92,False,2.2,-2.01
xc_XC114335_000,xc,XC114335,3.564263038548752,3.5874829931972783,23,49,5.15,False,-0.49,7.18
xc_XC114335_001,xc,XC114335,4.0518820861678,4.098321995464852,46,29,7.213,True,6.62,11.93
xc_XC114335_002,xc,XC114335,4.231836734693877,4.255056689342403,23,49,6.146,True,-1.86,4.31
xc_XC114335_003,xc,XC114335,4.5627210884353735,4.673015873015872,110,35,6.247,True,6.48,10.71
xc_XC114335_004,xc,XC114335,14.268662131519273,14.471836734693875,203,-1,5.337,False,4.76,6.84
xc_XC114335_005,xc,XC114335,14.750476190476189,14.866575963718818,116,-1,6.611,True,-0.92,8.47
xc_XC114335_006,xc,XC114335,14.87238095238095,14.982675736961449,110,40,6.883,True,1.21,5.76
xc_XC114335_007,xc,XC114335,15.278730158730156,15.301950113378682,23,49,6.283,True,-2.02,4.42
xc_XC114335_008,xc,XC114335,15.975328798185938,16.02176870748299,46,29,7.336,True,6.47,12.42
xc_XC152939_000,xc,XC152939,1.4164172335600906,1.7589115646258504,342,8,5.248,False,2.29,-3.18
xc_XC152939_001,xc,XC152939,2.1072108843537416,2.4322902494331067,325,8,6.073,False,2.26,-3.23
xc_XC152939_002,xc,XC152939,2.9141043083900224,2.9895691609977324,75,-1,8.283,True,-2.5,4.68
xc_XC152939_003,xc,XC152939,4.005442176870749,4.237641723356009,232,24,6.679,True,1.99,13.62
xc_XC152939_004,xc,XC152939,4.609160997732426,4.812335600907029,203,24,6.223,True,5.65,14.66
xc_XC152939_005,xc,XC152939,5.090975056689342,5.4392743764172335,348,8,4.581,False,2.49,-3.06
xc_XC152939_006,xc,XC152939,5.921088435374149,6.130068027210884,208,37,6.419,True,8.46,3.43
xc_XC152939_007,xc,XC152939,8.074739229024944,8.440453514739229,365,8,5.298,False,1.94,-2.92
xc_XC152939_008,xc,XC152939,8.858412698412698,9.067392290249431,208,37,5.324,False,8.72,3.38
xc_XC152939_009,xc,XC152939,9.409886621315191,9.572426303854874,162,19,5.961,False,2.44,11.71
xc_XC152939_010,xc,XC152939,9.734965986394558,10.00780045351474,272,24,6.135,True,1.74,14.52
xc_XC152939_011,xc,XC152939,10.309659863945578,10.518639455782314,208,24,6.585,True,5.11,15.46
xc_XC152939_012,xc,XC152939,10.913378684807256,10.936598639455784,23,49,5.334,False,-2.33,4.48
xc_XC152939_013,xc,XC152939,11.679637188208616,11.859591836734692,179,37,6.456,True,8.68,3.23
xc_XC152939_014,xc,XC152939,12.30657596371882,12.463310657596372,156,24,6.377,True,0.01,13.73
xc_XC152939_015,xc,XC152939,14.082902494331066,14.425396825396826,342,8,5.084,False,2.54,-3.09
xc_XC152939_016,xc,XC152939,15.029115646258504,15.232290249433106,203,37,5.836,False,8.67,3.2
xc_XC152939_017,xc,XC152939,15.603809523809524,15.882448979591835,278,24,6.072,False,-0.21,14.15
xc_XC152939_018,xc,XC152939,16.253968253968253,16.370068027210884,116,24,7.263,True,5.88,14.7
xc_XC152939_019,xc,XC152939,16.416507936507937,16.439727891156462,23,-1,6.148,True,-1.97,4.77
xc_XC152939_020,xc,XC152939,16.99700680272109,17.33950113378685,342,8,5.531,False,2.12,-3.18
xc_XC152939_021,xc,XC152939,19.53378684807256,19.812426303854878,278,20,5.647,False,2.61,12.29
xc_XC152939_022,xc,XC152939,21.89641723356009,22.0821768707483,185,37,5.363,False,8.3,3.74
xc_XC152939_023,xc,XC152939,22.47111111111111,22.674285714285716,203,10,7.454,True,-2.48,12.55
xc_XC152939_024,xc,XC152939,24.781496598639457,25.036916099773244,255,20,6.276,True,2.68,12.23
xc_XC152939_025,xc,XC152939,25.47809523809524,25.75092970521542,272,24,6.694,True,4.84,15.36
xc_XC152939_026,xc,XC152939,26.51718820861678,26.836462585034013,319,8,5.311,False,1.91,-2.86
xc_XC152939_027,xc,XC152939,27.83492063492064,28.107755102040816,272,20,5.635,False,2.68,12.0
xc_XC152939_028,xc,XC152939,28.525714285714287,28.71147392290249,185,24,5.816,False,4.82,15.43
xc_XC152939_029,xc,XC152939,29.222312925170066,29.547392290249437,325,8,4.955,False,2.22,-3.03
xc_XC152939_030,xc,XC152939,30.16272108843537,30.348480725623585,185,37,6.891,True,9.01,3.22
xc_XC152939_031,xc,XC152939,30.72580498866213,31.045079365079363,319,24,6.054,False,-0.37,14.02
xc_XC152939_032,xc,XC152939,31.41659863945578,31.672018140589568,255,24,6.937,True,4.45,15.32
xc_XC152939_033,xc,XC152939,33.43092970521542,33.77922902494331,348,8,4.66,False,2.39,-3.06
xc_XC153005_000,xc,XC153005,10.00780045351474,10.19936507936508,191,24,5.367,False,5.71,11.04
xc_XC153005_001,xc,XC153005,10.263219954648529,10.448979591836734,185,-1,6.067,False,5.31,7.77
xc_XC153005_002,xc,XC153005,10.501224489795918,10.7740589569161,272,-1,6.048,False,5.74,7.24
xc_XC153005_003,xc,XC153005,10.866938775510205,11.052698412698414,185,21,5.147,False,3.85,9.24
xc_XC153005_004,xc,XC153005,11.19201814058957,11.3081179138322,116,24,5.354,False,0.02,13.36
xc_XC153005_005,xc,XC153005,43.01496598639456,43.20072562358277,185,24,5.356,False,4.97,12.39
xc_XC153005_006,xc,XC153005,43.27038548752834,43.45614512471656,185,-1,6.032,False,5.22,8.03
xc_XC153005_007,xc,XC153005,43.5025850340136,43.78122448979592,278,-1,5.766,False,5.3,5.64
xc_XC153005_008,xc,XC153005,43.85088435374149,44.0366439909297,185,21,5.74,False,3.98,9.87
xc_XC153005_009,xc,XC153005,44.12952380952381,44.37913832199546,249,24,5.285,False,0.01,13.31
xc_XC153005_010,xc,XC153005,61.78829931972789,61.82893424036281,40,49,4.756,False,-0.87,5.98
xc_XC153005_011,xc,XC153005,61.881179138322,61.99147392290249,110,24,6.028,False,4.43,12.81
xc_XC153005_012,xc,XC153005,62.04371882086168,62.24689342403628,203,31,6.23,True,5.02,7.56
xc_XC153005_013,xc,XC153005,62.29333333333334,62.54294784580499,249,38,6.566,True,5.28,5.26
xc_XC153005_014,xc,XC153005,62.65904761904762,62.82739229024943,168,21,5.366,False,4.15,9.99
xc_XC153005_015,xc,XC153005,62.89124716553288,63.10603174603175,214,24,4.824,False,0.05,13.07
xc_XC153005_016,xc,XC153005,108.63455782312924,108.65777777777778,23,49,3.95,False,-1.58,5.56
xc_XC153005_017,xc,XC153005,108.75065759637188,108.79709750566892,46,49,5.466,False,-0.28,6.56
xc_XC153005_018,xc,XC153005,108.843537414966,108.93641723356008,92,-1,6.13,True,5.46,12.32
xc_XC153005_019,xc,XC153005,109.00607709750568,109.20925170068028,203,31,5.551,False,5.2,7.6
xc_XC153005_020,xc,XC153005,109.23827664399091,109.5111111111111,272,38,5.4,False,5.3,4.92
xc_XC153005_021,xc,XC153005,109.6039909297052,109.83619047619048,232,-1,4.947,False,4.19,10.11
xc_XC153005_022,xc,XC153005,109.85360544217689,110.0625850340136,208,24,4.826,False,0.08,13.15
xc_XC163449_000,xc,XC163449,1.7356916099773243,1.8053514739229024,69,47,6.925,True,1.96,2.45
xc_XC163449_001,xc,XC163449,1.8982312925170068,2.1072108843537416,208,19,5.804,False,2.42,11.87
xc_XC163449_002,xc,XC163449,2.153650793650794,2.316190476190476,162,15,6.908,True,7.15,12.67
xc_XC163449_003,xc,XC163449,2.3858503401360545,2.4961451247165534,110,-1,7.544,True,6.36,13.14
xc_XC163449_004,xc,XC163449,2.565804988662132,2.705124716553288,139,-1,7.003,True,4.58,6.54
xc_XC163449_005,xc,XC163449,2.7805895691609974,2.94312925170068,162,19,5.252,False,2.22,11.48
xc_XC163449_006,xc,XC163449,8.55655328798186,8.626213151927438,69,24,7.116,True,3.01,12.8
xc_XC163449_007,xc,XC163449,8.649433106575964,8.672653061224489,23,49,4.883,False,-2.02,4.72
xc_XC163449_008,xc,XC163449,8.695873015873016,8.904852607709751,208,19,4.922,False,2.78,11.79
xc_XC163449_009,xc,XC163449,8.974512471655329,9.137052154195011,162,29,6.421,True,7.26,12.87
xc_XC163449_010,xc,XC163449,9.183492063492064,9.317006802721089,133,-1,6.937,True,6.05,13.31
xc_XC163449_011,xc,XC163449,9.36344671201814,9.525986394557824,162,-1,6.401,True,4.49,5.67
xc_XC163449_012,xc,XC163449,9.578231292517009,9.763990929705214,185,19,5.323,False,2.18,11.61
xc_XC163449_013,xc,XC163449,16.991201814058957,17.060861678004535,69,24,7.072,True,2.52,13.36
xc_XC163449_014,xc,XC163449,17.136326530612244,17.345306122448978,208,19,5.128,False,2.55,12.24
xc_XC163449_015,xc,XC163449,17.414965986394556,17.57170068027211,156,15,6.437,True,7.18,11.99
xc_XC163449_016,xc,XC163449,17.635555555555555,17.751655328798183,116,-1,6.84,True,6.93,12.49
xc_XC163449_017,xc,XC163449,17.821315192743764,17.98385487528345,162,-1,6.594,True,4.26,6.34
xc_XC163449_018,xc,XC163449,18.03609977324263,18.239274376417235,203,19,5.382,False,2.17,11.53
xc_XC163449_019,xc,XC163449,24.27646258503401,24.39256235827664,116,-1,6.053,False,3.3,5.67
xc_XC163449_020,xc,XC163449,24.462222222222223,24.67120181405896,208,19,5.251,False,2.41,11.99
xc_XC163449_021,xc,XC163449,24.71764172335601,24.88018140589569,162,29,6.547,True,7.27,12.91
xc_XC163449_022,xc,XC163449,24.94984126984127,25.065941043083903,116,-1,7.182,True,6.1,13.18
xc_XC163449_023,xc,XC163449,25.13560090702948,25.27492063492064,139,14,7.806,True,12.21,12.33
xc_XC163449_024,xc,XC163449,25.34458049886621,25.530340136054424,185,19,5.075,False,2.37,11.71
xc_XC186458_000,xc,XC186458,0.7662585034013605,0.9752380952380952,208,8,5.485,False,1.45,-2.03
xc_XC186458_001,xc,XC186458,1.0913378684807256,1.3003174603174603,208,19,5.771,False,2.47,12.28
xc_XC186458_002,xc,XC186458,1.3467573696145123,1.532517006802721,185,1,7.457,True,4.15,11.13
xc_XC186458_003,xc,XC186458,1.6021768707482993,1.712471655328798,110,8,7.268,True,1.81,-2.97
xc_XC186458_004,xc,XC186458,1.8053514739229024,1.8982312925170068,92,-1,5.815,False,5.28,13.97
xc_XC186458_005,xc,XC186458,1.9214512471655327,2.1304308390022677,208,8,5.767,False,1.53,-2.48
xc_XC186458_006,xc,XC186458,2.3858503401360545,2.40907029478458,23,49,5.409,False,-1.49,5.36
xc_XC186458_007,xc,XC186458,2.5483900226757368,2.75156462585034,203,1,7.272,True,3.26,6.64
xc_XC186458_008,xc,XC186458,3.889342403628118,4.1853968253968254,296,1,6.344,True,9.58,15.54
xc_XC186458_009,xc,XC186458,4.3769614512471655,4.487256235827664,110,21,7.657,True,3.3,10.77
xc_XC186458_010,xc,XC186458,6.524807256235827,6.617687074829932,92,-1,6.095,False,3.08,10.05
xc_XC186458_011,xc,XC186458,8.057324263038549,8.312743764172335,255,24,5.43,False,2.43,13.36
xc_XC186458_012,xc,XC186458,8.475283446712018,8.521723356009069,46,49,5.223,False,-1.56,5.57
xc_XC186458_013,xc,XC186458,8.591383219954649,8.614603174603175,23,-1,4.973,False,-1.37,4.66
xc_XC186458_014,xc,XC186458,8.637823129251702,8.661043083900227,23,-1,7.423,True,-1.22,4.68
xc_XC186458_015,xc,XC186458,8.684263038548751,8.730702947845804,46,-1,7.197,True,-1.04,4.85
xc_XC186458_016,xc,XC186458,8.870022675736962,9.079002267573696,208,1,7.256,True,7.51,5.6
xc_XC186458_017,xc,XC186458,9.195102040816328,9.241541950113378,46,24,6.014,False,0.38,13.06
xc_XC196871_000,xc,XC196871,0.0928798185941043,0.2089795918367347,116,-1,8.834,True,3.2,12.98
xc_XC196871_001,xc,XC196871,0.2321995464852607,0.2554195011337868,23,49,4.666,False,-1.79,4.65
xc_XC196871_002,xc,XC196871,0.2786394557823129,0.3947392290249433,116,-1,7.848,True,3.88,12.1
xc_XC196871_003,xc,XC196871,0.4179591836734694,0.6037188208616779,185,18,5.176,False,1.38,15.29
xc_XC196871_004,xc,XC196871,0.6733786848072563,0.8359183673469388,162,30,6.757,True,4.27,8.22
xc_XC196871_005,xc,XC196871,0.905578231292517,1.0681179138321997,162,-1,8.963,True,7.07,11.93
xc_XC196871_006,xc,XC196871,1.160997732426304,1.3699773242630386,208,14,7.745,True,0.52,10.36
xc_XC196871_007,xc,XC196871,1.439637188208617,1.6021768707482993,162,19,5.231,False,2.32,11.68
xc_XC196871_008,xc,XC196871,1.6950566893424035,1.787936507936508,92,8,6.392,True,1.15,-2.06
xc_XC196871_009,xc,XC196871,1.8575963718820865,2.229115646258504,371,38,6.433,True,5.99,5.15
xc_XC198854_000,xc,XC198854,1.6660317460317458,1.7124716553287975,46,49,7.906,True,-1.3,4.5
xc_XC198854_001,xc,XC198854,1.735691609977324,1.8285714285714283,92,8,7.877,True,0.97,-2.0
xc_XC198854_002,xc,XC198854,3.448163265306122,3.541043083900226,92,8,8.15,True,1.29,-2.02
xc_XC198854_003,xc,XC198854,4.771700680272108,4.858775510204081,87,8,9.832,True,0.17,-1.5
xc_XC198854_004,xc,XC198854,8.90485260770975,8.997732426303854,92,8,8.494,True,0.78,-1.84
xc_XC198854_005,xc,XC198854,10.478004535147392,10.54766439909297,69,8,8.84,True,0.97,-1.97
xc_XC198854_006,xc,XC198854,12.57360544217687,12.643265306122446,69,8,8.895,True,1.27,-1.99
xc_XC198854_007,xc,XC198854,14.291882086167798,14.361541950113375,69,8,8.688,True,1.06,-2.08
xc_XC198854_008,xc,XC198854,17.478820861678003,17.54267573696145,63,8,9.8,True,1.12,-1.91
xc_XC198854_009,xc,XC198854,19.469931972789112,19.53959183673469,69,8,9.111,True,1.12,-2.0
xc_XC198854_010,xc,XC198854,21.24625850340136,21.339138321995463,92,8,8.005,True,0.95,-1.95
xc_XC198854_011,xc,XC198854,23.649523809523807,23.71918367346938,69,8,8.885,True,0.86,-1.86
xc_XC198854_012,xc,XC198854,25.61741496598639,25.68126984126984,63,8,8.81,True,0.89,-1.79
xc_XC198854_013,xc,XC198854,28.363174603174595,28.4560544217687,92,8,7.691,True,1.13,-2.02
xc_XC198854_014,xc,XC198854,30.975419501133786,31.04507936507936,69,8,9.342,True,0.4,-1.32
xc_XC198854_015,xc,XC198854,32.618231292517,32.64145124716553,23,49,5.143,False,-2.36,4.36
xc_XC198854_016,xc,XC198854,33.57024943310657,33.63990929705214,69,8,8.926,True,1.27,-1.71
xc_XC198885_000,xc,XC198885,1.6021768707482993,1.6253968253968254,23,49,5.539,False,-2.35,4.24
xc_XC198885_001,xc,XC198885,2.687709750566893,2.7747845804988662,87,-1,8.711,True,6.94,10.72
xc_XC198885_002,xc,XC198885,4.7194557823129255,4.789115646258503,69,47,7.687,True,-0.3,2.95
xc_XC198885_003,xc,XC198885,5.717913832199546,5.758548752834468,40,8,5.268,False,1.04,-0.87
xc_XC198885_004,xc,XC198885,7.650975056689343,7.743854875283446,92,8,5.765,False,1.07,-1.2
xc_XC198885_005,xc,XC198885,10.913378684807256,10.95981859410431,46,-1,6.474,True,-0.21,4.95
xc_XC198885_006,xc,XC198885,13.595283446712015,13.618503401360543,23,49,5.669,False,-2.29,4.28
xc_XC206330_000,xc,XC206330,0.3715192743764172,0.4179591836734694,46,10,9.327,True,-2.42,12.28
xc_XC206330_001,xc,XC206330,0.7198185941043085,0.7894784580498866,69,8,6.431,True,0.98,-0.32
xc_XC206330_002,xc,XC206330,1.439637188208617,1.5789569160997732,139,24,6.967,True,2.37,13.5
xc_XC206330_003,xc,XC206330,1.6021768707482993,1.7821315192743763,179,8,6.86,True,1.33,-2.08
xc_XC206330_004,xc,XC206330,1.8517913832199544,2.153650793650794,301,24,7.389,True,3.26,13.0
xc_XC206330_005,xc,XC206330,2.3626303854875284,2.63546485260771,272,-1,7.323,True,3.34,6.9
xc_XC206330_006,xc,XC206330,2.687709750566893,2.937324263038549,249,38,6.788,True,5.87,4.97
xc_XC206330_007,xc,XC206330,2.9895691609977324,3.0998639455782317,110,10,6.424,True,-2.61,12.55
xc_XC206330_008,xc,XC206330,3.291428571428572,3.424943310657596,133,8,6.934,True,1.23,-1.84
xc_XC206330_009,xc,XC206330,3.4481632653061225,3.587482993197279,139,24,6.241,True,2.49,12.93
xc_XC206330_010,xc,XC206330,3.703582766439909,3.7964625850340137,92,-1,7.31,True,1.72,7.02
xc_XC206330_011,xc,XC206330,3.8429024943310655,3.959002267573696,116,-1,5.952,False,1.83,7.22
xc_XC206330_012,xc,XC206330,4.051882086167801,4.121541950113379,69,40,8.447,True,1.65,5.76
xc_XC206330_013,xc,XC206330,4.167981859410431,4.255056689342404,87,40,7.964,True,1.46,6.51
xc_XC206330_014,xc,XC206330,4.771700680272109,4.812335600907029,40,-1,6.47,True,-1.43,4.63
xc_XC206330_015,xc,XC206330,4.835555555555556,4.864580498866213,29,-1,6.511,True,-1.13,5.02
xc_XC206330_016,xc,XC206330,5.4392743764172335,5.6250340136054415,185,-1,7.066,True,3.2,6.36
xc_XC206330_017,xc,XC206330,8.301133786848073,8.533333333333333,232,8,5.724,False,1.3,-2.11
xc_XC206330_018,xc,XC206330,9.113832199546485,9.276371882086169,162,8,6.241,True,1.36,-1.76
xc_XC206330_019,xc,XC206330,9.85687074829932,10.100680272108844,243,8,6.488,True,1.36,-1.64
xc_XC206330_020,xc,XC206330,10.7740589569161,10.866938775510205,92,8,6.356,True,1.23,-1.79
xc_XC206330_021,xc,XC206330,11.42421768707483,11.49387755102041,69,-1,5.989,False,0.5,6.15
xc_XC206330_022,xc,XC206330,11.952471655328798,11.981496598639456,29,-1,5.279,False,-1.72,4.51
xc_XC206330_023,xc,XC206330,12.422675736961452,12.509750566893423,87,8,6.973,True,1.29,-1.57
xc_XC206330_024,xc,XC206330,12.625850340136054,12.6897052154195,63,47,6.404,True,-0.64,2.56
xc_XC206330_025,xc,XC206330,12.782585034013604,12.852244897959183,69,-1,5.913,False,-1.58,3.59
xc_XC206330_026,xc,XC206330,12.945124716553288,13.159909297052154,214,8,6.698,True,1.44,-1.56
xc_XC206330_027,xc,XC206330,13.229569160997732,13.316643990929704,87,24,8.451,True,-0.44,13.04
xc_XC206330_028,xc,XC206330,13.363083900226757,13.45596371882086,92,8,6.406,True,1.16,-1.52
xc_XC206330_029,xc,XC206330,13.52562358276644,13.664943310657597,139,8,6.02,False,1.35,-1.88
xc_XC206330_030,xc,XC206330,13.711383219954648,13.804263038548752,92,8,5.796,False,1.15,-1.37
xc_XC206330_031,xc,XC206330,13.87392290249433,13.94358276643991,69,-1,8.293,True,1.32,5.06
xc_XC206330_032,xc,XC206330,14.013242630385488,14.106122448979592,92,-1,5.785,False,1.07,6.44
xc_XC206330_033,xc,XC206330,14.378956916099773,14.431201814058957,52,-1,7.639,True,1.04,6.24
xc_XC206330_034,xc,XC206330,15.348390022675735,15.627029478458049,278,8,5.859,False,1.52,-2.25
xc_XC206330_035,xc,XC206330,16.741587301587302,16.92734693877551,185,8,6.85,True,1.5,-1.82
xc_XC206330_036,xc,XC206330,19.08680272108844,19.11002267573696,23,49,5.716,False,-1.48,4.88
xc_XC206330_037,xc,XC206330,19.27256235827664,19.4118820861678,139,8,5.666,False,1.37,-1.87
xc_XC213409_000,xc,XC213409,6.0836281179138325,6.130068027210884,46,-1,7.46,True,1.58,6.26
xc_XC213409_001,xc,XC213409,7.308480725623583,7.3317006802721085,23,-1,6.179,True,-2.71,4.66
xc_XC213409_002,xc,XC213409,8.649433106575964,8.765532879818595,116,18,7.031,True,1.01,15.36
xc_XC213409_003,xc,XC213409,9.160272108843538,9.200907029478458,40,18,5.642,False,0.92,14.87
xc_XC213409_004,xc,XC213409,9.346031746031745,9.462131519274378,116,2,7.294,True,5.98,-3.44
xc_XC213409_005,xc,XC213409,11.19201814058957,11.400997732426305,208,19,7.001,True,2.17,11.01
xc_XC213409_006,xc,XC213409,12.051156462585034,12.283356009070294,232,18,5.674,False,1.41,15.03
xc_XC213409_007,xc,XC213409,12.666485260770974,12.834829931972788,168,18,5.388,False,1.21,15.39
xc_XC213409_008,xc,XC213409,13.06702947845805,13.15410430839002,87,34,8.153,True,6.34,9.17
xc_XC213409_009,xc,XC213409,13.18312925170068,13.29922902494331,116,2,7.43,True,5.75,-3.41
xc_XC213409_010,xc,XC213409,14.4021768707483,14.51827664399093,116,19,6.98,True,2.15,11.5
xc_XC213409_011,xc,XC213409,15.772154195011336,16.068208616780044,296,19,5.52,False,2.26,12.35
xc_XC213409_012,xc,XC213409,19.098412698412695,19.16807256235828,69,8,7.916,True,7.71,5.52
xc_XC213409_013,xc,XC213409,20.300045351473923,20.456780045351472,156,18,6.933,True,1.33,14.99
xc_XC213409_014,xc,XC213409,21.0140589569161,21.15337868480725,139,-1,7.037,True,-0.69,9.39
xc_XC213409_015,xc,XC213409,21.571337868480725,21.93705215419501,365,19,5.988,False,2.21,11.49
xc_XC213409_016,xc,XC213409,22.46530612244898,22.558185941043085,92,33,8.448,True,7.67,10.56
xc_XC213409_017,xc,XC213409,23.579863945578232,23.742403628117916,162,19,5.678,False,2.44,11.83
xc_XC213409_018,xc,XC213409,23.78884353741497,23.9978231292517,208,19,6.106,False,2.11,11.41
xc_XC213409_019,xc,XC213409,33.03619047619048,33.23936507936508,203,18,6.688,True,1.37,14.99
xc_XC213409_020,xc,XC213409,50.17832199546485,50.24798185941043,69,19,6.839,True,2.1,11.53
xc_XC213409_021,xc,XC213409,58.80453514739229,58.94385487528345,139,19,5.935,False,2.36,11.71
xc_XC213409_022,xc,XC213409,60.51120181405896,60.55764172335601,46,-1,8.703,True,-2.62,4.67
xc_XC213409_023,xc,XC213409,61.091700680272105,61.23102040816326,139,2,7.513,True,7.62,10.12
xc_XC213409_024,xc,XC213409,62.02049886621315,62.0843537414966,63,47,9.254,True,1.57,2.07
xc_XC213409_025,xc,XC213409,62.20045351473923,62.368798185941046,168,19,5.615,False,2.28,11.65
xc_XC213409_026,xc,XC213409,62.798367346938775,62.98412698412698,185,-1,6.374,True,-1.03,9.56
xc_XC213409_027,xc,XC213409,63.082811791383214,63.2627664399093,179,19,5.981,False,2.27,11.69
xc_XC213409_028,xc,XC213409,63.8897052154195,64.00580498866213,116,33,7.333,True,7.74,9.46
xc_XC213409_029,xc,XC213409,64.95201814058957,65.0681179138322,116,19,6.969,True,2.25,11.74
xc_XC213409_030,xc,XC213409,66.6877097505669,66.8908843537415,203,18,5.824,False,1.2,15.3
xc_XC213409_031,xc,XC213409,67.10566893424036,67.1288888888889,23,49,6.069,False,-2.48,4.87
xc_XC213409_032,xc,XC213409,67.6281179138322,67.68036281179137,52,47,7.841,True,-0.44,2.66
xc_XC213409_033,xc,XC213409,68.53369614512472,68.55691609977325,23,49,4.882,False,-2.72,5.86
xc_XC213409_034,xc,XC213409,68.6033560090703,68.6962358276644,92,18,6.383,True,1.01,15.17
xc_XC213409_035,xc,XC213409,69.0445351473923,69.13160997732426,87,28,8.375,True,7.9,7.5
xc_XC213409_036,xc,XC213409,73.6885260770975,73.80462585034013,116,19,6.392,True,2.2,11.48
xc_XC213409_037,xc,XC213409,75.05269841269842,75.20943310657596,156,18,5.943,False,1.13,15.37
xc_XC213409_038,xc,XC213409,75.7899319727891,75.8595918367347,69,27,8.308,True,7.75,6.93
xc_XC213409_039,xc,XC213409,76.11501133786848,76.25433106575963,139,18,5.266,False,1.16,15.24
xc_XC213409_040,xc,XC213409,76.96834467120182,77.10766439909297,139,19,5.306,False,2.13,11.54
xc_XC213409_041,xc,XC213409,78.19319727891157,78.54149659863945,348,19,6.165,True,2.34,11.85
xc_XC213409_042,xc,XC213409,79.07555555555555,79.20907029478458,133,33,7.333,True,7.77,9.09
xc_XC213409_043,xc,XC213409,80.16108843537414,80.34104308390022,179,19,5.699,False,2.11,11.43
xc_XC213409_044,xc,XC213409,80.78222222222222,81.037641723356,255,49,6.389,True,1.73,8.64
xc_XC213409_045,xc,XC213409,81.54848072562358,82.0128798185941,464,18,4.956,False,1.22,15.25
xc_XC213409_046,xc,XC213409,82.33795918367346,82.51791383219954,179,2,6.637,True,6.08,-3.42
xc_XC213409_047,xc,XC213409,82.99972789115647,83.25514739229025,255,-1,6.567,True,4.95,13.96
xc_XC213409_048,xc,XC213409,83.4873469387755,83.67310657596371,185,19,5.532,False,2.5,11.81
xc_XC213409_049,xc,XC213409,84.15492063492064,84.46258503401361,307,-1,6.197,True,0.17,8.91
xc_XC213409_050,xc,XC213409,84.8108843537415,84.87473922902494,63,-1,6.213,True,0.65,7.2
xc_XC213409_051,xc,XC213409,84.9385941043084,84.9618140589569,23,49,5.996,False,-2.23,4.61
xc_XC213409_052,xc,XC213409,84.98503401360544,85.2868934240363,301,18,5.673,False,1.33,15.24
xc_XC213409_053,xc,XC213409,85.52489795918368,85.61197278911565,87,-1,7.037,True,4.29,8.86
xc_XC213409_054,xc,XC213409,85.79773242630387,85.91383219954648,116,2,7.549,True,6.39,-3.03
xc_XC213409_055,xc,XC213409,85.98349206349205,86.07637188208616,92,-1,7.312,True,6.06,9.83
xc_XC213409_056,xc,XC213409,86.12281179138323,86.14603174603175,23,49,5.707,False,-1.42,4.97
xc_XC213409_057,xc,XC213409,86.16925170068026,86.23891156462584,69,-1,7.005,True,5.86,13.32
xc_XC213409_058,xc,XC213409,86.81360544217686,87.09804988662131,284,18,5.836,False,1.57,14.98
xc_XC213409_059,xc,XC213409,87.5566439909297,87.78303854875284,226,-1,5.882,False,-0.24,9.09
xc_XC213409_060,xc,XC213409,87.85850340136055,88.01523809523809,156,32,6.964,True,3.74,6.97
xc_XC213409_061,xc,XC213409,88.57251700680273,88.80471655328799,232,19,5.492,False,2.31,12.5
xc_XC213409_062,xc,XC213409,89.29233560090702,89.50131519274376,208,2,6.167,True,6.11,-3.53
xc_XC213409_063,xc,XC213409,89.9134693877551,90.12244897959184,208,23,5.906,False,5.16,14.01
xc_XC213409_064,xc,XC213409,90.395283446712,90.58104308390024,185,19,5.328,False,2.36,11.72
xc_XC213409_065,xc,XC213409,90.74358276643991,90.9061224489796,162,-1,7.211,True,4.2,9.12
xc_XC213409_066,xc,XC213409,90.9990022675737,91.16154195011336,162,-1,5.83,False,-0.32,9.12
xc_XC213409_067,xc,XC213409,91.3473015873016,91.59691609977324,249,19,5.192,False,2.21,11.46
xc_XC213409_068,xc,XC213409,91.97424036281178,92.02068027210883,46,18,6.003,False,1.04,15.11
xc_XC213409_069,xc,XC213409,92.38639455782312,92.6185941043084,232,19,5.77,False,2.16,11.29
xc_XC213409_070,xc,XC213409,93.08299319727892,93.3558276643991,272,18,6.314,True,1.58,14.98
xc_XC213409_071,xc,XC213409,93.7273469387755,93.98276643990928,255,-1,6.681,True,6.01,12.37
xc_XC213409_072,xc,XC213409,94.02920634920636,94.145306122449,116,-1,6.456,True,4.34,7.13
xc_XC213409_073,xc,XC213409,94.44136054421767,94.55746031746033,116,-1,6.9,True,5.5,14.11
xc_XC213409_074,xc,XC213409,94.95219954648526,95.09151927437642,139,19,5.564,False,2.35,11.78
xc_XC213409_075,xc,XC213409,95.20761904761903,95.30049886621316,92,19,5.974,False,2.07,11.71
xc_XC213409_076,xc,XC213409,95.8055328798186,96.0609523809524,255,-1,6.274,True,-0.54,9.23
xc_XC213409_077,xc,XC213409,96.31637188208616,96.75755102040816,441,18,4.936,False,1.38,15.11
xc_XC213409_078,xc,XC213409,97.28580498866214,97.40190476190476,116,33,7.45,True,7.73,9.86
xc_XC213409_079,xc,XC213409,98.4409977324263,98.62675736961452,185,19,5.777,False,2.4,11.78
xc_XC213409_080,xc,XC213409,99.20725623582766,99.38721088435376,179,-1,6.034,False,0.16,8.58
xc_XC213409_081,xc,XC213409,99.74131519274376,100.21732426303856,476,18,5.638,False,1.48,14.89
xc_XC213409_082,xc,XC213409,100.68172335600909,100.82104308390022,139,2,6.736,True,5.95,-3.54
xc_XC213409_083,xc,XC213409,101.65115646258504,101.86594104308392,214,18,5.512,False,1.4,15.11
xc_XC213409_084,xc,XC213409,102.50448979591836,102.53351473922902,29,-1,6.52,True,-0.92,7.77
xc_XC213409_085,xc,XC213409,103.01532879818596,103.29396825396826,278,19,5.059,False,2.26,11.72
xc_XC213409_086,xc,XC213409,103.82802721088434,103.94412698412698,116,33,7.253,True,7.46,9.27
xc_XC213409_087,xc,XC213409,106.75954648526076,106.9278911564626,168,-1,5.529,False,2.06,5.83
xc_XC213409_088,xc,XC213409,107.45034013605442,107.66512471655328,214,19,5.814,False,2.35,11.89
xc_XC213409_089,xc,XC213409,107.77541950113378,107.87410430839002,98,33,7.423,True,7.47,9.57
xc_XC213409_090,xc,XC213409,108.15274376417234,108.28625850340136,133,2,7.399,True,6.0,-3.53
xc_XC213409_091,xc,XC213409,108.72743764172336,108.86675736961452,139,-1,6.707,True,5.23,14.04
xc_XC213409_092,xc,XC213409,109.26149659863944,109.418231292517,156,19,5.728,False,2.3,11.72
xc_XC213409_093,xc,XC213409,110.3180045351474,110.50956916099774,191,19,5.891,False,2.22,11.55
xc_XC213409_094,xc,XC213409,111.0378231292517,111.4964172335601,458,19,5.925,False,2.33,11.55
xc_XC213409_095,xc,XC213409,111.54866213151928,111.5718820861678,23,-1,5.366,False,-1.99,4.93
xc_XC213409_096,xc,XC213409,112.198820861678,112.33233560090704,133,19,5.223,False,2.15,11.57
xc_XC213409_097,xc,XC213409,112.88380952380952,113.0985941043084,214,18,5.382,False,1.25,15.33
xc_XC213409_098,xc,XC213409,113.62684807256235,113.742947845805,116,2,6.521,True,5.91,-3.26
xc_XC213409_099,xc,XC213409,113.81260770975057,113.9287074829932,116,2,7.057,True,5.7,-3.26
xc_XC213409_100,xc,XC213409,114.50920634920637,114.64272108843537,133,-1,6.629,True,5.16,13.61
xc_XC213409_101,xc,XC213409,115.17097505668931,115.42639455782312,255,-1,7.148,True,3.86,6.85
xc_XC213409_102,xc,XC213409,115.5657142857143,115.72825396825397,162,19,5.222,False,2.24,11.58
xc_XC213409_103,xc,XC213409,116.33197278911564,116.58158730158728,249,-1,6.379,True,0.62,8.94
xc_XC213409_104,xc,XC213409,117.13886621315191,117.45814058956915,319,19,4.833,False,2.2,11.66
xc_XC213409_105,xc,XC213409,118.0908843537415,118.201179138322,110,2,7.726,True,6.24,-3.42
xc_XC213409_106,xc,XC213409,118.68879818594104,118.78167800453517,92,-1,5.945,False,5.28,14.17
xc_XC213409_107,xc,XC213409,119.1241723356009,119.33315192743764,208,19,5.669,False,2.13,11.53
xc_XC213409_108,xc,XC213409,119.61759637188209,119.81496598639455,197,-1,5.977,False,-0.35,9.05
xc_XC213409_109,xc,XC213409,120.0297505668934,120.21551020408162,185,19,5.762,False,2.07,11.63
xc_XC213409_110,xc,XC213409,120.25614512471655,120.3025850340136,46,-1,8.059,True,5.46,13.47
xc_XC213409_111,xc,XC213409,120.79020408163264,120.97596371882086,185,19,5.309,False,2.11,11.54
xc_XC213409_112,xc,XC213409,121.02240362811791,121.115283446712,92,33,7.457,True,7.17,9.79
xc_XC213409_113,xc,XC213409,121.60290249433106,121.8292970521542,226,-1,7.281,True,5.24,13.52
xc_XC213409_114,xc,XC213409,122.27628117913832,122.3111111111111,34,-1,5.798,False,-2.32,5.02
xc_XC213409_115,xc,XC213409,122.31691609977324,122.52009070294784,203,18,5.685,False,1.27,15.22
xc_XC213409_116,xc,XC213409,122.6419954648526,122.8974149659864,255,-1,6.025,False,3.59,12.14
xc_XC213409_117,xc,XC213409,123.01351473922902,123.17024943310656,156,33,6.983,True,7.68,10.08
xc_XC213409_118,xc,XC213409,123.42566893424036,123.49532879818597,69,-1,6.763,True,3.63,8.84
xc_XC213409_119,xc,XC213409,123.58820861678004,123.68108843537414,92,-1,7.291,True,5.77,13.84
xc_XC213409_120,xc,XC213409,123.75074829931974,123.77396825396823,23,-1,5.953,False,-1.65,5.32
xc_XC213409_121,xc,XC213409,124.05260770975056,124.23836734693876,185,18,5.48,False,1.4,15.21
xc_XC213409_122,xc,XC213409,124.69696145124716,124.90013605442176,203,-1,6.862,True,5.64,7.45
xc_XC213409_123,xc,XC213409,125.0917006802721,125.27746031746032,185,19,5.142,False,2.18,11.51
xc_XC213409_124,xc,XC213409,125.3877551020408,125.41097505668934,23,49,5.657,False,-1.36,5.23
xc_XC213409_125,xc,XC213409,125.41678004535147,125.66639455782312,249,-1,6.423,True,6.0,12.33
xc_XC213409_126,xc,XC213409,126.10757369614512,126.13079365079363,23,49,4.869,False,-1.42,4.89
xc_XC213409_127,xc,XC213409,126.68226757369614,126.984126984127,301,18,5.486,False,1.42,15.26
xc_XC213409_128,xc,XC213409,127.68072562358276,127.84326530612245,162,19,5.966,False,2.23,12.0
xc_XC213409_129,xc,XC213409,128.37151927437642,128.51083900226757,139,-1,7.426,True,6.29,7.31
xc_XC213409_130,xc,XC213409,128.95201814058956,129.1609977324263,208,24,5.901,False,5.35,13.92
xc_XC213409_131,xc,XC213409,129.46285714285713,129.64281179138322,179,18,5.577,False,1.32,15.22
xc_XC213409_132,xc,XC213409,131.0766439909297,131.2624036281179,185,19,6.05,False,2.47,6.27
xc_XC213409_133,xc,XC213409,131.68036281179138,132.00544217687073,325,18,5.636,False,1.26,15.42
xc_XC213409_134,xc,XC213409,132.5104761904762,132.6207709750567,110,2,7.12,True,5.97,-3.49
xc_XC213409_135,xc,XC213409,132.67301587301586,132.78331065759636,110,-1,7.652,True,4.28,8.8
xc_XC213409_136,xc,XC213409,133.09097505668936,133.1780498866213,87,24,7.767,True,5.67,13.62
xc_XC213409_137,xc,XC213409,133.27092970521542,133.38702947845806,116,-1,6.085,False,-1.94,11.71
xc_XC213409_138,xc,XC213409,133.57278911564623,133.73532879818595,162,24,6.485,True,2.81,13.88
xc_XC213409_139,xc,XC213409,133.781768707483,133.89786848072563,116,19,5.693,False,2.19,11.59
xc_XC213409_140,xc,XC213409,134.29260770975057,134.43192743764172,139,-1,5.855,False,-0.31,9.14
xc_XC213409_141,xc,XC213409,134.45514739229023,134.58866213151927,133,19,6.39,True,1.61,10.63
xc_XC213409_142,xc,XC213409,135.04725623582766,135.30267573696145,255,18,5.549,False,1.89,14.32
xc_XC213409_143,xc,XC213409,135.76707482993197,135.8831746031746,116,33,7.198,True,7.64,9.72
xc_XC213409_144,xc,XC213409,136.3243537414966,136.4578684807256,133,24,6.526,True,5.81,13.82
xc_XC213409_145,xc,XC213409,136.81197278911566,136.99773242630386,185,19,4.923,False,2.27,11.64
xc_XC213409_146,xc,XC213409,137.45632653061224,137.65950113378685,203,-1,6.073,False,-0.58,9.12
xc_XC213409_147,xc,XC213409,138.28643990929703,138.54185941043082,255,18,6.35,True,1.32,14.96
xc_XC213409_148,xc,XC213409,139.11655328798187,139.25587301587302,139,19,6.943,True,2.46,11.94
xc_XC213409_149,xc,XC213409,139.6796371882086,139.78412698412697,104,-1,6.415,True,5.53,14.09
xc_XC213409_150,xc,XC213409,140.20789115646258,140.3936507936508,185,18,5.688,False,1.5,15.02
xc_XC213409_151,xc,XC213409,141.01478458049888,141.15410430839003,139,-1,6.627,True,5.87,11.39
xc_XC213409_152,xc,XC213409,141.71138321995466,141.82748299319726,116,2,7.86,True,5.89,-3.26
xc_XC213409_153,xc,XC213409,142.4950566893424,142.6053514739229,110,33,7.367,True,7.67,9.42
xc_XC213409_154,xc,XC213409,142.65759637188208,142.90721088435373,249,18,6.679,True,1.51,13.79
xc_XC213409_155,xc,XC213409,142.93043083900227,143.09297052154196,162,-1,5.818,False,2.36,5.67
xc_XC213409_156,xc,XC213409,143.37160997732423,143.3948299319728,23,49,5.2,False,-1.21,5.13
xc_XC213409_157,xc,XC213409,143.65024943310658,143.88244897959183,232,18,5.211,False,1.12,15.33
xc_XC213409_158,xc,XC213409,144.41650793650794,144.53260770975055,116,28,7.713,True,7.85,8.7
xc_XC213409_159,xc,XC213409,144.99120181405897,145.06086167800453,69,-1,7.896,True,5.56,13.99
xc_XC213409_160,xc,XC213409,145.44979591836733,145.6819954648526,232,19,5.059,False,2.28,11.68
xc_XC213409_161,xc,XC213409,146.23927437641723,146.42503401360543,185,-1,6.184,True,-0.36,9.09
xc_XC213409_162,xc,XC213409,147.5570068027211,148.01560090702947,458,19,5.457,False,2.17,11.62
xc_XC213409_163,xc,XC213409,148.31746031746033,148.3871201814059,69,-1,7.283,True,4.2,9.57
xc_XC213409_164,xc,XC213409,148.45678004535148,148.57287981859412,116,2,7.126,True,6.18,-3.35
xc_XC213409_165,xc,XC213409,148.9385941043084,149.00825396825397,69,24,7.173,True,5.54,14.14
xc_XC213409_166,xc,XC213409,149.40879818594104,149.5655328798186,156,19,6.114,False,2.55,11.82
xc_XC213409_167,xc,XC213409,150.02412698412698,150.2156916099773,191,-1,6.332,True,-0.95,9.26
xc_XC213409_168,xc,XC213409,150.7439455782313,150.97614512471654,232,18,5.643,False,1.29,15.13
xc_XC213409_169,xc,XC213409,151.23156462585033,151.25478458049886,23,49,5.105,False,-1.42,5.04
xc_XC213409_170,xc,XC213409,151.32444444444442,151.34766439909296,23,-1,6.102,False,-1.66,4.76
xc_XC213409_171,xc,XC213409,151.5334240362812,151.6669387755102,133,2,7.278,True,6.2,-3.2
xc_XC213409_172,xc,XC213409,152.02104308390022,152.26485260770977,243,24,6.503,True,5.93,14.0
xc_XC213409_173,xc,XC213409,152.61895691609976,152.79891156462585,179,18,5.81,False,1.49,14.94
xc_XC213409_174,xc,XC213409,152.92081632653063,152.96725623582768,46,27,8.097,True,7.37,6.03
xc_XC213409_175,xc,XC213409,153.2865306122449,153.44907029478458,162,18,5.338,False,1.11,14.75
xc_XC213409_176,xc,XC213409,153.70448979591836,153.84380952380954,139,2,6.656,True,5.99,-3.55
xc_XC213409_177,xc,XC213409,154.3024036281179,154.4475283446712,145,-1,5.922,False,5.51,14.03
xc_XC213409_178,xc,XC213409,154.76680272108842,154.9467573696145,179,18,6.263,True,1.8,14.09
xc_XC213409_179,xc,XC213409,155.4634013605442,155.66657596371883,203,-1,6.5,True,-0.6,8.92
xc_XC213409_180,xc,XC213409,156.08453514739227,156.31673469387755,232,24,5.244,False,2.48,12.71
xc_XC213409_181,xc,XC213409,156.734693877551,156.93786848072563,203,2,6.957,True,6.18,-3.52
xc_XC213409_182,xc,XC213409,157.84344671201814,158.0234013605442,179,19,5.377,False,2.29,11.77
xc_XC213409_183,xc,XC213409,158.4645804988662,158.72,255,-1,6.246,True,1.56,7.83
xc_XC213409_184,xc,XC213409,159.1785941043084,159.39337868480726,214,18,6.486,True,1.47,14.8
xc_XC213409_185,xc,XC213409,159.9390476190476,160.05514739229022,116,2,7.365,True,6.06,-3.34
xc_XC213409_186,xc,XC213409,160.24090702947845,160.38022675736963,139,18,5.742,False,1.99,13.49
xc_XC213409_187,xc,XC213409,160.4498866213152,160.54857142857142,98,24,6.137,True,5.44,14.04
xc_XC213409_188,xc,XC213409,160.9839455782313,161.146485260771,162,19,5.172,False,2.33,11.73
xc_XC213409_189,xc,XC213409,161.21614512471655,161.35546485260772,139,-1,6.31,True,5.74,7.34
xc_XC213409_190,xc,XC213409,161.76761904761906,162.12172335600908,354,-1,5.887,False,-0.05,8.95
xc_XC213409_191,xc,XC213409,162.43519274376416,162.78349206349208,348,24,5.982,False,2.58,13.12
xc_XC213409_192,xc,XC213409,163.29433106575965,163.4104308390023,116,-1,7.414,True,6.11,12.02
xc_XC213409_193,xc,XC213409,163.87482993197278,163.96190476190478,87,-1,7.254,True,5.43,14.13
xc_XC213409_194,xc,XC213409,164.38566893424036,164.54820861678002,162,19,5.734,False,2.36,11.81
xc_XC213409_195,xc,XC213409,165.32607709750567,165.3492970521542,23,49,5.48,False,-1.58,5.06
xc_XC213409_196,xc,XC213409,165.35510204081632,165.39573696145123,40,40,5.824,False,0.84,6.37
xc_XC213409_197,xc,XC213409,165.65115646258502,165.74403628117915,92,-1,5.727,False,1.68,14.01
xc_XC213409_198,xc,XC213409,166.04589569160996,166.23165532879818,185,8,5.728,False,0.9,-2.01
xc_XC213409_199,xc,XC213409,166.78312925170067,167.10820861678002,325,19,5.748,False,2.22,11.81
xc_XC213409_200,xc,XC213409,167.65968253968254,167.77578231292517,116,2,7.354,True,7.33,9.88
xc_XC213409_201,xc,XC213409,168.24018140589567,168.2634013605442,23,-1,4.891,False,-2.09,4.75
xc_XC213409_202,xc,XC213409,168.65814058956917,168.84390022675737,185,18,5.96,False,2.1,14.23
xc_XC213409_203,xc,XC213409,169.9932879818594,170.20226757369616,208,24,6.689,True,1.82,14.86
xc_XC213409_204,xc,XC213409,170.68988662131517,170.8059863945578,116,-1,7.13,True,5.35,7.42
xc_XC213409_205,xc,XC213409,171.2239455782313,171.38648526077097,162,-1,6.288,True,5.79,12.63
xc_XC213409_206,xc,XC213409,171.4097052154195,171.47356009070296,63,40,7.932,True,1.72,6.42
xc_XC213409_207,xc,XC213409,173.20925170068026,173.30213151927438,92,-1,6.332,True,1.0,4.96
xc_XC213409_208,xc,XC213409,173.83619047619047,174.08580498866212,249,18,5.502,False,1.41,15.21
xc_XC213409_209,xc,XC213409,174.5269841269841,174.6663038548753,139,2,6.998,True,6.13,-3.38
xc_XC213409_210,xc,XC213409,175.03782312925168,175.14811791383218,110,24,7.123,True,5.76,14.01
xc_XC213409_211,xc,XC213409,175.61251700680273,175.7750566893424,162,19,6.08,False,2.24,11.58
xc_XC213409_212,xc,XC213409,176.28589569160997,176.4890702947846,203,14,6.738,True,12.3,12.54
xc_XC213409_213,xc,XC213409,177.11600907029478,177.34820861678003,232,33,7.133,True,7.32,9.52
xc_XC213409_214,xc,XC213409,179.89079365079365,180.0475283446712,156,-1,6.366,True,2.63,4.66
xc_XC213409_215,xc,XC213409,180.65124716553288,180.88344671201813,232,24,7.167,True,2.96,12.82
xc_XC213409_216,xc,XC213409,181.3884807256236,181.51038548752837,121,2,7.272,True,5.95,-3.29
xc_XC213409_217,xc,XC213409,182.04444444444445,182.13732426303852,92,-1,6.54,True,5.2,14.13
xc_XC213409_218,xc,XC213409,182.47981859410436,182.6829931972789,203,19,5.916,False,2.34,11.74
xc_XC213409_219,xc,XC213409,183.14739229024943,183.33315192743763,185,-1,6.37,True,1.02,8.38
xc_XC213409_220,xc,XC213409,183.7511111111111,183.98331065759635,232,18,5.929,False,1.93,14.14
xc_XC213409_221,xc,XC213409,184.4709297052154,184.58702947845805,116,2,7.057,True,5.86,-3.51
xc_XC213409_222,xc,XC213409,185.0224036281179,185.23138321995464,208,-1,6.524,True,1.75,9.06
xc_XC213409_223,xc,XC213409,185.53324263038547,185.68997732426303,156,18,5.346,False,1.41,15.13
xc_XC213409_224,xc,XC213409,186.20081632653063,186.31691609977327,116,2,7.484,True,6.06,-3.41
xc_XC213409_225,xc,XC213409,186.7987301587301,187.0077097505669,208,-1,6.862,True,4.56,7.15
xc_XC213409_226,xc,XC213409,187.3966439909297,187.5591836734694,162,-1,6.27,True,-0.92,9.34
xc_XC213409_227,xc,XC213409,188.09324263038548,188.32544217687075,232,18,5.687,False,1.4,14.96
xc_XC213409_228,xc,XC213409,188.83628117913835,188.9697959183673,133,2,7.028,True,6.19,-3.21
xc_XC213409_229,xc,XC213409,189.8985941043084,190.101768707483,203,19,6.189,True,2.55,11.84
xc_XC213409_230,xc,XC213409,190.68226757369612,190.8215873015873,139,-1,6.045,False,-0.27,8.91
xc_XC213409_231,xc,XC213409,191.40208616780043,191.6517006802721,249,24,6.795,True,2.66,12.96
xc_XC213409_232,xc,XC213409,192.11609977324264,192.24961451247165,133,2,7.465,True,6.21,-3.29
xc_XC213409_233,xc,XC213409,193.2480725623583,193.41061224489795,162,19,5.866,False,2.32,11.68
xc_XC213409_234,xc,XC213409,193.898231292517,194.1014058956916,203,-1,6.802,True,6.0,-3.32
xc_XC213409_235,xc,XC213409,194.79800453514736,195.0940589569161,296,24,6.337,True,1.69,14.66
xc_XC213409_236,xc,XC213409,195.55845804988664,195.7209977324263,162,-1,6.585,True,5.93,-3.38
xc_XC213409_237,xc,XC213409,196.20861678004536,196.2782766439909,69,24,6.789,True,5.84,14.37
xc_XC213409_238,xc,XC213409,196.92843537414964,197.1374149659864,208,18,5.647,False,1.21,15.33
xc_XC213409_239,xc,XC213409,197.6192290249433,197.73532879818595,116,33,6.907,True,7.71,10.22
xc_XC213409_240,xc,XC213409,198.1707029478458,198.26358276643992,92,24,6.793,True,5.7,14.44
xc_XC213409_241,xc,XC213409,198.68154195011337,198.8208616780045,139,19,5.809,False,2.29,11.58
xc_XC213409_242,xc,XC213409,200.3649886621315,200.5507482993197,185,18,5.765,False,1.26,15.32
xc_XC213409_243,xc,XC213409,200.9919274376417,201.13124716553287,139,-1,6.719,True,6.29,-3.27
xc_XC213409_244,xc,XC213409,201.36344671201812,201.4098866213152,46,-1,5.435,False,-2.01,4.76
xc_XC213409_245,xc,XC213409,201.5898412698413,201.72916099773244,139,-1,6.446,True,4.95,13.86
xc_XC213409_246,xc,XC213409,201.8220408163265,201.96136054421768,139,-1,6.564,True,5.74,-3.14
xc_XC213409_247,xc,XC213409,202.12390022675737,202.28063492063487,156,18,6.095,False,1.37,15.14
xc_XC213409_248,xc,XC213409,203.6041723356009,203.9002267573696,296,24,6.203,True,1.58,14.86
xc_XC213409_249,xc,XC213409,204.3936507936508,204.52716553287985,133,-1,7.411,True,6.08,12.15
xc_XC213409_250,xc,XC213409,205.43274376417236,205.6126984126984,179,18,5.535,False,1.21,15.47
xc_XC213409_251,xc,XC213409,206.123537414966,206.44281179138324,319,-1,6.685,True,4.28,6.68
xc_XC213409_252,xc,XC213409,206.9536507936508,207.00009070294783,46,-1,6.428,True,-2.16,4.77
xc_XC213409_253,xc,XC213409,207.2090702947846,207.4354648526077,226,18,6.005,False,1.36,15.07
xc_XC213409_254,xc,XC213409,208.01596371882087,208.13206349206348,116,2,6.99,True,5.95,-3.54
xc_XC213409_255,xc,XC213409,209.08408163265304,209.26403628117916,179,19,5.622,False,2.36,11.67
xc_XC213409_256,xc,XC213409,209.83873015873016,209.9548299319728,116,-1,7.722,True,7.21,10.58
xc_XC213409_257,xc,XC213409,210.535328798186,210.79074829931972,255,24,6.511,True,1.73,14.89
xc_XC213409_258,xc,XC213409,211.8124263038549,212.01560090702947,203,19,5.667,False,2.06,11.05
xc_XC213409_259,xc,XC213409,212.8050793650793,212.89795918367344,92,24,5.465,False,2.12,13.07
xc_XC213409_260,xc,XC213409,213.10113378684807,213.19401360544217,92,-1,7.715,True,6.71,8.27
xc_XC213409_261,xc,XC213409,213.28689342403624,213.4726530612245,185,-1,5.987,False,2.44,5.64
xc_XC213409_262,xc,XC213409,213.91383219954648,214.14603174603172,232,19,6.099,False,2.39,12.37
xc_XC213409_263,xc,XC213409,214.5872108843537,214.72072562358275,133,2,7.24,True,5.85,-3.3
xc_XC213409_264,xc,XC213409,215.6669387755102,215.8294784580499,162,18,5.56,False,1.45,15.06
xc_XC213409_265,xc,XC213409,216.363537414966,216.5260770975057,162,-1,6.467,True,-1.09,9.45
xc_XC213409_266,xc,XC213409,217.0311111111111,217.21687074829933,185,19,6.229,True,2.24,12.53
xc_XC213409_267,xc,XC213409,217.6754648526077,217.77414965986392,98,33,7.196,True,7.66,10.37
xc_XC213409_268,xc,XC213409,218.9990022675737,219.22539682539684,226,19,5.548,False,2.32,12.45
xc_XC213409_269,xc,XC213409,219.6897959183673,219.80009070294784,110,33,7.356,True,7.76,9.8
xc_XC213409_270,xc,XC213409,220.2702947845805,220.31673469387755,46,-1,7.118,True,5.19,13.69
xc_XC213409_271,xc,XC213409,220.51990929705212,220.5663492063492,46,37,7.728,True,7.6,4.58
xc_XC213409_272,xc,XC213409,220.77532879818597,220.93786848072563,162,18,5.888,False,1.51,14.98
xc_XC213409_273,xc,XC213409,221.3790476190476,221.5822222222222,203,14,5.777,False,12.37,12.49
xc_XC213409_274,xc,XC213409,222.0001814058957,222.22657596371883,226,18,5.383,False,1.19,15.3
xc_XC213409_275,xc,XC213409,222.8302947845805,222.92897959183676,98,33,6.923,True,7.62,10.3
xc_XC213409_276,xc,XC213409,223.735873015873,224.05514739229025,319,18,5.194,False,1.34,15.18
xc_XC213409_277,xc,XC213409,224.5021315192744,224.72272108843535,220,-1,6.423,True,6.62,8.05
xc_XC213409_278,xc,XC213409,225.2858049886621,225.4483446712018,162,18,5.866,False,1.43,15.13
xc_XC213409_279,xc,XC213409,226.02303854875285,226.13913832199543,116,-1,7.113,True,6.05,-3.32
xc_XC213409_280,xc,XC213409,226.20879818594105,226.36553287981857,156,19,5.914,False,2.18,11.46
xc_XC213409_281,xc,XC213409,227.0853514739229,227.24789115646257,162,19,5.297,False,2.31,11.67
xc_XC213409_282,xc,XC213409,228.03156462585036,228.17088435374149,139,33,7.077,True,7.74,10.12
xc_XC213409_283,xc,XC213409,228.7049433106576,228.7281632653061,23,-1,5.428,False,-2.13,4.45
xc_XC213409_284,xc,XC213409,229.30866213151927,229.48861678004536,179,18,5.686,False,1.41,15.13
xc_XC213409_285,xc,XC213409,230.25487528344672,230.48126984126984,226,18,4.967,False,1.14,15.37
xc_XC213409_286,xc,XC213409,230.9456689342404,231.061768707483,116,2,6.686,True,5.99,-3.41
xc_XC213409_287,xc,XC213409,232.28662131519275,232.4665759637188,179,-1,5.689,False,-0.28,9.04
xc_XC213409_288,xc,XC213409,232.96,233.2096145124717,249,18,5.176,False,1.14,15.26
xc_XC213409_289,xc,XC213409,233.69723356009072,233.85396825396825,156,2,6.721,True,6.15,-3.51
xc_XC213409_290,xc,XC213409,234.27773242630383,234.3880272108844,110,-1,6.226,True,5.61,14.17
xc_XC213409_291,xc,XC213409,234.85242630385488,235.01496598639451,162,18,5.455,False,1.52,14.91
xc_XC213409_292,xc,XC213409,238.5734240362812,238.75918367346935,185,5,5.563,False,3.03,4.81
xc_XC213409_293,xc,XC213409,239.12489795918367,239.2235827664399,98,-1,6.884,True,7.47,9.29
xc_XC213409_294,xc,XC213409,239.38031746031743,239.63573696145124,255,24,5.689,False,2.38,12.3
xc_XC213409_295,xc,XC213409,239.8679365079365,239.97823129251705,110,10,5.796,False,-2.13,11.91
xc_XC213409_296,xc,XC213409,240.14077097505668,240.2568707482993,116,-1,7.101,True,6.15,12.06
xc_XC213409_297,xc,XC213409,240.6980498866213,240.7909297052154,92,-1,7.074,True,5.43,13.94
xc_XC213409_298,xc,XC213409,241.1392290249433,241.37142857142857,232,19,5.645,False,2.54,12.02
xc_XC213409_299,xc,XC213409,241.90548752834468,242.0157823129252,110,-1,6.068,False,-1.09,9.21
xc_XC213409_300,xc,XC213409,242.2479818594104,242.4105215419501,162,18,6.415,True,1.33,14.1
xc_XC213409_301,xc,XC213409,242.49759637188208,242.7762358276644,278,18,5.398,False,1.28,15.13
xc_XC213409_302,xc,XC213409,243.1477551020408,243.35673469387757,208,2,7.074,True,6.09,-3.47
xc_XC213409_303,xc,XC213409,243.75147392290248,243.86757369614512,116,-1,6.382,True,5.47,13.93
xc_XC213409_304,xc,XC213409,244.1462131519274,244.44807256235828,301,-1,6.61,True,2.59,12.64
xc_XC213409_305,xc,XC213409,244.9298866213152,245.1388662131519,208,-1,6.338,True,0.05,8.79
xc_XC213409_306,xc,XC213409,245.6903401360544,245.9689795918368,278,18,5.81,False,1.19,15.25
xc_XC213409_307,xc,XC213409,246.42757369614512,246.5494784580499,121,33,6.699,True,7.78,9.99
xc_XC213409_308,xc,XC213409,246.66557823129253,246.77587301587303,110,-1,6.927,True,5.71,7.64
xc_XC213409_309,xc,XC213409,247.0138775510204,247.1241723356009,110,-1,6.977,True,5.36,13.91
xc_XC213409_310,xc,XC213409,247.4898866213152,247.70467120181405,214,19,5.425,False,2.37,11.59
xc_XC213409_311,xc,XC213409,248.1400453514739,248.3722448979592,232,-1,5.944,False,-0.4,9.14
xc_XC213409_312,xc,XC213409,248.9237188208617,249.17913832199548,255,18,5.489,False,1.39,14.92
xc_XC213409_313,xc,XC213409,249.31845804988663,249.4868027210884,168,18,5.733,False,1.4,14.9
xc_XC213409_314,xc,XC213409,249.61451247165533,249.730612244898,116,2,6.471,True,6.03,-3.4
xc_XC213409_315,xc,XC213409,250.3111111111111,250.4272108843537,116,-1,6.048,False,5.46,13.92
xc_XC213409_316,xc,XC213409,250.9148299319728,251.100589569161,185,18,5.484,False,1.53,14.87
xc_XC213409_317,xc,XC213409,251.77396825396823,252.05260770975056,278,-1,6.109,False,0.06,9.05
xc_XC213409_318,xc,XC213409,252.43573696145123,252.6679365079365,232,18,5.183,False,1.37,14.9
xc_XC213409_319,xc,XC213409,253.17877551020408,253.2716553287982,92,-1,7.335,True,4.4,9.33
xc_XC213409_320,xc,XC213409,253.79990929705212,253.9392290249433,139,-1,5.878,False,5.3,13.91
xc_XC213409_321,xc,XC213409,254.29333333333332,254.4732879818594,179,19,5.94,False,2.42,11.76
xc_XC213409_322,xc,XC213409,254.984126984127,255.14666666666665,162,-1,6.01,False,-0.88,9.33
xc_XC213409_323,xc,XC213409,255.558820861678,255.76780045351472,208,24,5.461,False,1.87,14.0
xc_XC213409_324,xc,XC213409,255.8374603174603,255.9303401360544,92,-1,6.561,True,7.12,8.36
xc_XC213409_325,xc,XC213409,255.95356009070292,256.046439909297,92,-1,6.924,True,4.45,6.73
xc_XC213409_326,xc,XC213409,256.27283446712016,256.3889342403628,116,33,7.123,True,7.64,9.99
xc_XC213409_327,xc,XC213409,256.8301133786848,256.94621315192745,116,-1,5.883,False,5.25,14.19
xc_XC213409_328,xc,XC213409,257.5673469387756,257.8285714285714,261,18,5.767,False,1.57,14.72
xc_XC213409_329,xc,XC213409,258.0781859410431,258.2407256235828,162,19,5.342,False,2.24,11.52
xc_XC213409_330,xc,XC213409,258.3103854875283,258.4497052154195,139,2,6.398,True,6.13,-3.43
xc_XC213409_331,xc,XC213409,258.84444444444443,258.95473922902494,110,24,6.934,True,5.8,13.86
xc_XC213409_332,xc,XC213409,258.9779591836735,259.0940589569161,116,-1,6.712,True,6.04,12.13
xc_XC213409_333,xc,XC213409,259.355283446712,259.5352380952381,179,19,5.495,False,2.24,11.59
xc_XC213409_334,xc,XC213409,260.0402721088435,260.30149659863946,261,41,6.089,False,-0.98,9.01
xc_XC213409_335,xc,XC213409,260.7600907029478,261.06195011337866,301,19,5.564,False,2.2,12.24
xc_XC213409_336,xc,XC213409,261.5669841269841,261.68308390022673,116,2,7.241,True,7.39,10.11
xc_XC213409_337,xc,XC213409,261.84562358276645,262.01396825396824,168,19,5.744,False,2.2,11.78
xc_XC213409_338,xc,XC213409,262.1010430839002,262.2403628117914,139,-1,5.865,False,5.47,13.87
xc_XC213409_339,xc,XC213409,262.6525170068027,262.7047619047619,52,-1,7.017,True,-2.07,4.72
xc_XC213409_340,xc,XC213409,265.6595011337869,265.9381405895692,278,8,6.249,True,2.48,6.23
xc_XC213409_341,xc,XC213409,266.3967346938776,266.60571428571427,208,19,5.789,False,2.28,11.85
xc_XC213409_342,xc,XC213409,267.1107482993197,267.2500680272109,139,2,6.756,True,5.94,-3.44
xc_XC213409_343,xc,XC213409,267.2965079365079,267.4126077097506,116,-1,6.34,True,3.98,6.7
xc_XC213409_344,xc,XC213409,267.6738321995465,267.85378684807256,179,-1,6.12,False,5.84,12.96
xc_XC213409_345,xc,XC213409,268.17886621315193,268.3878458049886,208,18,5.489,False,1.24,15.3
xc_XC213409_346,xc,XC213409,268.7767800453515,268.9625396825397,185,-1,6.012,False,-0.55,8.99
xc_XC213409_347,xc,XC213409,269.4733786848073,269.7229931972789,249,18,5.243,False,1.64,14.81
xc_XC213409_348,xc,XC213409,270.19319727891155,270.3092970521542,116,33,6.995,True,7.76,9.35
xc_XC213409_349,xc,XC213409,270.7678911564626,270.8839909297052,116,24,6.497,True,5.6,14.18
xc_XC213409_350,xc,XC213409,271.3425850340136,271.5051247165533,162,19,5.627,False,2.37,11.72
xc_XC213409_351,xc,XC213409,271.90566893424034,272.17850340136056,272,-1,6.775,True,5.66,7.66
xc_XC213409_352,xc,XC213409,272.8286621315193,273.07827664399093,249,24,6.609,True,2.72,12.97
xc_XC213409_353,xc,XC213409,273.4962358276644,273.61233560090704,116,2,7.076,True,6.01,-3.38
xc_XC213409_354,xc,XC213409,274.0999546485261,274.2857142857143,185,-1,5.938,False,5.17,13.88
xc_XC213409_355,xc,XC213409,274.9300680272109,275.01714285714286,87,24,5.372,False,1.86,13.9
xc_XC213409_356,xc,XC213409,275.3422222222222,275.5512018140589,208,5,5.308,False,2.7,6.42
xc_XC213409_357,xc,XC213409,275.87628117913835,276.2245804988662,348,24,5.693,False,2.69,12.55
xc_XC213409_358,xc,XC213409,276.72961451247164,276.9385941043084,208,-1,6.419,True,6.13,11.66
xc_XC213409_359,xc,XC213409,277.2636734693877,277.35655328798185,92,24,6.29,True,5.76,14.07
xc_XC213409_360,xc,XC213409,277.5655328798186,277.6526077097506,87,10,6.31,True,-1.75,11.44
xc_XC213409_361,xc,XC213409,277.7687074829932,277.9312471655329,162,18,5.489,False,1.5,15.06
xc_XC213409_362,xc,XC213409,278.37242630385487,278.67428571428576,301,-1,5.992,False,0.19,8.9
xc_XC213409_363,xc,XC213409,279.13287981859406,279.3708843537415,238,24,6.219,True,2.73,13.05
xc_XC213409_364,xc,XC213409,279.85269841269843,279.9862131519275,133,2,7.217,True,6.08,-3.34
xc_XC213409_365,xc,XC213409,281.0311111111111,281.1936507936508,162,18,6.294,True,1.56,14.86
xc_XC213409_366,xc,XC213409,281.7683446712018,281.95410430839,185,-1,5.925,False,-0.6,9.21
xc_XC213409_367,xc,XC213409,282.52879818594107,282.78421768707483,255,24,5.585,False,1.84,13.92
xc_XC213409_368,xc,XC213409,283.2950566893424,283.4343764172335,139,33,7.287,True,7.94,9.58
xc_XC213409_369,xc,XC213409,284.4038095238095,284.56634920634923,162,19,5.499,False,2.32,11.75
xc_XC213409_370,xc,XC213409,285.1932879818594,285.44290249433107,249,19,5.84,False,2.33,12.2
xc_XC213409_371,xc,XC213409,285.9769614512472,286.09306122448976,116,33,7.597,True,7.73,10.26
xc_XC213409_372,xc,XC213409,286.57487528344666,286.64453514739233,69,23,7.435,True,4.75,14.53
xc_XC213409_373,xc,XC213409,286.9463945578231,287.2018140589569,255,19,5.252,False,2.27,11.71
xc_XC213409_374,xc,XC213409,287.689433106576,287.8519727891156,162,-1,6.545,True,0.0,8.66
xc_XC213409_375,xc,XC213409,288.58920634920634,288.8214058956916,232,18,5.29,False,1.24,15.41
xc_XC213409_376,xc,XC213409,289.3728798185941,289.5354195011338,162,2,6.956,True,4.12,3.37
xc_XC213409_377,xc,XC213409,289.9765986394558,290.0230385487528,46,-1,6.012,False,-2.02,4.67
xc_XC213409_378,xc,XC213409,290.43519274376416,290.6209523809524,185,19,5.206,False,2.29,11.59
xc_XC213409_379,xc,XC213409,291.0156916099773,291.2014512471655,185,19,5.914,False,2.38,11.74
xc_XC213409_380,xc,XC213409,291.7297052154196,291.82839002267576,98,-1,5.806,False,2.0,5.02
xc_XC213409_381,xc,XC213409,291.9909297052154,292.07219954648525,81,31,8.204,True,6.08,7.8
xc_XC213409_382,xc,XC213409,292.31020408163266,292.60625850340136,296,24,6.112,False,1.95,14.14
xc_XC213409_383,xc,XC213409,293.1867573696145,293.30285714285714,116,-1,7.082,True,5.88,12.6
xc_XC213409_384,xc,XC213409,293.92979591836735,294.0865306122449,156,18,6.074,False,1.67,14.81
xc_XC213409_385,xc,XC213409,295.1720634920635,295.38104308390024,208,19,5.158,False,2.31,11.67
xc_XC213409_386,xc,XC213409,295.9789569160998,296.0253968253968,46,-1,6.481,True,0.41,6.04
xc_XC213409_387,xc,XC213409,296.1008616780045,296.19374149659865,92,-1,7.209,True,5.67,-3.11
xc_XC213409_388,xc,XC213409,296.6117006802721,296.7278004535148,116,-1,6.11,False,5.48,14.06
xc_XC213409_389,xc,XC213409,297.1573696145125,297.2966893424036,139,24,6.331,True,2.84,12.46
xc_XC213409_390,xc,XC213409,297.3895691609977,297.5056689342404,116,-1,6.32,True,0.78,7.37
xc_XC213409_391,xc,XC213409,297.8771882086168,298.06294784580496,185,-1,6.56,True,-0.69,9.11
xc_XC213409_392,xc,XC213409,298.1558276643991,298.31256235827664,156,45,5.633,False,2.26,7.3
xc_XC214879_000,xc,XC214879,0.9520181405895692,1.160997732426304,208,8,2.966,False,1.03,-0.97
xc_XC214879_001,xc,XC214879,5.38702947845805,5.456689342403628,69,49,4.093,False,-1.32,5.47
xc_XC214879_002,xc,XC214879,6.548027210884354,6.7976417233560085,249,-1,4.12,False,0.6,7.6
xc_XC214879_003,xc,XC214879,7.4478004535147395,7.48843537414966,40,-1,4.813,False,-0.93,6.49
xc_XC214879_004,xc,XC214879,8.417233560090702,8.55655328798186,139,-1,5.071,False,-0.7,11.11
xc_XC214879_005,xc,XC214879,9.090612244897958,9.340226757369614,249,26,4.169,False,4.35,8.58
xc_XC214879_006,xc,XC214879,12.62004535147392,12.672290249433107,52,-1,5.33,False,0.29,5.73
xc_XC214879_007,xc,XC214879,14.541496598639457,14.727256235827664,185,-1,5.018,False,5.18,13.95
xc_XC214879_008,xc,XC214879,14.796916099773243,14.9362358276644,139,32,4.651,False,-0.26,9.53
xc_XC214879_009,xc,XC214879,15.85922902494331,15.998548752834468,139,49,3.954,False,-0.3,8.09
xc_XC214879_010,xc,XC214879,16.880907029478458,17.020226757369617,139,49,4.211,False,-1.39,4.59
xc_XC214879_011,xc,XC214879,17.827120181405895,17.96643990929705,139,7,3.821,False,-4.75,5.93
xc_XC214879_012,xc,XC214879,20.874739229024943,21.106938775510205,232,8,2.642,False,0.96,-0.92
xc_XC214879_013,xc,XC214879,22.169251700680277,22.31437641723356,145,8,3.416,False,0.89,7.02
xc_XC214879_014,xc,XC214879,24.27646258503401,24.346122448979592,69,24,5.583,False,0.12,12.71
xc_XC214879_015,xc,XC214879,24.82793650793651,24.874376417233563,46,49,3.419,False,-1.18,5.27
xc_XC214879_016,xc,XC214879,25.013696145124715,25.036916099773244,23,49,2.489,False,-1.72,5.47
xc_XC214879_017,xc,XC214879,25.1762358276644,25.199455782312924,23,49,3.305,False,-1.71,5.07
xc_XC214879_018,xc,XC214879,25.245895691609977,25.315555555555555,69,-1,4.357,False,-0.2,6.11
xc_XC214879_019,xc,XC214879,25.36199546485261,25.501315192743764,139,-1,4.598,False,3.02,10.17
xc_XC214879_020,xc,XC214879,25.52453514739229,25.663854875283448,139,40,6.242,True,1.79,6.9
xc_XC214879_021,xc,XC214879,25.75673469387755,25.896054421768707,139,33,5.297,False,7.63,8.98
xc_XC214879_022,xc,XC214879,25.98893424036281,26.12825396825397,139,-1,4.872,False,6.74,8.48
xc_XC214879_023,xc,XC214879,26.2443537414966,26.360453514739227,116,35,5.319,False,6.36,10.33
xc_XC288036_000,xc,XC288036,1.5325170068027212,1.5789569160997734,46,49,1.735,False,-2.94,5.03
xc_XC288036_001,xc,XC288036,1.8517913832199548,1.875011337868481,23,49,1.59,False,-2.61,4.99
xc_XC288036_002,xc,XC288036,1.9446712018140595,2.0143310657596376,69,49,2.686,False,-3.65,5.19
xc_XC288036_003,xc,XC288036,2.083990929705216,2.153650793650794,69,49,2.995,False,-3.53,5.08
xc_XC288036_004,xc,XC288036,2.200090702947846,2.2697505668934244,69,49,3.049,False,-3.39,5.07
xc_XC288036_005,xc,XC288036,2.316190476190477,2.455510204081633,139,5,4.246,False,0.6,3.88
xc_XC288036_006,xc,XC288036,2.501950113378685,2.571609977324264,69,47,4.164,False,-1.12,4.05
xc_XC288036_007,xc,XC288036,2.6180498866213155,2.7747845804988667,156,28,6.037,False,7.67,8.4
xc_XC288036_008,xc,XC288036,2.8038095238095244,2.9199092970521545,116,33,6.51,True,7.68,10.25
xc_XC288036_009,xc,XC288036,3.012789115646259,3.2391836734693884,226,9,5.464,False,3.25,8.37
xc_XC288036_010,xc,XC288036,4.841360544217688,4.864580498866214,23,49,1.631,False,-2.67,5.17
xc_XC288036_011,xc,XC288036,7.755464852607711,7.801904761904764,46,49,2.757,False,-3.38,5.34
xc_XC288036_012,xc,XC288036,7.871564625850342,7.964444444444445,92,-1,3.638,False,-3.27,5.61
xc_XC288036_013,xc,XC288036,8.010884353741497,8.103764172335602,92,-1,3.696,False,-1.01,4.17
xc_XC288036_014,xc,XC288036,8.150204081632655,8.219863945578233,69,47,3.864,False,-1.96,4.32
xc_XC288036_015,xc,XC288036,8.266303854875284,8.335963718820864,69,47,3.809,False,-1.48,4.05
xc_XC288036_016,xc,XC288036,8.35918367346939,8.428843537414966,69,47,4.771,False,-0.54,3.84
xc_XC288036_017,xc,XC288036,8.47528344671202,8.544943310657597,69,47,4.568,False,-0.82,3.99
xc_XC288036_018,xc,XC288036,8.59138321995465,8.661043083900227,69,47,4.588,False,-0.95,4.04
xc_XC288036_019,xc,XC288036,8.70748299319728,8.846802721088437,139,33,6.847,True,7.7,9.86
xc_XC288036_020,xc,XC288036,8.893242630385489,9.00934240362812,116,33,6.806,True,7.67,10.35
xc_XC288036_021,xc,XC288036,9.079002267573696,9.287981859410433,208,9,6.046,False,3.27,8.53
xc_XC288036_022,xc,XC288036,9.357641723356007,9.520181405895691,162,28,6.096,False,7.46,8.32
xc_XC293305_000,xc,XC293305,0.5340589569160997,0.5572789115646258,23,49,5.309,False,-1.97,4.46
xc_XC293305_001,xc,XC293305,1.3235374149659862,1.3467573696145123,23,49,5.515,False,-1.93,4.6
xc_XC293305_002,xc,XC293305,2.8212244897959184,2.9141043083900224,92,47,8.045,True,0.32,2.38
xc_XC293305_003,xc,XC293305,3.4481632653061225,3.7268027210884354,278,39,6.637,True,3.83,1.29
xc_XC293305_004,xc,XC293305,4.446621315192744,4.765895691609977,319,8,6.653,True,2.0,-3.31
xc_XC293305_005,xc,XC293305,17.478820861678003,17.548480725623584,69,47,6.775,True,0.61,3.01
xc_XC293305_006,xc,XC293305,17.61233560090703,17.687800453514736,75,47,8.798,True,1.28,2.31
xc_XC293305_007,xc,XC293305,17.711020408163265,17.80390022675737,92,6,9.775,True,-6.46,9.29
xc_XC293305_008,xc,XC293305,17.827120181405895,18.08253968253968,255,24,7.758,True,2.56,13.52
xc_XC293305_009,xc,XC293305,18.14639455782313,18.425034013605444,278,-1,7.731,True,6.4,9.45
xc_XC293305_010,xc,XC293305,18.471473922902494,18.79655328798186,325,1,6.142,True,9.88,16.44
xc_XC293305_011,xc,XC293305,18.84299319727891,19.075192743764173,232,23,6.627,True,4.83,14.16
xc_XC293305_012,xc,XC293305,25.98312925170068,26.006349206349206,23,49,5.203,False,-1.89,4.95
xc_XC293305_013,xc,XC293305,26.02956916099773,26.12244897959184,92,-1,6.849,True,-1.15,4.92
xc_XC293305_014,xc,XC293305,44.21659863945578,44.268843537414966,52,47,7.6,True,0.54,2.12
xc_XC293305_015,xc,XC293305,44.3849433106576,44.45460317460317,69,47,10.511,True,-0.05,1.62
xc_XC293305_016,xc,XC293305,44.54748299319728,44.61133786848072,63,47,9.016,True,1.33,1.9
xc_XC293305_017,xc,XC293305,44.68680272108843,44.95963718820862,272,24,7.393,True,1.99,13.76
xc_XC293305_018,xc,XC293305,45.00607709750567,45.27891156462585,272,-1,9.261,True,4.9,10.38
xc_XC293305_019,xc,XC293305,45.33115646258504,45.6562358276644,325,1,6.96,True,9.87,16.43
xc_XC293305_020,xc,XC293305,45.74331065759637,45.95229024943311,208,23,7.423,True,4.85,14.14
xc_XC293305_021,xc,XC293305,56.47092970521542,56.76698412698413,296,39,6.965,True,4.16,1.48
xc_XC293344_000,xc,XC293344,0.4179591836734694,0.8359183673469388,417,21,6.306,True,3.19,10.8
xc_XC293344_001,xc,XC293344,0.9752380952380952,1.253877551020408,278,30,6.67,True,3.97,8.27
xc_XC293344_002,xc,XC293344,1.4164172335600906,1.6486167800453515,232,7,6.173,True,2.0,7.32
xc_XC293344_003,xc,XC293344,2.269750566893424,2.455510204081633,185,8,5.338,False,1.34,-1.99
xc_XC293344_004,xc,XC293344,4.516281179138322,4.603356009070295,87,15,8.921,True,7.05,12.15
xc_XC293344_005,xc,XC293344,4.6788208616780045,4.858775510204082,179,15,6.918,True,7.07,12.4
xc_XC293344_006,xc,XC293344,5.410249433106576,5.532154195011338,121,29,6.46,True,7.38,13.46
xc_XC293344_007,xc,XC293344,6.455147392290249,6.640907029478458,185,8,5.65,False,1.22,-1.87
xc_XC293344_008,xc,XC293344,8.695873015873016,8.788752834467122,92,15,7.279,True,7.09,12.27
xc_XC293344_009,xc,XC293344,8.881632653061224,9.090612244897958,208,15,6.513,True,7.05,12.21
xc_XC293344_010,xc,XC293344,9.671111111111111,9.78721088435374,116,15,7.42,True,7.24,12.61
xc_XC293344_011,xc,XC293344,11.49387755102041,11.679637188208616,185,15,7.514,True,6.72,12.83
xc_XC293344_012,xc,XC293344,12.213696145124716,12.329795918367347,116,29,6.811,True,7.29,13.35
xc_XC293344_013,xc,XC293344,13.10766439909297,13.363083900226757,255,21,6.323,True,3.18,10.86
xc_XC293344_014,xc,XC293344,13.52562358276644,13.7578231292517,232,30,6.184,True,4.01,8.11
xc_XC293344_015,xc,XC293344,14.013242630385488,14.193197278911564,179,7,6.59,True,-5.33,6.75
xc_XC293344_016,xc,XC293344,14.802721088435373,15.0465306122449,243,8,5.494,False,0.76,-1.81
xc_XC293344_017,xc,XC293344,15.696689342403628,15.905668934240362,208,8,5.889,False,1.37,-1.81
xc_XC293344_018,xc,XC293344,17.39174603174603,17.64136054421769,249,-1,7.399,True,5.89,12.77
xc_XC293344_019,xc,XC293344,18.22185941043084,18.355374149659863,133,29,6.361,True,7.21,13.31
xc_XC293344_020,xc,XC293344,19.307392290249435,19.53378684807256,226,8,5.846,False,1.08,-1.86
xc_XC293344_021,xc,XC293344,21.106938775510205,21.31591836734694,208,15,6.053,False,7.26,12.25
xc_XC293344_022,xc,XC293344,21.873197278911565,22.00671201814059,133,29,7.025,True,7.27,12.86
xc_XC293344_023,xc,XC293344,22.79619047619048,23.283809523809524,487,21,5.865,False,3.21,10.84
xc_XC293344_024,xc,XC293344,23.34766439909297,23.719183673469384,371,30,5.607,False,3.95,8.24
xc_XC293344_025,xc,XC293344,23.881723356009072,24.131337868480724,249,7,5.778,False,-5.26,6.11
xc_XC293344_026,xc,XC293344,24.346122448979592,24.642176870748298,296,38,5.948,False,4.6,4.75
xc_XC293344_027,xc,XC293344,25.147210884353743,25.35619047619048,208,8,5.373,False,0.94,-1.91
xc_XC293344_028,xc,XC293344,26.006349206349206,26.23854875283447,232,8,5.024,False,1.37,-1.94
xc_XC293344_029,xc,XC293344,26.958367346938772,27.237006802721087,278,15,6.981,True,6.66,12.08
xc_XC293344_030,xc,XC293344,27.80589569160998,27.921995464852607,116,29,6.431,True,7.32,13.43
xc_XC293344_031,xc,XC293344,27.99746031746032,28.113560090702947,116,29,6.653,True,7.34,13.42
xc_XC293344_032,xc,XC293344,28.781133786848077,29.082993197278917,301,19,6.006,False,2.8,11.21
xc_XC293344_033,xc,XC293344,29.216507936507934,29.471927437641725,255,31,6.902,True,4.68,7.75
xc_XC293344_034,xc,XC293344,29.70993197278912,29.936326530612245,226,44,6.296,True,2.15,7.23
xc_XC293344_035,xc,XC293344,30.23238095238095,30.400725623582765,168,8,5.367,False,0.91,-1.84
xc_XC293344_036,xc,XC293344,31.06829931972789,31.37015873015873,301,8,5.074,False,1.33,-1.93
xc_XC293344_037,xc,XC293344,31.85197278911565,31.927437641723355,75,-1,6.394,True,1.07,6.19
xc_XC293344_038,xc,XC293344,31.973877551020408,32.01451247165533,40,49,5.989,False,0.36,5.99
xc_XC293344_039,xc,XC293344,32.79818594104309,32.91428571428572,116,15,7.162,True,7.05,12.18
xc_XC293344_040,xc,XC293344,32.94331065759637,33.14648526077097,203,-1,7.019,True,6.62,12.1
xc_XC293344_041,xc,XC293344,33.68054421768707,33.819863945578234,139,15,7.534,True,6.92,12.61
xc_XC293344_042,xc,XC293344,34.998276643990934,35.178231292517005,179,8,6.275,True,1.33,-1.75
xc_XC293344_043,xc,XC293344,35.944489795918365,36.29278911564626,348,8,5.438,False,1.36,-1.81
xc_XC293344_044,xc,XC293344,36.98938775510205,37.17514739229025,185,15,7.501,True,7.05,12.13
xc_XC293344_045,xc,XC293344,38.48707482993198,38.74249433106576,255,8,5.842,False,1.34,-1.91
xc_XC293344_046,xc,XC293344,39.43328798185941,39.45650793650794,23,49,5.808,False,-1.51,4.95
xc_XC293344_047,xc,XC293344,39.555192743764174,39.69451247165532,139,49,6.817,True,2.11,6.47
xc_XC293344_048,xc,XC293344,39.717732426303854,39.74095238095238,23,49,4.371,False,-1.66,4.91
xc_XC293344_049,xc,XC293344,40.24598639455783,40.50140589569161,255,15,6.519,True,7.12,12.16
xc_XC293344_050,xc,XC293344,42.55056689342404,42.649251700680274,98,15,7.957,True,6.98,12.17
xc_XC293344_051,xc,XC293344,43.36326530612245,43.5025850340136,139,29,7.03,True,7.16,12.78
xc_XC293344_052,xc,XC293344,44.24562358276644,44.54167800453515,296,21,6.936,True,3.1,10.81
xc_XC293344_053,xc,XC293344,44.68680272108843,44.95963718820862,272,5,6.691,True,2.83,4.75
xc_XC293344_054,xc,XC293344,45.19183673469387,45.377596371882085,185,49,6.226,True,1.41,7.39
xc_XC293344_055,xc,XC293344,45.7491156462585,45.88263038548753,133,8,6.301,True,0.73,-1.56
xc_XC293344_056,xc,XC293344,46.11482993197279,46.25414965986394,139,8,5.488,False,1.39,-1.98
xc_XC293344_057,xc,XC293344,47.15392290249433,47.24680272108843,92,8,5.936,False,1.29,-1.42
xc_XC293344_058,xc,XC293344,48.08272108843538,48.309115646258505,226,15,6.954,True,6.67,12.14
xc_XC293344_059,xc,XC293344,48.959274376417234,49.075374149659865,116,29,6.828,True,7.38,13.48
xc_XC293344_060,xc,XC293344,49.84163265306122,49.9287074829932,87,-1,7.757,True,3.33,10.43
xc_XC293344_061,xc,XC293344,50.27120181405896,50.29442176870749,23,-1,5.761,False,2.63,10.64
xc_XC293344_062,xc,XC293344,50.41052154195011,50.68916099773243,278,30,6.26,True,3.89,8.17
xc_XC293344_063,xc,XC293344,51.40897959183673,51.54829931972789,139,8,5.791,False,1.11,-1.59
xc_XC293344_064,xc,XC293344,53.04598639455782,53.14467120181406,98,15,8.604,True,7.09,12.53
xc_XC293344_065,xc,XC293344,53.76580498866213,53.99800453514739,232,-1,7.85,True,6.28,12.87
xc_XC293344_066,xc,XC293344,54.52625850340136,54.64235827664399,116,29,6.575,True,7.28,13.4
xc_XC293344_067,xc,XC293344,54.688798185941046,54.7178231292517,29,-1,6.931,True,-2.62,4.62
xc_XC293344_068,xc,XC293344,54.78748299319728,54.83392290249433,46,-1,6.386,True,-2.23,4.73
xc_XC293344_069,xc,XC293344,55.17641723356009,55.455056689342406,278,30,6.707,True,3.97,8.02
xc_XC293344_070,xc,XC293344,55.75111111111111,55.91365079365079,162,7,5.999,False,-5.59,6.87
xc_XC293344_071,xc,XC293344,56.35482993197279,56.60444444444445,249,8,5.904,False,4.14,4.81
xc_XC293344_072,xc,XC293344,57.28362811791383,57.44036281179138,156,8,6.081,False,0.55,-1.74
xc_XC293344_073,xc,XC293344,58.06730158730159,58.24725623582766,179,8,6.08,False,1.31,-1.85
xc_XC293344_074,xc,XC293344,58.85097505668934,59.05995464852608,208,15,6.186,True,7.18,12.25
xc_XC293344_075,xc,XC293344,59.57079365079365,59.70430839002268,133,29,6.807,True,7.26,13.3
xc_XC293344_076,xc,XC293344,60.377687074829936,60.74340136054422,365,21,6.188,True,3.24,10.78
xc_XC293344_077,xc,XC293344,60.92916099773242,61.161360544217686,232,30,6.051,False,4.08,8.29
xc_XC293344_078,xc,XC293344,61.32390022675737,61.62575963718821,301,7,5.93,False,1.33,7.36
xc_XC293344_079,xc,XC293344,62.61260770975057,62.78095238095238,168,8,5.415,False,1.13,-1.92
xc_XC293344_080,xc,XC293344,63.285986394557824,63.355646258503405,69,-1,7.723,True,5.34,13.61
xc_XC293344_081,xc,XC293344,64.37151927437642,64.60952380952381,238,15,6.461,True,7.17,12.17
xc_XC293344_082,xc,XC293344,65.1784126984127,65.29451247165532,116,29,7.201,True,7.29,13.37
xc_XC293344_083,xc,XC293344,67.08244897959183,67.1521088435374,69,-1,9.184,True,5.91,12.86
xc_XC293344_084,xc,XC293344,67.221768707483,67.40172335600907,179,15,6.721,True,7.08,12.3
xc_XC293344_085,xc,XC293344,67.79065759637187,67.88934240362812,98,29,7.315,True,7.16,12.6
xc_XC293344_086,xc,XC293344,67.95319727891157,68.0692970521542,116,29,6.948,True,7.31,13.4
xc_XC293344_087,xc,XC293344,68.39437641723356,68.44081632653061,46,-1,7.533,True,3.37,11.71
xc_XC293344_088,xc,XC293344,68.6033560090703,69.0445351473923,441,19,6.349,True,2.39,11.55
xc_XC293344_089,xc,XC293344,69.15482993197278,69.45668934240362,301,30,6.793,True,4.04,8.2
xc_XC293344_090,xc,XC293344,69.67147392290249,69.89786848072562,226,7,5.967,False,-5.18,6.4
xc_XC293344_091,xc,XC293344,70.38548752834467,70.5944671201814,208,8,5.748,False,1.16,-1.78
xc_XC293344_092,xc,XC293344,71.85995464852608,72.06893424036281,208,15,6.809,True,7.1,12.24
xc_XC293344_093,xc,XC293344,72.67265306122448,72.78875283446712,116,29,7.143,True,7.22,12.78
xc_XC293344_094,xc,XC293344,73.15446712018141,73.36344671201813,208,15,6.194,True,7.22,12.19
xc_XC293344_095,xc,XC293344,73.99038548752834,74.12390022675737,133,29,7.262,True,7.27,12.99
xc_XC293344_096,xc,XC293344,75.07011337868481,75.13977324263038,69,21,7.927,True,3.1,10.81
xc_XC293344_097,xc,XC293344,75.30231292517007,75.53451247165532,232,30,6.479,True,3.83,8.05
xc_XC293344_098,xc,XC293344,76.41687074829932,76.50975056689342,92,8,6.597,True,0.96,-1.8
xc_XC293344_099,xc,XC293344,76.55619047619048,76.71292517006803,156,8,6.311,True,1.18,-1.99
xc_XC293344_100,xc,XC293344,78.65759637188208,78.84335600907029,185,15,7.084,True,6.99,12.29
xc_XC293344_101,xc,XC293344,79.40063492063493,79.51092970521542,110,15,7.495,True,7.2,12.27
xc_XC293344_102,xc,XC293344,80.32362811791383,80.5558276643991,232,21,6.645,True,3.08,10.83
xc_XC293344_103,xc,XC293344,80.80544217687076,80.96798185941043,162,30,6.47,True,3.97,8.09
xc_XC293344_104,xc,XC293344,81.22340136054422,81.3859410430839,162,7,6.473,True,1.78,7.57
xc_XC293344_105,xc,XC293344,83.44090702947847,83.46412698412698,23,-1,5.338,False,-2.14,4.46
xc_XC293344_106,xc,XC293344,85.91383219954648,86.02993197278911,116,-1,7.504,True,1.82,6.81
xc_XC293344_107,xc,XC293344,86.23891156462584,86.42467120181405,185,15,7.118,True,7.1,12.27
xc_XC293344_108,xc,XC293344,86.44789115646259,86.60462585034013,156,8,6.814,True,1.01,-2.01
xc_XC293344_109,xc,XC293344,86.76716553287983,86.91229024943311,145,8,7.538,True,-0.16,-1.26
xc_XC293344_110,xc,XC293344,86.95873015873016,87.1154648526077,156,15,7.849,True,7.08,12.33
xc_XC293344_111,xc,XC293344,87.16190476190476,87.32444444444444,162,8,7.087,True,1.09,-1.82
xc_XC293344_112,xc,XC293344,87.37088435374149,87.48698412698413,116,8,7.486,True,0.16,-1.44
xc_XC293344_113,xc,XC293344,87.96879818594104,88.2009977324263,232,21,7.806,True,3.5,10.82
xc_XC293344_114,xc,XC293344,88.34031746031745,88.43319727891156,92,37,7.76,True,7.68,4.24
xc_XC293344_115,xc,XC293344,88.50285714285714,88.6421768707483,139,30,7.111,True,4.32,8.0
xc_XC293344_116,xc,XC293344,88.82793650793651,88.99047619047619,162,8,6.959,True,0.89,-2.01
xc_XC293344_117,xc,XC293344,89.03111111111112,89.15301587301587,121,-1,7.574,True,1.9,7.29
xc_XC293344_118,xc,XC293344,89.21687074829931,89.3619954648526,145,-1,6.742,True,2.28,6.83
xc_XC293344_119,xc,XC293344,89.40843537414966,89.5651700680272,156,8,7.08,True,1.82,7.47
xc_XC293344_120,xc,XC293344,90.0063492063492,90.16888888888889,162,8,5.326,False,1.32,-1.85
xc_XC293344_121,xc,XC293344,90.95256235827664,91.16154195011336,208,8,6.062,False,1.34,-1.99
xc_XC293344_122,xc,XC293344,91.718820861678,91.92780045351472,208,15,6.334,True,7.13,12.24
xc_XC293344_123,xc,XC293344,92.55473922902496,92.67083900226756,116,-1,6.947,True,5.68,13.31
xc_XC293344_124,xc,XC293344,92.97269841269842,93.06557823129252,92,49,6.662,True,1.43,7.38
xc_XC293346_000,xc,XC293346,0.8359183673469388,0.9520181405895692,116,8,7.377,True,1.45,-2.06
xc_XC293346_001,xc,XC293346,3.81968253968254,3.9357823129251694,116,8,8.196,True,0.87,-1.89
xc_XC293346_002,xc,XC293346,6.106848072562358,6.222947845804989,116,8,9.649,True,0.17,-1.86
xc_XC293346_003,xc,XC293346,9.32281179138322,9.433106575963718,110,8,8.551,True,1.11,-1.79
xc_XC293346_004,xc,XC293346,10.518639455782314,10.61732426303855,98,8,8.586,True,0.72,-1.61
xc_XC293346_005,xc,XC293346,12.213696145124716,12.323990929705214,110,8,9.697,True,0.14,-1.72
xc_XC293346_006,xc,XC293346,14.75628117913832,14.849160997732426,92,8,8.504,True,0.76,-1.71
xc_XC293346_007,xc,XC293346,16.671927437641724,16.782222222222224,110,8,10.003,True,-0.26,-1.27
xc_XC293346_008,xc,XC293346,19.423492063492063,19.562811791383226,139,8,6.948,True,1.58,-2.08
xc_XC293346_009,xc,XC293346,23.97460317460317,24.06748299319728,92,8,8.116,True,0.91,-1.71
xc_XC33750_000,xc,XC33750,0.4411791383219954,0.6501587301587302,208,-1,8.291,True,5.92,13.49
xc_XC33750_001,xc,XC33750,2.937324263038549,3.053424036281179,116,9,7.998,True,2.17,7.97
xc_XC33750_002,xc,XC33750,3.4946031746031743,3.657142857142857,162,-1,9.413,True,6.44,7.69
xc_XC33750_003,xc,XC33750,4.121541950113379,4.231836734693878,110,21,6.9,True,5.2,10.72
xc_XC33750_004,xc,XC33750,4.841360544217687,5.04453514739229,203,24,6.709,True,-0.15,13.62
xc_XC33750_005,xc,XC33750,5.4392743764172335,5.619229024943311,179,-1,8.563,True,2.21,5.07
xc_XC33750_006,xc,XC33750,6.106848072562358,6.199727891156463,92,26,8.054,True,5.3,9.25
xc_XC33750_007,xc,XC33750,6.455147392290249,6.704761904761905,249,2,7.82,True,6.0,-3.33
xc_XC33750_008,xc,XC33750,7.192380952380952,7.383945578231293,191,24,9.061,True,6.06,13.91
xc_XC33750_009,xc,XC33750,7.883174603174603,8.028299319727891,145,-1,9.647,True,6.27,7.71
xc_XC33750_010,xc,XC33750,8.533333333333333,8.602993197278911,69,21,6.989,True,5.0,10.66
xc_XC33750_011,xc,XC33750,9.160272108843538,9.386666666666668,226,18,6.787,True,1.48,15.22
xc_XC33750_012,xc,XC33750,9.810430839002269,9.990385487528345,179,-1,8.96,True,2.78,6.23
xc_XC33750_013,xc,XC33750,10.425759637188207,10.518639455782314,92,26,6.983,True,5.3,9.2
xc_XC33750_014,xc,XC33750,10.803083900226756,11.052698412698414,249,15,8.301,True,7.12,11.78
xc_XC33750_015,xc,XC33750,11.54031746031746,11.743492063492065,203,-1,7.872,True,5.97,13.44
xc_XC33750_016,xc,XC33750,15.145215419501133,15.255510204081633,110,40,8.34,True,1.82,6.8
xc_XC33750_017,xc,XC33750,15.725714285714286,15.882448979591835,156,-1,10.091,True,4.79,6.51
xc_XC33750_018,xc,XC33750,16.34684807256236,16.439727891156462,92,21,7.839,True,5.16,10.75
xc_XC33750_019,xc,XC33750,16.92734693877551,17.136326530612244,208,24,7.12,True,-0.2,13.64
xc_XC33750_020,xc,XC33750,17.589115646258502,17.751655328798183,162,-1,8.92,True,-1.48,2.9
xc_XC33750_021,xc,XC33750,18.17541950113379,18.285714285714285,110,26,7.028,True,5.27,9.16
xc_XC33750_022,xc,XC33750,18.587573696145125,18.819773242630383,232,15,7.958,True,7.21,12.13
xc_XC33750_023,xc,XC33750,19.33061224489796,19.53378684807256,203,-1,8.467,True,5.55,13.3
xc_XC33750_024,xc,XC33750,20.021405895691608,20.17814058956916,156,-1,10.833,True,6.82,8.12
xc_XC33750_025,xc,XC33750,20.68897959183673,20.787664399092968,98,21,7.167,True,5.09,10.75
xc_XC33750_026,xc,XC33750,21.36235827664399,21.524897959183672,162,-1,9.008,True,2.57,5.05
xc_XC33750_027,xc,XC33750,22.05895691609977,22.15183673469388,92,26,9.039,True,5.24,9.11
xc_XC33750_028,xc,XC33750,22.47111111111111,22.72072562358277,249,2,7.978,True,7.27,11.67
xc_XC33750_029,xc,XC33750,23.214149659863946,23.394104308390023,179,-1,8.534,True,5.53,12.94
xc_XC33750_030,xc,XC33750,24.462222222222223,24.572517006802723,110,40,8.076,True,1.78,6.81
xc_XC33750_031,xc,XC33750,25.05433106575964,25.199455782312924,145,-1,10.534,True,4.48,6.39
xc_XC33750_032,xc,XC33750,25.710294784580498,25.820589569161,110,21,6.441,True,5.09,10.72
xc_XC33750_033,xc,XC33750,26.33142857142857,26.540408163265308,208,24,7.566,True,-0.04,13.53
xc_XC33750_034,xc,XC33750,26.958367346938772,27.138321995464853,179,-1,8.775,True,2.99,3.74
xc_XC33750_035,xc,XC33750,27.7362358276644,27.99746031746032,261,15,7.769,True,7.22,11.93
xc_XC33750_036,xc,XC33750,28.525714285714287,28.757913832199545,232,-1,7.972,True,5.39,13.36
xc_XC33750_037,xc,XC33750,31.555918367346937,31.66621315192744,110,40,8.184,True,1.79,6.75
xc_XC33750_038,xc,XC33750,32.066757369614514,32.22349206349207,156,-1,10.547,True,6.55,8.33
xc_XC33750_039,xc,XC33750,32.687891156462584,32.79818594104309,110,21,7.277,True,5.04,10.56
xc_XC33750_040,xc,XC33750,33.245170068027214,33.44834467120181,203,24,7.573,True,-0.22,13.68
xc_XC33750_041,xc,XC33750,33.88952380952381,34.05206349206349,162,-1,9.171,True,-1.66,2.75
xc_XC33750_042,xc,XC33750,34.47002267573696,34.58031746031746,110,26,7.851,True,5.3,9.23
xc_XC33750_043,xc,XC33750,34.84154195011338,35.09115646258504,249,35,7.843,True,7.02,11.49
xc_XC33750_044,xc,XC33750,35.54975056689342,35.74131519274376,191,-1,8.639,True,5.78,13.27
xc_XC33750_045,xc,XC33750,36.08380952380953,36.13024943310658,46,-1,6.563,True,-0.48,4.96
xc_XC33750_046,xc,XC33750,36.22312925170068,36.38566893424037,162,-1,8.856,True,7.38,7.53
xc_XC33750_047,xc,XC33750,38.57995464852608,38.76571428571428,185,-1,8.872,True,-3.6,9.33
xc_XC33750_048,xc,XC33750,39.20108843537415,39.29977324263039,98,26,9.547,True,5.24,9.16
xc_XC33750_049,xc,XC33750,39.5784126984127,39.82802721088436,249,15,8.026,True,7.22,11.91
xc_XC33750_050,xc,XC33750,40.3156462585034,40.518820861678,203,-1,8.905,True,6.25,14.78
xc_XC33750_051,xc,XC33750,40.7568253968254,40.820680272108845,63,-1,7.777,True,0.51,3.96
xc_XC33750_052,xc,XC33750,40.913560090702944,41.07609977324263,162,-1,8.719,True,6.66,7.77
xc_XC33750_053,xc,XC33750,41.14575963718821,41.192199546485256,46,-1,5.892,False,-1.03,4.66
xc_XC33750_054,xc,XC33750,41.56371882086168,41.67401360544218,110,21,6.719,True,5.15,10.79
xc_XC33750_055,xc,XC33750,42.16743764172336,42.37061224489796,203,18,7.251,True,1.39,15.13
xc_XC33750_056,xc,XC33750,42.81179138321996,42.991746031746025,179,-1,9.208,True,2.62,6.17
xc_XC33750_057,xc,XC33750,43.45614512471656,43.549024943310656,92,26,8.649,True,5.25,9.24
xc_XC33750_058,xc,XC33750,43.80444444444444,44.05986394557823,255,2,7.626,True,7.22,12.16
xc_XC33750_059,xc,XC33750,44.64036281179138,44.8261224489796,185,-1,8.563,True,6.27,14.25
xc_XC33750_060,xc,XC33750,47.43256235827664,47.54285714285714,110,9,8.787,True,2.26,8.0
xc_XC33750_061,xc,XC33750,47.79827664399093,47.867936507936506,69,47,6.619,True,0.4,4.15
xc_XC33750_062,xc,XC33750,47.943401360544215,48.10013605442177,156,-1,10.559,True,6.56,7.95
xc_XC33750_063,xc,XC33750,48.56453514739229,48.68063492063492,116,21,7.556,True,5.11,10.74
xc_XC33750_064,xc,XC33750,49.145034013605446,49.34820861678004,203,24,7.148,True,1.42,15.06
xc_XC33750_065,xc,XC33750,49.748752834467126,49.9287074829932,179,-1,9.155,True,2.81,5.42
xc_XC33750_066,xc,XC33750,50.34666666666666,50.45696145124717,110,26,7.373,True,5.36,9.21
xc_XC33750_067,xc,XC33750,50.87492063492064,51.06068027210885,185,-1,8.125,True,6.24,14.16
xc_XC33750_068,xc,XC33750,51.57151927437642,51.68181405895692,110,9,8.368,True,1.89,6.72
xc_XC33750_069,xc,XC33750,52.14621315192744,52.29133786848072,145,-1,10.656,True,4.47,6.42
xc_XC33750_070,xc,XC33750,52.74993197278911,52.86022675736962,110,21,6.764,True,5.12,10.72
xc_XC33750_071,xc,XC33750,53.34784580498866,53.5568253968254,208,24,7.238,True,5.9,14.5
xc_XC33750_072,xc,XC33750,53.99800453514739,54.17795918367347,179,-1,9.084,True,-1.18,2.78
xc_XC33750_073,xc,XC33750,54.64816326530613,54.74104308390023,92,26,9.948,True,5.22,9.2
xc_XC33750_074,xc,XC33750,55.03709750566893,55.29251700680272,255,35,7.605,True,6.78,10.58
xc_XC33750_075,xc,XC33750,55.91365079365079,56.099410430839,185,-1,8.909,True,5.37,13.62
xc_XC33750_076,xc,XC33750,57.02240362811792,57.13850340136054,116,9,8.964,True,1.8,6.31
xc_XC33750_077,xc,XC33750,57.620317460317466,57.76544217687075,145,-1,10.823,True,4.99,6.66
xc_XC33750_078,xc,XC33750,58.27047619047619,58.38657596371882,116,21,7.565,True,5.13,10.83
xc_XC33750_079,xc,XC33750,58.92063492063492,59.10639455782313,185,24,7.653,True,-0.01,13.71
xc_XC33750_080,xc,XC33750,59.56498866213152,59.7275283446712,162,-1,9.754,True,-1.71,3.01
xc_XC33750_081,xc,XC33750,60.16290249433106,60.2615873015873,98,26,7.729,True,5.26,9.19
xc_XC33750_082,xc,XC33750,60.54022675736962,60.74340136054422,203,2,7.983,True,6.28,-3.31
xc_XC33750_083,xc,XC33750,61.32390022675737,61.48643990929705,162,-1,8.791,True,5.83,12.77
xc_XC33750_084,xc,XC33750,63.47174603174603,63.58784580498866,116,40,8.029,True,1.82,6.86
xc_XC33750_085,xc,XC33750,63.95936507936508,63.9825850340136,23,-1,4.4,False,-1.88,4.29
xc_XC33750_086,xc,XC33750,64.05224489795918,64.20897959183674,156,-1,10.931,True,5.64,6.89
xc_XC33750_087,xc,XC33750,64.67337868480726,64.7720634920635,98,21,7.284,True,5.09,10.68
xc_XC33750_088,xc,XC33750,65.25387755102041,65.46285714285715,208,18,7.149,True,1.47,15.07
xc_XC33750_089,xc,XC33750,65.87501133786847,66.03755102040816,162,-1,8.782,True,-1.32,2.97
xc_XC33750_090,xc,XC33750,66.50195011337868,66.59482993197278,92,26,7.579,True,5.29,9.19
xc_XC33750_091,xc,XC33750,66.86766439909297,67.12308390022676,255,15,7.94,True,7.1,11.59
xc_XC33750_092,xc,XC33750,67.60489795918367,67.79065759637187,185,-1,8.534,True,5.24,13.23
xc_XC33750_093,xc,XC33750,71.3317006802721,71.44780045351473,116,40,7.879,True,1.82,6.71
xc_XC33750_094,xc,XC33750,71.91219954648527,72.06893424036281,156,-1,10.53,True,6.58,7.97
xc_XC33750_095,xc,XC33750,72.18503401360545,72.20825396825397,23,49,5.099,False,-1.67,4.28
xc_XC33750_096,xc,XC33750,72.53333333333333,72.64362811791383,110,21,6.998,True,5.14,10.78
xc_XC33750_097,xc,XC33750,73.13705215419502,73.36344671201813,226,24,8.004,True,-0.28,13.85
xc_XC33750_098,xc,XC33750,73.73496598639456,73.92072562358277,185,5,8.5,True,3.51,4.34
xc_XC33750_099,xc,XC33750,74.19936507936508,74.26321995464852,63,-1,6.434,True,-1.63,4.21
xc_XC33750_100,xc,XC33750,74.36190476190477,74.45478458049887,92,26,8.666,True,5.33,9.28
xc_XC33750_101,xc,XC33750,74.72761904761906,74.98303854875284,255,35,7.802,True,6.97,11.18
xc_XC33750_102,xc,XC33750,75.44743764172335,75.65061224489796,203,-1,8.85,True,6.13,13.93
xc_XC33750_103,xc,XC33750,76.0453514739229,76.09179138321996,46,49,6.771,True,-0.35,5.64
xc_XC33750_104,xc,XC33750,76.2078911564626,76.37043083900227,162,-1,9.087,True,6.48,7.95
xc_XC33750_105,xc,XC33750,76.46331065759638,76.50975056689342,46,-1,5.619,False,-1.49,4.35
xc_XC33750_106,xc,XC33750,76.83482993197278,76.94512471655328,110,21,7.249,True,5.16,10.76
xc_XC33750_107,xc,XC33750,77.4095238095238,77.61850340136054,208,24,7.806,True,-0.17,13.77
xc_XC33750_108,xc,XC33750,78.05968253968254,78.2396371882086,179,-1,8.645,True,2.21,3.77
xc_XC33750_109,xc,XC33750,78.70403628117914,78.79691609977324,92,26,10.204,True,5.23,9.2
xc_XC33750_110,xc,XC33750,79.06975056689342,79.33097505668934,261,2,7.77,True,6.05,-3.33
xc_XC33750_111,xc,XC33750,79.84181405895691,80.02176870748299,179,-1,8.159,True,5.79,12.96
xc_XC33750_112,xc,XC33750,80.62548752834468,80.78222222222222,156,-1,10.249,True,6.79,8.11
xc_XC33750_113,xc,XC33750,81.33950113378685,81.45560090702948,116,21,6.566,True,5.16,10.67
xc_XC33750_114,xc,XC33750,81.94321995464853,82.15219954648526,208,24,7.427,True,1.49,14.93
xc_XC33750_115,xc,XC33750,82.72108843537414,82.88943310657596,168,5,8.471,True,2.77,3.86
xc_XC33750_116,xc,XC33750,83.34802721088435,83.46412698412698,116,26,7.041,True,5.29,9.22
xc_XC33750_117,xc,XC33750,83.71954648526076,83.97496598639455,255,2,7.616,True,6.36,-3.4
xc_XC33750_118,xc,XC33750,84.64834467120183,84.85151927437641,203,-1,8.474,True,5.91,13.04
xc_XC33750_119,xc,XC33750,88.43319727891156,88.5492970521542,116,40,8.342,True,2.03,7.57
xc_XC33750_120,xc,XC33750,88.94403628117914,89.10077097505669,156,-1,9.622,True,5.65,7.15
xc_XC33750_121,xc,XC33750,89.5245351473923,89.63482993197277,110,21,6.717,True,5.12,10.81
xc_XC33750_122,xc,XC33750,90.09922902494333,90.30240362811791,203,18,7.487,True,1.46,15.18
xc_XC33750_123,xc,XC33750,90.74358276643991,90.9061224489796,162,-1,9.586,True,2.91,6.76
xc_XC33750_124,xc,XC33750,91.3473015873016,91.4401814058957,92,26,8.953,True,5.27,9.21
xc_XC33750_125,xc,XC33750,91.69560090702949,91.95102040816327,255,2,7.492,True,7.11,11.93
xc_XC33750_126,xc,XC33750,92.45605442176873,92.64181405895692,185,-1,8.012,True,5.81,12.93
xc_XC33750_127,xc,XC33750,93.1932879818594,93.33260770975056,139,-1,10.725,True,6.56,8.18
xc_XC33750_128,xc,XC33750,96.91428571428573,97.01297052154196,98,40,8.459,True,1.72,6.74
xc_XC33750_129,xc,XC33750,97.4657596371882,97.60507936507936,139,-1,10.462,True,6.51,8.33
xc_XC33750_130,xc,XC33750,98.075283446712,98.18557823129252,110,21,6.266,True,5.07,10.73
xc_XC33750_131,xc,XC33750,98.62675736961452,98.83573696145125,208,24,7.215,True,-0.26,13.78
xc_XC33750_132,xc,XC33750,99.22467120181405,99.38721088435376,162,-1,9.13,True,2.58,6.27
xc_XC33750_133,xc,XC33750,99.81097505668932,99.91546485260773,104,26,6.955,True,5.32,9.22
xc_XC33750_134,xc,XC33750,100.1708843537415,100.4321088435374,261,2,7.724,True,7.09,11.22
xc_XC33750_135,xc,XC33750,100.86748299319729,101.05324263038548,185,-1,9.175,True,5.74,13.07
xc_XC33750_136,xc,XC33750,102.6031746031746,102.81215419501132,208,24,7.126,True,-0.28,13.63
xc_XC33750_137,xc,XC33750,103.2475283446712,103.4332879818594,185,5,8.421,True,3.12,5.0
xc_XC33750_138,xc,XC33750,103.73514739229026,103.75836734693875,23,-1,4.879,False,-2.32,4.33
xc_XC33750_139,xc,XC33750,103.8744671201814,103.9673469387755,92,26,8.367,True,5.23,9.17
xc_XC33750_140,xc,XC33750,104.26340136054422,104.52462585034012,261,15,7.774,True,7.18,11.9
xc_XC33750_141,xc,XC33750,105.02965986394558,105.21541950113378,185,-1,8.102,True,5.71,13.13
xc_XC33750_142,xc,XC33750,106.11519274376415,106.20807256235828,92,40,8.5,True,1.86,7.23
xc_XC33750_143,xc,XC33750,106.64925170068028,106.80598639455782,156,-1,10.152,True,4.64,6.39
xc_XC33750_144,xc,XC33750,107.299410430839,107.40970521541948,110,21,7.123,True,5.18,10.72
xc_XC33750_145,xc,XC33750,107.93795918367346,108.1469387755102,208,24,7.467,True,-0.13,13.58
xc_XC33750_146,xc,XC33750,108.65777777777778,108.82031746031744,162,-1,9.352,True,2.22,5.03
xc_XC33750_147,xc,XC33750,109.3253514739229,109.42403628117914,98,26,8.708,True,5.34,9.23
xc_XC33750_148,xc,XC33750,109.70267573696144,109.9522902494331,249,2,7.789,True,7.1,11.65
xc_XC33750_149,xc,XC33750,110.55600907029478,110.73596371882086,179,-1,9.109,True,6.0,12.59
xc_XC33750_150,xc,XC33750,111.36290249433108,111.4790022675737,116,9,7.805,True,2.09,7.51
xc_XC33750_151,xc,XC33750,113.2088888888889,113.41786848072562,208,18,7.26,True,1.47,15.32
xc_XC33750_152,xc,XC33750,113.85904761904762,114.02158730158727,162,-1,8.613,True,-1.53,2.87
xc_XC33750_153,xc,XC33750,114.48018140589568,114.5730612244898,92,26,9.078,True,5.33,9.27
xc_XC33750_154,xc,XC33750,114.84589569160995,115.10712018140588,261,2,7.691,True,7.07,11.22
xc_XC33750_155,xc,XC33750,115.54829931972787,115.72825396825397,179,-1,8.364,True,6.03,11.46
xc_XC33750_156,xc,XC33750,116.33197278911564,116.4712925170068,139,-1,10.768,True,5.56,7.01
xc_XC33750_157,xc,XC33750,116.98213151927438,117.07501133786847,92,21,8.555,True,5.05,10.58
xc_XC33750_158,xc,XC33750,117.56263038548752,117.77160997732426,208,24,7.488,True,0.01,13.51
xc_XC33750_159,xc,XC33750,118.28244897959183,118.46820861678005,185,-1,9.12,True,3.16,6.98
xc_XC344383_000,xc,XC344383,3.680362811791383,3.935782312925169,255,8,5.844,False,1.12,7.0
xc_XC344383_001,xc,XC344383,4.260861678004534,4.423401360544217,162,8,5.775,False,1.42,-2.2
xc_XC344383_002,xc,XC344383,7.122721088435372,7.145941043083899,23,-1,4.787,False,-2.05,4.39
xc_XC344383_003,xc,XC344383,7.267845804988661,7.291065759637187,23,-1,4.407,False,-1.85,4.54
xc_XC344383_004,xc,XC344383,7.679999999999999,7.749659863945577,69,-1,6.439,True,-0.97,4.9
xc_XC344383_005,xc,XC344383,8.765532879818593,8.881632653061223,116,24,7.35,True,5.34,14.27
xc_XC344383_006,xc,XC344383,10.70439909297052,10.733424036281178,29,-1,5.867,False,-2.02,4.29
xc_XC344383_007,xc,XC344383,11.122358276643988,11.192018140589568,69,-1,6.169,True,0.29,6.2
xc_XC344383_008,xc,XC344383,11.377777777777776,11.58675736961451,208,49,6.042,False,1.49,7.31
xc_XC344383_009,xc,XC344383,12.12081632653061,12.300770975056686,179,7,5.852,False,-4.9,6.27
xc_XC344383_010,xc,XC344383,12.81160997732426,12.92190476190476,110,24,8.005,True,5.49,13.99
xc_XC344383_011,xc,XC344383,13.18312925170068,13.316643990929702,133,8,6.411,True,1.34,-2.08
xc_XC344383_012,xc,XC344383,18.77333333333333,18.842993197278908,69,-1,7.225,True,0.28,6.99
xc_XC344383_013,xc,XC344383,22.192471655328795,22.22149659863945,29,-1,6.241,True,-1.83,4.52
xc_XC344383_014,xc,XC344383,22.35501133786848,22.40145124716553,46,-1,7.991,True,0.21,7.27
xc_XC344383_015,xc,XC344383,36.65850340136054,36.68172335600906,23,-1,6.12,False,-2.56,4.7
xc_XC344383_016,xc,XC344383,37.28544217687074,37.4247619047619,139,49,6.532,True,1.21,7.4
xc_XC344383_017,xc,XC344383,43.87410430839002,44.05986394557822,185,8,5.898,False,-4.69,6.27
xc_XC344383_018,xc,XC344383,44.58811791383219,44.686802721088426,98,24,7.687,True,5.25,14.07
xc_XC344383_019,xc,XC344383,45.02349206349206,45.16861678004534,145,8,6.064,False,1.46,-2.05
xc_XC344383_020,xc,XC344383,46.13804988662131,46.16126984126983,23,-1,5.843,False,-2.06,4.49
xc_XC344383_021,xc,XC344383,46.30058956916099,46.34702947845804,46,-1,6.424,True,-1.73,4.44
xc_XC344383_022,xc,XC344383,46.64888888888888,46.78240362811791,133,-1,5.446,False,0.35,6.34
xc_XC344383_023,xc,XC344383,46.89850340136054,47.020408163265294,121,-1,6.505,True,1.64,7.15
xc_XC344383_024,xc,XC344383,48.030476190476186,48.169795918367335,139,49,6.021,False,1.43,7.64
xc_XC344383_025,xc,XC344383,48.77351473922901,48.81995464852607,46,-1,7.591,True,-0.24,6.77
xc_XC344383_026,xc,XC344383,50.45696145124716,50.48598639455782,29,-1,5.583,False,-1.46,4.82
xc_XC344383_027,xc,XC344383,50.555646258503394,50.61950113378684,63,24,8.103,True,5.53,14.37
xc_XC344383_028,xc,XC344383,51.33931972789114,51.3857596371882,46,-1,7.329,True,0.24,6.79
xc_XC344383_029,xc,XC344383,51.5889342403628,51.61795918367346,29,-1,5.186,False,-1.72,5.02
xc_XC344383_030,xc,XC344383,51.84435374149659,51.914013605442165,69,-1,6.013,False,-1.68,4.61
xc_XC344383_031,xc,XC344383,52.03591836734693,52.105578231292505,69,-1,7.592,True,2.43,9.39
xc_XC344383_032,xc,XC344383,52.22167800453514,52.28553287981859,63,-1,7.683,True,5.26,13.43
xc_XC344383_033,xc,XC344383,52.74993197278911,52.81959183673468,69,-1,7.454,True,0.21,4.08
xc_XC344383_034,xc,XC344383,53.18530612244897,53.23755102040815,52,-1,6.985,True,-0.1,6.21
xc_XC344383_035,xc,XC344383,53.7425850340136,53.812244897959175,69,49,6.395,True,-0.42,6.4
xc_XC344383_036,xc,XC344383,54.82811791383219,55.037097505668925,208,49,6.52,True,1.78,7.5
xc_XC344383_037,xc,XC344383,61.69541950113378,61.78249433106575,87,-1,6.744,True,0.17,5.89
xc_XC344383_038,xc,XC344383,65.73569160997731,65.78213151927436,46,47,7.079,True,-0.4,4.26
xc_XC344383_039,xc,XC344383,65.92145124716552,65.96789115646257,46,24,8.112,True,5.14,13.28
xc_XC344383_040,xc,XC344383,67.97641723356007,68.21442176870747,238,49,5.805,False,2.25,6.15
xc_XC344383_041,xc,XC344383,68.27827664399092,68.41759637188207,139,8,6.177,True,1.19,-1.38
xc_XC344383_042,xc,XC344383,68.48725623582764,68.7891156462585,301,49,6.164,True,1.57,7.92
xc_XC344383_043,xc,XC344383,68.83555555555554,68.9748752834467,139,8,6.015,False,1.27,-1.58
xc_XC344383_044,xc,XC344383,69.04453514739228,69.29995464852607,255,49,6.058,False,1.49,7.4
xc_XC344383_045,xc,XC344383,70.15328798185939,70.2461678004535,92,10,6.55,True,-0.27,7.97
xc_XC344383_046,xc,XC344383,70.44934240362811,70.54222222222221,92,-1,6.228,True,1.77,7.13
xc_XC344383_047,xc,XC344383,70.66412698412697,70.75120181405894,87,-1,7.398,True,5.52,13.5
xc_XC344383_048,xc,XC344383,70.86730158730157,71.00662131519273,139,-1,7.394,True,2.02,7.37
xc_XC344383_049,xc,XC344383,71.02984126984126,71.19238095238094,162,49,5.942,False,1.3,7.38
xc_XC344383_050,xc,XC344383,71.47102040816326,71.5174603174603,46,8,7.191,True,0.72,-0.33
xc_XC344383_051,xc,XC344383,71.67419501133786,71.77287981859409,98,8,6.019,False,1.14,-1.26
xc_XC344383_052,xc,XC344383,71.813514739229,71.95283446712017,139,8,5.621,False,1.22,-1.74
xc_XC344383_053,xc,XC344383,72.02249433106576,72.30113378684806,278,8,6.376,True,0.99,6.76
xc_XC344384_000,xc,XC344384,2.455510204081633,2.542585034013605,87,-1,7.165,True,1.54,5.99
xc_XC344384_001,xc,XC344384,2.75156462585034,2.9141043083900224,162,-1,8.076,True,6.12,12.66
xc_XC344384_002,xc,XC344384,2.9663492063492063,3.123083900226757,156,10,5.94,False,-2.41,12.34
xc_XC344384_003,xc,XC344384,3.221768707482993,3.424943310657596,203,30,6.997,True,4.36,8.01
xc_XC344384_004,xc,XC344384,3.517823129251701,3.633922902494331,116,29,7.208,True,7.32,13.37
xc_XC344384_005,xc,XC344384,3.703582766439909,3.81968253968254,116,29,6.416,True,7.39,13.45
xc_XC344384_006,xc,XC344384,3.9357823129251694,4.121541950113379,185,6,6.794,True,-5.15,9.13
xc_XC344384_007,xc,XC344384,19.48734693877551,19.557006802721087,69,-1,6.716,True,0.62,5.03
xc_XC344384_008,xc,XC344384,19.79501133786848,19.974965986394555,179,-1,7.503,True,5.9,13.83
xc_XC344384_009,xc,XC344384,46.37024943310657,46.41668934240362,46,47,7.449,True,0.76,5.36
xc_XC344384_010,xc,XC344384,46.61986394557823,46.78240362811791,162,-1,7.473,True,5.93,13.49
xc_XC344384_011,xc,XC344384,46.85206349206349,46.97396825396825,121,10,6.471,True,-2.42,12.41
xc_XC344384_012,xc,XC344384,47.130702947845805,47.293242630385485,162,30,5.965,False,4.2,8.25
xc_XC344384_013,xc,XC344384,47.36290249433107,47.47319727891156,110,29,6.998,True,7.27,12.95
xc_XC344384_014,xc,XC344384,47.54866213151927,47.65895691609977,110,29,7.649,True,7.33,12.91
xc_XC344384_015,xc,XC344384,47.75183673469388,47.91437641723356,162,41,6.153,True,-2.96,9.05
xc_XC344384_016,xc,XC344384,56.95274376417234,57.02240362811792,69,-1,7.613,True,0.43,4.56
xc_XC344384_017,xc,XC344384,57.208163265306126,57.37070294784581,162,-1,7.643,True,5.79,13.7
xc_XC344384_018,xc,XC344384,57.44036281179138,57.57968253968254,139,10,6.454,True,-2.41,12.39
xc_XC344384_019,xc,XC344384,57.68997732426304,57.9221768707483,232,30,6.659,True,4.4,8.1
xc_XC344384_020,xc,XC344384,57.997641723356,58.11374149659864,116,29,7.057,True,7.29,13.19
xc_XC344384_021,xc,XC344384,58.20662131519274,58.31691609977324,110,29,7.636,True,7.32,13.11
xc_XC345372_000,xc,XC345372,2.200090702947845,2.2697505668934235,69,-1,8.043,True,5.35,12.68
xc_XC345372_001,xc,XC345372,2.8038095238095235,2.890884353741496,87,-1,6.341,True,-0.11,6.78
xc_XC345372_002,xc,XC345372,3.268208616780045,3.40172335600907,133,49,6.145,True,1.3,7.33
xc_XC345372_003,xc,XC345372,3.959002267573696,4.144761904761904,185,19,5.951,False,2.26,11.72
xc_XC345372_004,xc,XC345372,5.183854875283446,5.294149659863945,110,-1,6.082,False,1.1,6.46
xc_XC345372_005,xc,XC345372,5.61922902494331,5.944308390022675,325,44,5.711,False,2.02,7.05
xc_XC345372_006,xc,XC345372,6.060408163265305,6.246167800453513,185,49,5.864,False,1.54,7.3
xc_XC345372_007,xc,XC345372,6.594467120181404,6.757006802721088,162,-1,6.339,True,1.7,9.09
xc_XC345372_008,xc,XC345372,7.285260770975055,7.424580498866212,139,19,7.096,True,2.41,11.75
xc_XC345372_009,xc,XC345372,7.976054421768707,8.045714285714284,69,-1,7.8,True,6.06,11.87
xc_XC345372_010,xc,XC345372,8.463673469387754,8.695873015873014,232,-1,5.493,False,0.64,6.38
xc_XC345372_011,xc,XC345372,9.113832199546485,9.200907029478456,87,40,6.032,False,1.72,6.83
xc_XC345372_012,xc,XC345372,9.549206349206347,9.694331065759636,145,-1,5.631,False,4.83,4.58
xc_XC345372_013,xc,XC345372,16.9447619047619,17.014421768707482,69,19,7.14,True,2.26,11.68
xc_XC345372_014,xc,XC345372,18.053514739229023,18.1231746031746,69,-1,8.487,True,5.63,12.34
xc_XC345372_015,xc,XC345372,19.23192743764172,19.37705215419501,145,-1,6.44,True,1.79,7.78
xc_XC345372_016,xc,XC345372,19.858866213151924,20.038820861678,179,18,5.993,False,1.21,15.67
xc_XC345372_017,xc,XC345372,20.64253968253968,20.71800453514739,75,-1,7.876,True,5.72,12.71
xc_XC345372_018,xc,XC345372,21.13015873015873,21.362358276643988,232,44,5.688,False,2.11,6.89
xc_XC345372_019,xc,XC345372,21.728072562358275,21.82675736961451,98,40,6.621,True,1.83,6.92
xc_XC345372_020,xc,XC345372,22.151836734693877,22.31437641723356,162,37,5.397,False,7.55,4.38
xc_XC345372_021,xc,XC345372,22.68009070294784,22.81360544217687,133,-1,6.384,True,1.51,7.16
xc_XC345372_022,xc,XC345372,22.86004535147392,22.958730158730155,98,-1,5.735,False,0.03,5.97
xc_XC345372_023,xc,XC345372,23.214149659863946,23.417324263038548,203,18,6.424,True,1.19,15.34
xc_XC345372_024,xc,XC345372,23.97460317460317,24.04426303854875,69,-1,7.851,True,5.63,12.45
xc_XC345372_025,xc,XC345372,24.46222222222222,24.711836734693872,249,44,5.952,False,1.71,6.87
xc_XC345372_026,xc,XC345372,26.49396825396825,26.679727891156457,185,19,6.219,True,2.26,11.64
xc_XC345372_027,xc,XC345372,27.26022675736961,27.32408163265306,63,-1,8.391,True,5.87,12.28
xc_XC345372_028,xc,XC345372,27.782675736961448,28.038095238095234,255,44,5.902,False,1.94,7.01
xc_XC345372_029,xc,XC345372,28.40961451247165,28.525714285714283,116,40,6.161,True,1.55,6.96
xc_XC345372_030,xc,XC345372,28.548934240362808,28.688253968253964,139,49,5.617,False,0.92,6.98
xc_XC345372_031,xc,XC345372,28.874013605442173,29.01333333333333,139,37,5.773,False,7.62,4.36
xc_XC345372_032,xc,XC345372,29.152653061224488,29.21650793650793,63,-1,8.302,True,4.99,12.8
xc_XC345372_033,xc,XC345372,29.355827664399087,29.47773242630385,121,-1,7.023,True,1.3,7.05
xc_XC345372_034,xc,XC345372,29.86666666666666,29.959546485260766,92,49,6.239,True,1.55,7.52
xc_XC345372_035,xc,XC345372,30.516825396825396,30.696780045351467,179,19,6.298,True,2.2,11.73
xc_XC345372_036,xc,XC345372,31.23083900226757,31.300498866213147,69,-1,7.414,True,5.74,12.4
xc_XC345372_037,xc,XC345372,32.4150566893424,32.51954648526077,104,40,6.24,True,1.7,6.84
xc_XC345372_038,xc,XC345372,33.93596371882086,34.11591836734693,179,19,6.704,True,2.3,11.72
xc_XC345372_039,xc,XC345372,34.49324263038548,34.58031746031745,87,-1,7.101,True,0.73,6.43
xc_XC345372_040,xc,XC345372,34.74285714285714,34.812517006802715,69,-1,10.056,True,7.34,10.63
xc_XC345372_041,xc,XC345372,35.09115646258503,35.18403628117913,92,-1,6.433,True,0.28,6.04
xc_XC345372_042,xc,XC345372,35.253696145124714,35.43945578231292,185,-1,5.967,False,2.02,6.77
xc_XC345372_043,xc,XC345372,35.52653061224489,35.64263038548752,116,49,6.332,True,0.77,7.18
xc_XC345372_044,xc,XC345372,36.037369614512464,36.19990929705215,162,49,5.992,False,1.46,7.62
xc_XC345372_045,xc,XC345372,36.73396825396825,36.937142857142845,203,18,5.917,False,1.1,15.37
xc_XC345372_046,xc,XC345372,40.96,41.16897959183673,208,19,6.234,True,2.45,11.75
xc_XC345372_047,xc,XC345372,41.42439909297052,41.5869387755102,162,44,5.646,False,1.93,6.67
xc_XC345372_048,xc,XC345372,41.7726984126984,41.97587301587301,203,-1,6.927,True,3.33,7.11
xc_XC345372_049,xc,XC345372,42.35319727891156,42.44027210884353,87,-1,5.977,False,0.73,6.98
xc_XC345372_050,xc,XC345372,42.82920634920634,42.97433106575963,145,49,5.833,False,1.11,7.38
xc_XC345372_051,xc,XC345372,43.50258503401359,43.68834467120181,185,18,6.25,True,1.2,15.61
xc_XC345372_052,xc,XC345372,44.28625850340136,44.36172335600906,75,-1,7.836,True,5.21,12.42
xc_XC345372_053,xc,XC345372,44.75065759637187,44.982857142857135,232,44,5.959,False,2.17,7.0
xc_XC345372_054,xc,XC345372,45.42403628117913,45.51691609977323,92,40,5.987,False,1.63,6.64
xc_XC345372_055,xc,XC345372,45.85941043083899,45.99873015873015,139,37,5.94,False,7.18,4.5
xc_XC345372_056,xc,XC345372,46.34702947845804,46.4863492063492,139,-1,5.91,False,1.87,7.03
xc_XC345372_057,xc,XC345372,46.857868480725614,47.03782312925169,179,49,5.861,False,1.46,7.57
xc_XC345372_058,xc,XC345372,47.61251700680271,47.63573696145125,23,-1,6.807,True,-2.61,4.6
xc_XC345372_059,xc,XC345372,47.65895691609976,47.68217687074829,23,-1,6.011,False,-2.23,4.99
xc_XC345372_060,xc,XC345372,48.33233560090702,48.35555555555555,23,-1,5.834,False,-2.38,4.46
xc_XC345372_061,xc,XC345372,49.56299319727891,49.586213151927424,23,49,6.774,True,-1.22,6.06
xc_XC345372_062,xc,XC345372,49.99256235827664,50.1144671201814,121,37,6.213,True,7.33,4.45
xc_XC345372_063,xc,XC345372,51.08390022675736,51.292879818594095,208,19,6.739,True,2.15,11.77
xc_XC345372_064,xc,XC345372,51.86757369614512,51.9198185941043,52,-1,8.372,True,5.68,12.62
xc_XC345372_065,xc,XC345372,54.503038548752826,54.69460317460317,191,19,6.363,True,2.29,11.71
xc_XC345372_066,xc,XC345372,59.22249433106575,59.28634920634919,63,-1,8.655,True,7.26,10.33
xc_XC345372_067,xc,XC345372,64.99845804988661,65.20743764172335,208,-1,6.199,True,2.08,7.0
xc_XC345382_000,xc,XC345382,3.982222222222222,4.075102040816327,92,-1,8.162,True,-0.64,2.97
xc_XC345382_001,xc,XC345382,4.144761904761904,4.255056689342404,110,-1,8.126,True,3.43,2.78
xc_XC345382_002,xc,XC345382,4.284081632653061,4.371156462585034,87,-1,8.267,True,2.57,6.12
xc_XC345382_003,xc,XC345382,4.417596371882086,4.539501133786848,121,-1,7.81,True,3.03,5.6
xc_XC345382_004,xc,XC345382,4.580136054421769,4.6788208616780045,98,37,9.271,True,2.1,-0.39
xc_XC345382_005,xc,XC345382,4.725260770975057,4.812335600907029,87,-1,9.431,True,3.54,8.98
xc_XC345382_006,xc,XC345382,4.841360544217687,5.27092970521542,429,-1,8.272,True,6.08,12.26
xc_XC345382_007,xc,XC345382,5.317369614512471,5.526349206349207,208,19,7.09,True,2.56,12.25
xc_XC345382_008,xc,XC345382,5.804988662131519,5.828208616780045,23,49,5.722,False,-1.9,4.95
xc_XC348753_000,xc,XC348753,0.5572789115646258,0.7894784580498865,232,-1,6.262,True,2.11,8.05
xc_XC348753_001,xc,XC348753,0.8359183673469387,0.952018140589569,116,19,6.107,False,2.21,11.7
xc_XC348753_002,xc,XC348753,1.0216780045351472,1.1377777777777776,116,14,5.902,False,12.32,12.41
xc_XC348753_003,xc,XC348753,1.1609977324263037,1.30031746031746,139,-1,6.671,True,3.1,6.86
xc_XC348753_004,xc,XC348753,1.3467573696145123,1.4396371882086163,92,23,6.431,True,5.1,14.2
xc_XC348753_005,xc,XC348753,1.5325170068027207,1.7124716553287975,179,45,5.688,False,2.47,6.41
xc_XC348753_006,xc,XC348753,1.735691609977324,1.8982312925170064,162,19,5.809,False,2.2,11.62
xc_XC348753_007,xc,XC348753,1.9678911564625845,2.083990929705215,116,-1,6.737,True,6.13,13.2
xc_XC348753_008,xc,XC348753,16.300408163265303,16.55582766439909,255,49,4.549,False,0.19,7.85
xc_XC348753_009,xc,XC348753,23.347664399092967,23.39410430839002,46,-1,6.014,False,-0.43,7.04
xc_XC348753_010,xc,XC348753,23.533424036281176,23.74240362811791,208,-1,8.18,True,5.5,7.19
xc_XC348753_011,xc,XC348753,23.78884353741496,23.88172335600907,92,19,5.341,False,2.14,11.66
xc_XC348753_012,xc,XC348753,23.951383219954646,24.067482993197277,116,14,6.701,True,12.29,12.62
xc_XC348753_013,xc,XC348753,24.113922902494327,24.24743764172335,133,40,6.722,True,2.13,6.99
xc_XC348753_014,xc,XC348753,24.293877551020405,24.369342403628117,75,24,8.34,True,5.89,14.7
xc_XC348753_015,xc,XC348753,24.485442176870745,24.647981859410425,162,45,5.935,False,2.55,6.62
xc_XC348753_016,xc,XC348753,24.688616780045347,24.85115646258503,162,19,6.244,True,2.17,11.5
xc_XC348753_017,xc,XC348753,24.92662131519274,25.054331065759637,127,-1,6.868,True,5.66,13.18
xc_XC348753_018,xc,XC348753,45.11637188208616,45.34857142857142,232,-1,7.212,True,5.86,7.79
xc_XC348753_019,xc,XC348753,45.39501133786848,45.487891156462574,92,19,5.426,False,2.26,11.64
xc_XC348753_020,xc,XC348753,45.54013605442176,45.67365079365079,133,14,6.982,True,4.96,6.55
xc_XC348753_021,xc,XC348753,45.702675736961446,45.83619047619047,133,40,7.287,True,1.86,6.17
xc_XC348753_022,xc,XC348753,45.88263038548752,45.97551020408163,92,24,6.815,True,5.43,14.81
xc_XC348753_023,xc,XC348753,46.06839002267573,46.254149659863934,185,45,6.324,True,2.84,6.6
xc_XC348753_024,xc,XC348753,46.27736961451247,46.43990929705215,162,19,5.656,False,2.25,11.64
xc_XC348753_025,xc,XC348753,46.53278911564625,46.64308390022676,110,-1,7.134,True,6.36,13.42
xc_XC348753_026,xc,XC348753,60.4473469387755,60.47056689342402,23,49,3.486,False,-1.24,5.91
xc_XC348753_027,xc,XC348753,60.62730158730157,60.72018140589568,92,-1,5.176,False,-0.52,9.11
xc_XC348753_028,xc,XC348753,60.76662131519274,60.83628117913831,69,47,5.758,False,0.09,3.65
xc_XC348753_029,xc,XC348753,60.88272108843536,60.97560090702947,92,24,6.523,True,2.79,12.57
xc_XC348753_030,xc,XC348753,61.06848072562357,61.16136054421768,92,49,5.546,False,1.9,7.58
xc_XC348753_031,xc,XC348753,61.27746031746031,61.34712018140589,69,49,6.353,True,0.01,5.82
xc_XC348753_032,xc,XC348753,61.39356009070293,61.46321995464852,69,24,6.592,True,5.59,14.2
xc_XC348753_033,xc,XC348753,61.61995464852607,61.75927437641722,139,45,4.9,False,2.31,6.36
xc_XC348753_034,xc,XC348753,61.78829931972788,61.92761904761904,139,19,5.209,False,2.16,11.54
xc_XC348753_035,xc,XC348753,62.020498866213146,62.08435374149659,63,-1,8.584,True,1.59,2.57
xc_XC348762_000,xc,XC348762,5.154829931972789,5.3231746031746034,168,8,5.025,False,1.55,-2.83
xc_XC348762_001,xc,XC348762,5.4392743764172335,5.572789115646258,133,8,7.15,True,1.07,-1.66
xc_XC348762_002,xc,XC348762,5.851428571428571,5.944308390022676,92,24,7.72,True,5.63,13.68
xc_XC348762_003,xc,XC348762,6.130068027210884,6.292607709750567,162,38,6.442,True,5.92,4.81
xc_XC348762_004,xc,XC348762,6.849886621315192,6.942766439909297,92,-1,7.0,True,0.3,4.78
xc_XC348762_005,xc,XC348762,7.012426303854875,7.122721088435375,110,-1,6.848,True,3.61,10.19
xc_XC348762_006,xc,XC348762,7.238820861678005,7.3317006802721085,92,8,5.21,False,1.33,-1.73
xc_XC348762_007,xc,XC348762,7.68,7.813514739229024,133,49,7.153,True,0.8,7.1
xc_XC348762_008,xc,XC348762,7.888979591836734,7.981859410430839,92,40,6.736,True,1.5,6.71
xc_XC348762_009,xc,XC348762,8.005079365079364,8.185034013605442,179,49,6.167,True,1.85,7.67
xc_XC348762_010,xc,XC348762,9.671111111111111,9.82784580498866,156,24,6.301,True,5.65,14.54
xc_XC348762_011,xc,XC348762,10.565079365079368,10.58829931972789,23,49,6.458,True,-1.87,4.98
xc_XC348762_012,xc,XC348762,10.70439909297052,10.820498866213152,116,49,7.213,True,1.85,8.25
xc_XC348762_013,xc,XC348762,11.075918367346938,11.145578231292516,69,-1,6.609,True,0.11,5.71
xc_XC348762_014,xc,XC348762,11.168798185941045,11.215238095238096,46,-1,5.99,False,0.52,5.38
xc_XC348762_015,xc,XC348762,11.331337868480723,11.470657596371884,139,49,7.137,True,2.04,8.19
xc_XC348762_016,xc,XC348762,12.440090702947844,12.788390022675737,348,-1,6.116,False,5.24,7.08
xc_XC348762_017,xc,XC348762,12.974149659863944,13.043809523809523,69,24,6.937,True,5.47,14.78
xc_XC348762_018,xc,XC348762,13.136689342403628,13.18312925170068,46,-1,6.217,True,0.29,6.38
xc_XC348762_019,xc,XC348762,13.25278911564626,13.29342403628118,40,-1,5.776,False,-0.1,6.57
xc_XC348762_020,xc,XC348762,13.52562358276644,13.548843537414967,23,49,4.574,False,-0.34,6.39
xc_XC348762_021,xc,XC348762,13.618503401360543,13.64172335600907,23,-1,6.007,False,-1.07,5.34
xc_XC348762_022,xc,XC348762,13.7578231292517,13.804263038548752,46,47,7.55,True,1.79,6.47
xc_XC348762_023,xc,XC348762,13.920362811791383,13.966802721088436,46,49,5.912,False,0.05,5.69
xc_XC348762_024,xc,XC348762,14.013242630385488,14.05968253968254,46,-1,6.113,False,0.11,4.55
xc_XC348762_025,xc,XC348762,14.129342403628115,14.16997732426304,40,-1,5.476,False,0.8,5.32
xc_XC348762_026,xc,XC348762,14.239637188208617,14.40798185941043,168,24,7.117,True,4.52,15.27
xc_XC348762_027,xc,XC348762,14.454421768707483,14.56471655328798,110,43,6.302,True,2.27,6.29
xc_XC348762_028,xc,XC348762,14.8259410430839,15.052335600907028,226,24,6.785,True,6.31,14.32
xc_XC348762_029,xc,XC348762,15.09877551020408,15.255510204081633,156,31,7.587,True,5.99,7.44
xc_XC348762_030,xc,XC348762,15.51673469387755,15.563174603174602,46,-1,8.098,True,0.04,6.19
xc_XC348762_031,xc,XC348762,15.656054421768708,15.70249433106576,46,40,7.509,True,1.33,6.38
xc_XC348762_032,xc,XC348762,15.812789115646256,15.905668934240362,92,27,7.31,True,7.78,6.94
xc_XC348762_033,xc,XC348762,15.998548752834468,16.068208616780044,69,-1,8.884,True,-0.38,9.32
xc_XC348762_034,xc,XC348762,16.114648526077097,16.137868480725622,23,49,4.698,False,-1.51,5.27
xc_XC348762_035,xc,XC348762,16.416507936507937,16.579047619047618,162,49,7.015,True,2.03,7.54
xc_XC348762_036,xc,XC348762,16.648707482993196,16.851882086167798,203,49,6.773,True,4.04,5.93
xc_XC348762_037,xc,XC348762,16.99700680272109,17.043446712018138,46,49,5.026,False,-0.83,5.71
xc_XC348762_038,xc,XC348762,17.130521541950113,17.182766439909297,52,49,7.157,True,0.17,7.58
xc_XC348762_039,xc,XC348762,17.252426303854875,17.275646258503404,23,49,4.475,False,-1.34,5.23
xc_XC348762_040,xc,XC348762,17.33950113378685,17.39174603174603,52,-1,7.874,True,0.23,4.63
xc_XC348762_041,xc,XC348762,17.478820861678003,17.658775510204084,179,8,6.212,True,0.72,-1.58
xc_XC348762_042,xc,XC348762,18.07673469387755,18.332154195011334,255,29,6.226,True,7.03,13.77
xc_XC348762_043,xc,XC348762,18.471473922902494,18.494693877551025,23,49,4.027,False,-1.87,4.32
xc_XC348762_044,xc,XC348762,19.231927437641723,19.394467120181407,162,33,6.249,True,7.53,10.31
xc_XC348762_045,xc,XC348762,19.8356462585034,19.95755102040816,121,10,6.585,True,-0.85,11.39
xc_XC348762_046,xc,XC348762,19.969160997732427,20.021405895691608,52,40,7.217,True,1.6,6.07
xc_XC348762_047,xc,XC348762,20.31746031746032,20.456780045351472,139,49,5.914,False,1.86,8.19
xc_XC348762_048,xc,XC348762,20.67156462585034,20.764444444444447,92,24,7.726,True,6.03,13.83
xc_XC348762_049,xc,XC348762,20.96761904761905,21.037278911564627,69,-1,7.676,True,0.94,5.91
xc_XC348762_050,xc,XC348762,21.29269841269841,21.339138321995467,46,29,9.123,True,7.06,13.08
xc_XC348762_051,xc,XC348762,21.524897959183672,21.594557823129254,69,8,6.636,True,1.7,-1.2
xc_XC348762_052,xc,XC348762,22.38403628117914,22.49433106575964,110,8,7.323,True,-0.22,-1.48
xc_XC348762_053,xc,XC348762,22.72072562358277,22.93551020408163,214,-1,7.065,True,3.85,4.4
xc_XC348762_054,xc,XC348762,23.23156462585034,23.4637641723356,232,45,5.785,False,2.91,6.46
xc_XC348762_055,xc,XC348762,23.695963718820863,23.92816326530612,232,24,7.044,True,5.05,15.16
xc_XC348762_056,xc,XC348762,24.044263038548756,24.200997732426305,156,49,6.644,True,3.6,2.02
xc_XC348762_057,xc,XC348762,24.317097505668936,24.45641723356009,139,24,6.765,True,5.47,15.06
xc_XC348762_058,xc,XC348762,24.81052154195012,24.92081632653061,110,5,6.632,True,2.59,5.12
xc_XC348762_059,xc,XC348762,25.083356009070297,25.22267573696145,139,24,7.543,True,5.03,15.22
xc_XC348762_060,xc,XC348762,25.309750566893424,25.42585034013605,116,49,6.143,True,1.81,8.15
xc_XC348762_061,xc,XC348762,25.52453514739229,25.611609977324264,87,44,6.279,True,0.01,6.09
xc_XC348762_062,xc,XC348762,25.617414965986395,25.704489795918366,87,24,7.395,True,0.66,7.18
xc_XC348762_063,xc,XC348762,25.86702947845805,25.913469387755104,46,-1,5.419,False,0.29,6.33
xc_XC348762_064,xc,XC348762,25.93668934240363,25.98312925170068,46,-1,8.02,True,4.23,6.87
xc_XC348762_065,xc,XC348762,26.81324263038549,26.906122448979595,92,-1,6.154,True,1.06,6.49
xc_XC348762_066,xc,XC348762,27.12090702947846,27.237006802721087,116,8,5.906,False,0.06,-1.5
xc_XC348762_067,xc,XC348762,27.509841269841267,27.67238095238095,162,32,6.948,True,1.97,8.1
xc_XC348762_068,xc,XC348762,27.85814058956916,28.014875283446717,156,-1,5.986,False,2.45,9.86
xc_XC348762_069,xc,XC348762,28.43283446712018,28.595374149659865,162,37,6.724,True,6.38,4.94
xc_XC348762_070,xc,XC348762,32.40925170068027,32.449886621315194,40,-1,6.672,True,1.0,6.54
xc_XC348762_071,xc,XC348762,35.694875283446706,35.75873015873015,63,24,10.314,True,5.47,13.88
xc_XC348762_072,xc,XC348762,36.36244897959183,36.501768707483,139,-1,5.986,False,2.73,6.45
xc_XC348762_073,xc,XC348762,36.7978231292517,36.86748299319728,69,47,6.175,True,0.61,2.53
xc_XC348762_074,xc,XC348762,36.8907029478458,36.96616780045351,75,-1,7.52,True,-1.04,2.38
xc_XC348762_075,xc,XC348762,37.08226757369614,37.17514739229025,92,8,5.621,False,1.43,-1.71
xc_XC348762_076,xc,XC348762,38.09814058956916,38.19102040816326,92,8,7.42,True,-0.21,-1.41
xc_XC348762_077,xc,XC348762,39.43328798185941,39.50294784580498,69,24,9.881,True,5.42,13.83
xc_XC348762_078,xc,XC348762,40.12408163265306,40.216961451247165,92,47,5.992,False,-0.04,2.43
xc_XC348762_079,xc,XC348762,40.26920634920635,40.38530612244898,116,-1,7.626,True,6.57,9.99
xc_XC348762_080,xc,XC348762,48.65741496598639,48.77351473922902,116,8,6.41,True,-0.15,-1.36
xc_XC348762_081,xc,XC348762,51.8443537414966,51.89079365079365,46,47,7.773,True,0.59,3.36
xc_XC348762_082,xc,XC348762,51.96625850340136,52.03011337868481,63,-1,6.779,True,0.01,4.62
xc_XC348762_083,xc,XC348762,52.12299319727892,52.22167800453515,98,-1,7.039,True,3.6,9.26
xc_XC348762_084,xc,XC348762,52.314557823129256,52.3784126984127,63,47,7.828,True,0.13,2.43
xc_XC348762_085,xc,XC348762,55.68725623582766,55.89043083900226,203,8,5.682,False,1.14,-2.13
xc_XC348762_086,xc,XC348762,56.26195011337868,56.30839002267574,46,-1,6.215,True,0.23,6.63
xc_XC348762_087,xc,XC348762,56.447709750566894,56.49414965986394,46,49,6.405,True,-0.04,6.54
xc_XC348762_088,xc,XC348762,56.70312925170068,56.772789115646255,69,47,7.122,True,1.03,2.75
xc_XC348762_089,xc,XC348762,56.81342403628118,56.88308390022676,69,8,7.734,True,0.74,-1.69
xc_XC348762_090,xc,XC348762,60.116462585034014,60.1687074829932,52,47,8.685,True,-1.44,1.98
xc_XC348762_091,xc,XC348762,60.92916099773242,61.091700680272105,162,49,6.719,True,2.04,8.13
xc_XC348762_092,xc,XC348762,61.32390022675737,61.62575963718821,301,49,5.519,False,2.03,8.13
xc_XC348762_093,xc,XC348762,61.73605442176871,61.82893424036281,92,8,5.762,False,1.24,-1.37
xc_XC348762_094,xc,XC348762,62.519727891156464,62.54294784580499,23,49,4.676,False,-1.25,5.1
xc_XC348762_095,xc,XC348762,62.6184126984127,62.70548752834467,87,8,7.725,True,1.58,6.49
xc_XC348762_096,xc,XC348762,62.77514739229025,63.03056689342404,255,-1,7.272,True,6.97,5.57
xc_XC348762_097,xc,XC348762,63.19891156462585,63.355646258503405,156,-1,6.511,True,0.61,9.63
xc_XC348762_098,xc,XC348762,63.44852607709751,63.65750566893424,208,24,6.064,False,3.54,14.85
xc_XC348762_099,xc,XC348762,65.41061224489796,65.52671201814059,116,47,7.141,True,2.48,4.3
xc_XC348762_100,xc,XC348762,65.59637188208617,65.73569160997732,139,8,6.849,True,1.94,8.27
xc_XC348762_101,xc,XC348762,66.22331065759637,66.40907029478458,185,-1,6.09,False,6.21,8.74
xc_XC348762_102,xc,XC348762,66.65868480725622,66.77478458049886,116,8,6.76,True,1.16,-2.29
xc_XC348762_103,xc,XC348762,72.13859410430838,72.19083900226758,52,47,7.613,True,0.55,2.83
xc_XC348762_104,xc,XC348762,72.38820861678005,72.45786848072562,69,-1,6.883,True,4.34,6.46
xc_XC348762_105,xc,XC348762,72.50430839002267,72.78294784580498,278,35,7.194,True,6.48,10.02
xc_XC348762_106,xc,XC348762,73.06739229024944,73.15446712018141,87,-1,8.628,True,0.32,6.19
xc_XC348762_107,xc,XC348762,73.24734693877551,73.3170068027211,69,47,6.606,True,-1.29,1.97
xc_XC348762_108,xc,XC348762,73.34022675736962,73.5027664399093,162,-1,6.537,True,5.48,7.69
xc_XC348762_109,xc,XC348762,73.61886621315192,73.71174603174603,92,8,5.803,False,0.84,-1.72
xc_XC348762_110,xc,XC348762,75.35455782312924,75.58095238095238,226,49,6.141,True,1.82,8.28
xc_XC348762_111,xc,XC348762,75.72027210884353,75.7667120181406,46,8,7.292,True,1.32,-1.45
xc_XC348762_112,xc,XC348762,75.8595918367347,75.88281179138322,23,49,5.024,False,-2.06,4.35
xc_XC348762_113,xc,XC348762,76.0453514739229,76.11501133786848,69,49,5.366,False,0.31,6.35
xc_XC348762_114,xc,XC348762,76.2078911564626,76.25433106575963,46,8,5.292,False,1.12,-1.07
xc_XC348762_115,xc,XC348762,76.32399092970522,76.50975056689342,185,24,5.76,False,5.91,13.89
xc_XC348762_116,xc,XC348762,76.8754648526077,77.06122448979592,185,-1,6.126,True,4.61,7.8
xc_XC348762_117,xc,XC348762,77.80426303854875,77.96680272108843,162,-1,6.661,True,4.96,12.09
xc_XC348762_118,xc,XC348762,78.42539682539682,78.564716553288,139,8,7.013,True,2.68,3.87
xc_XC348762_119,xc,XC348762,78.95945578231293,79.00589569160996,46,49,6.091,False,-1.29,5.63
xc_XC348762_120,xc,XC348762,82.28571428571429,82.35537414965987,69,-1,6.138,True,-0.22,6.2
xc_XC348762_121,xc,XC348762,82.49469387755101,82.63401360544218,139,5,6.261,True,3.07,4.88
xc_XC348762_122,xc,XC348762,82.97650793650793,83.11582766439909,139,39,6.133,True,3.85,1.43
xc_XC348762_123,xc,XC348762,83.37124716553288,83.51056689342404,139,24,6.262,True,5.69,13.87
xc_XC348762_124,xc,XC348762,88.15455782312925,88.22421768707483,69,49,6.141,True,0.97,6.89
xc_XC348762_125,xc,XC348762,88.29387755102042,88.38675736961451,92,43,5.567,False,1.15,5.52
xc_XC348762_126,xc,XC348762,88.71183673469388,88.80471655328799,92,40,5.908,False,1.56,6.75
xc_XC348762_127,xc,XC348762,88.89759637188209,89.01369614512473,116,8,5.936,False,0.04,-1.6
xc_XC348762_128,xc,XC348762,89.12979591836735,89.31555555555555,185,45,4.922,False,2.74,6.39
xc_XC348762_129,xc,XC348762,89.68126984126984,89.79736961451248,116,37,7.052,True,7.56,4.37
xc_XC348762_130,xc,XC348762,90.1921088435374,90.40108843537416,208,24,5.899,False,4.96,13.72
xc_XC348762_131,xc,XC348762,90.74358276643991,90.92934240362813,185,37,5.771,False,5.58,4.57
xc_XC348762_132,xc,XC348762,91.48662131519274,91.5504761904762,63,49,5.728,False,0.09,7.08
xc_XC348762_133,xc,XC348762,97.31482993197278,97.35546485260772,40,49,4.845,False,-0.78,5.64
xc_XC348762_134,xc,XC348762,100.19990929705216,100.31020408163263,110,49,7.375,True,1.05,7.67
xc_XC348762_135,xc,XC348762,100.65850340136056,100.68172335600909,23,-1,5.474,False,-1.13,4.36
xc_XC348762_136,xc,XC348762,100.7746031746032,100.91392290249432,139,-1,6.048,False,4.17,6.86
xc_XC348762_137,xc,XC348762,101.19256235827665,101.2390022675737,46,47,6.599,True,-0.14,3.91
xc_XC348762_138,xc,XC348762,101.55827664399094,101.61052154195012,52,-1,5.602,False,-0.25,5.78
xc_XC348762_139,xc,XC348762,101.6801814058957,101.81369614512472,133,40,5.218,False,1.36,7.17
xc_XC348762_140,xc,XC348762,101.91238095238094,101.99945578231294,87,47,6.471,True,0.95,4.05
xc_XC348762_141,xc,XC348762,102.1213605442177,102.14458049886622,23,49,5.232,False,-1.32,4.61
xc_XC348762_142,xc,XC348762,102.39419501133789,102.4348299319728,40,49,4.467,False,-1.28,5.16
xc_XC348762_143,xc,XC348762,103.78158730158732,103.85124716553288,69,23,7.95,True,4.35,14.08
xc_XC348762_144,xc,XC348762,107.3168253968254,107.40390022675736,87,8,7.167,True,-0.27,-1.41
xc_XC348762_145,xc,XC348762,107.75219954648529,107.86829931972788,116,-1,5.938,False,1.7,6.96
xc_XC348762_146,xc,XC348762,108.0366439909297,108.17015873015872,133,-1,5.743,False,2.18,6.27
xc_XC348762_147,xc,XC348762,108.54167800453514,108.70421768707482,162,-1,5.758,False,6.61,12.62
xc_XC348762_148,xc,XC348762,108.9596371882086,109.0699319727891,110,5,5.69,False,2.77,4.27
xc_XC348762_149,xc,XC348762,109.09315192743765,109.11637188208616,23,49,5.635,False,-1.99,4.78
xc_XC348762_150,xc,XC348762,109.4878911564626,109.6039909297052,116,-1,7.24,True,3.49,7.15
xc_XC348762_151,xc,XC348762,111.22358276643992,111.316462585034,92,47,6.914,True,0.22,3.52
xc_XC348762_152,xc,XC348762,111.80408163265308,111.89696145124717,92,8,8.024,True,-0.29,-1.25
xc_XC348762_153,xc,XC348762,116.93569160997733,117.02857142857142,92,-1,5.599,False,-0.01,4.0
xc_XC348762_154,xc,XC348762,117.12145124716554,117.1678911564626,46,-1,7.459,True,3.53,9.88
xc_XC348762_155,xc,XC348762,117.38848072562358,117.46394557823128,75,47,7.549,True,0.58,2.37
xc_XC348762_156,xc,XC348762,117.69614512471657,117.80643990929704,110,24,6.863,True,5.74,13.27
xc_XC348762_157,xc,XC348762,117.90512471655327,117.99219954648528,87,-1,7.31,True,6.48,9.02
xc_XC348762_158,xc,XC348762,118.11410430839,118.15473922902494,40,49,4.741,False,-0.23,6.21
xc_XC348762_159,xc,XC348762,118.31727891156464,118.36371882086168,46,47,6.715,True,0.1,2.24
xc_XC348762_160,xc,XC348762,118.3869387755102,118.4798185941043,92,24,6.438,True,2.98,9.71
xc_XC348762_161,xc,XC348762,118.50303854875284,118.5726984126984,69,8,6.49,True,0.71,-0.45
xc_XC348762_162,xc,XC348762,118.59591836734694,118.66557823129251,69,47,7.135,True,-1.22,2.32
xc_XC348762_163,xc,XC348762,118.71201814058958,118.78167800453517,69,8,6.906,True,-1.45,1.91
xc_XC348762_164,xc,XC348762,118.85133786848073,119.0312925170068,179,38,4.999,False,4.44,4.7
xc_XC348762_165,xc,XC348762,119.12997732426304,119.33895691609978,208,22,5.758,False,6.32,5.64
xc_XC348762_166,xc,XC348762,119.40861678004536,119.5653514739229,156,38,5.92,False,5.44,4.92
xc_XC348762_167,xc,XC348762,119.88462585034011,119.90784580498864,23,-1,4.884,False,-1.77,5.42
xc_XC348762_168,xc,XC348762,120.00072562358277,120.04716553287982,46,47,6.325,True,-0.75,3.21
xc_XC348762_169,xc,XC348762,120.1690702947846,120.2097052154195,40,49,5.415,False,-1.31,4.34
xc_XC348762_170,xc,XC348762,120.26195011337867,120.3548299319728,92,40,6.305,True,4.66,3.66
xc_XC348762_171,xc,XC348762,120.42448979591838,120.60444444444444,179,-1,7.204,True,4.46,6.63
xc_XC348762_172,xc,XC348762,121.41714285714284,121.52743764172337,110,24,7.947,True,5.66,14.62
xc_XC348762_173,xc,XC348762,121.80607709750566,121.92798185941042,121,8,5.949,False,0.51,-1.85
xc_XC348762_174,xc,XC348762,122.24725623582766,122.34013605442176,92,24,7.09,True,5.45,13.96
xc_XC348762_175,xc,XC348762,122.57233560090702,122.6419954648526,69,47,5.99,False,-0.66,2.34
xc_XC348762_176,xc,XC348762,122.80453514739229,122.91482993197278,110,8,6.321,True,0.76,-1.72
xc_XC348762_177,xc,XC348762,123.17024943310656,123.23990929705217,69,49,7.843,True,0.36,7.4
xc_XC348762_178,xc,XC348762,123.42566893424036,123.44888888888887,23,49,4.073,False,-1.86,4.83
xc_XC348762_179,xc,XC348762,123.56498866213153,123.6346485260771,69,-1,6.44,True,1.31,5.08
xc_XC348762_180,xc,XC348762,123.65786848072564,123.70430839002267,46,-1,6.716,True,0.08,6.12
xc_XC348762_181,xc,XC348762,123.84362811791384,123.86684807256236,23,49,4.995,False,-1.2,5.77
xc_XC348762_182,xc,XC348762,124.07002267573696,124.1687074829932,98,13,7.086,True,7.79,5.6
xc_XC348762_183,xc,XC348762,124.3544671201814,124.48798185941044,133,-1,7.108,True,0.29,5.36
xc_XC348762_184,xc,XC348762,124.58086167800452,124.83628117913833,255,-1,5.658,False,1.91,8.63
xc_XC348762_185,xc,XC348762,124.99301587301588,125.06267573696144,69,8,7.159,True,1.2,-1.97
xc_XC348762_186,xc,XC348762,125.13814058956916,125.20780045351474,69,47,4.832,False,-0.06,3.9
xc_XC348762_187,xc,XC348762,125.27165532879818,125.41097505668934,139,8,5.025,False,-0.01,-1.39
xc_XC348762_188,xc,XC348762,125.48643990929706,125.57351473922904,87,40,7.751,True,1.15,6.35
xc_XC348762_189,xc,XC348762,125.60253968253969,125.92181405895693,319,38,5.76,False,6.02,5.0
xc_XC348762_190,xc,XC348762,126.01469387755104,126.20045351473924,185,39,6.761,True,4.0,6.14
xc_XC348762_191,xc,XC348762,126.43265306122449,126.51972789115646,87,49,7.061,True,0.19,7.71
xc_XC348762_192,xc,XC348762,127.58784580498866,127.83746031746033,249,-1,6.58,True,3.3,6.7
xc_XC348762_193,xc,XC348762,128.46439909297052,128.55727891156462,92,49,7.538,True,3.41,9.01
xc_XC348762_194,xc,XC348762,129.67183673469387,129.7124716553288,40,49,4.65,False,-1.37,5.77
xc_XC348762_195,xc,XC348762,130.1710657596372,130.2871655328798,116,5,6.191,True,3.26,4.14
xc_XC348762_196,xc,XC348762,130.31619047619049,130.4497052154195,133,24,6.015,False,6.41,14.67
xc_XC348762_197,xc,XC348762,134.38548752834467,134.49578231292517,110,45,6.808,True,2.49,6.69
xc_XC348762_198,xc,XC348762,134.72798185941045,134.7570068027211,29,49,4.87,False,-1.25,4.72
xc_XC348762_199,xc,XC348762,135.0530612244898,135.1633560090703,110,-1,6.242,True,2.46,12.96
xc_XC348762_200,xc,XC348762,135.37814058956917,135.61034013605442,232,-1,6.447,True,2.53,8.29
xc_XC348762_201,xc,XC348762,135.85995464852607,135.8831746031746,23,49,4.218,False,-1.58,5.23
xc_XC348762_202,xc,XC348762,135.9760544217687,136.09215419501132,116,47,6.1,False,0.04,2.52
xc_XC348762_203,xc,XC348762,136.27791383219954,136.39401360544218,116,24,6.337,True,6.67,13.85
xc_XC348789_000,xc,XC348789,3.81968253968254,4.162176870748299,342,24,7.288,True,2.69,12.25
xc_XC348789_001,xc,XC348789,4.237641723356009,4.371156462585034,133,30,7.45,True,4.06,8.06
xc_XC348789_002,xc,XC348789,4.580136054421769,4.603356009070295,23,-1,6.029,False,-2.47,4.5
xc_XC348789_003,xc,XC348789,4.632380952380952,4.6788208616780045,46,-1,8.104,True,-2.35,4.52
xc_XC348789_004,xc,XC348789,4.911020408163266,4.974875283446712,63,-1,9.03,True,-1.99,4.49
xc_XC348789_005,xc,XC348789,16.973786848072564,17.153741496598638,179,24,6.907,True,2.47,12.33
xc_XC348789_006,xc,XC348789,17.205986394557822,17.316281179138322,110,33,8.408,True,7.58,10.39
xc_XC348789_007,xc,XC348789,17.39174603174603,17.519455782312924,127,-1,7.698,True,3.36,5.05
xc_XC348789_008,xc,XC348789,17.57170068027211,17.61233560090703,40,-1,6.317,True,-2.3,4.5
xc_XC348789_009,xc,XC348789,17.728435374149658,17.798095238095236,69,-1,8.553,True,-2.36,4.38
xc_XC348789_010,xc,XC348789,17.96063492063492,18.128979591836732,168,10,7.102,True,-2.32,12.33
xc_XC348789_011,xc,XC348789,27.99746031746032,28.136780045351472,139,19,6.801,True,2.41,12.08
xc_XC348789_012,xc,XC348789,28.206439909297053,28.293514739229025,87,8,9.908,True,0.27,-1.24
xc_XC348789_013,xc,XC348789,28.409614512471656,28.50249433106576,92,30,8.671,True,4.04,8.06
xc_XC348789_014,xc,XC348789,39.66548752834467,40.054421768707485,388,24,7.369,True,4.83,12.83
xc_XC348789_015,xc,XC348789,40.12408163265306,40.263401360544215,139,30,7.891,True,3.83,8.15
xc_XC348789_016,xc,XC348789,40.28662131519275,40.58848072562358,301,19,7.197,True,1.39,-1.84
xc_XC348789_017,xc,XC348789,40.68136054421768,40.84390022675737,162,10,7.053,True,-1.44,11.28
xc_XC348789_018,xc,XC348789,48.49487528344671,48.68063492063492,185,19,6.461,True,2.48,11.96
xc_XC348789_019,xc,XC348789,48.70385487528345,48.8431746031746,139,-1,7.699,True,6.98,11.24
xc_XC348789_020,xc,XC348789,48.91283446712018,49.05215419501134,139,-1,7.568,True,3.76,7.19
xc_XC348789_021,xc,XC348789,49.075374149659865,49.12181405895692,46,-1,6.741,True,-2.45,4.46
xc_XC348789_022,xc,XC348789,49.13922902494331,49.16825396825397,29,-1,5.225,False,-2.43,4.48
xc_XC348789_023,xc,XC348789,49.21469387755102,49.35401360544218,139,19,6.464,True,2.21,11.8
xc_XC348789_024,xc,XC348789,49.46430839002268,49.696507936507935,232,10,6.648,True,-2.28,12.26
xc_XC348789_025,xc,XC348789,56.95854875283447,57.12108843537415,162,19,7.037,True,2.89,11.68
xc_XC348789_026,xc,XC348789,57.19074829931973,57.30104308390023,110,33,8.239,True,7.51,10.38
xc_XC348789_027,xc,XC348789,57.39392290249432,57.51002267573696,116,30,7.366,True,3.96,8.1
xc_XC348789_028,xc,XC348789,57.52743764172336,57.83510204081632,307,19,6.586,True,2.7,11.3
xc_XC348789_029,xc,XC348789,57.9221768707483,58.11374149659864,191,10,6.407,True,-2.4,12.35
xc_XC348789_030,xc,XC348789,69.13160997732426,69.36380952380952,232,19,6.324,True,2.52,12.0
xc_XC348789_031,xc,XC348789,69.43346938775511,69.53215419501133,98,33,9.527,True,7.57,10.15
xc_XC348789_032,xc,XC348789,69.62503401360544,69.74113378684808,116,5,8.575,True,3.28,4.66
xc_XC348789_033,xc,XC348789,69.78757369614512,69.89206349206349,104,19,7.681,True,2.59,11.46
xc_XC348789_034,xc,XC348789,70.00816326530612,70.05460317460319,46,-1,8.032,True,-2.46,4.84
xc_XC348789_035,xc,XC348789,70.17650793650793,70.35646258503401,179,10,7.013,True,-1.63,11.99
xc_XC348789_036,xc,XC348789,79.35419501133786,79.53995464852608,185,19,6.676,True,2.37,11.95
xc_XC348789_037,xc,XC348789,79.5631746031746,79.70249433106575,139,33,8.798,True,7.65,10.56
xc_XC348789_038,xc,XC348789,79.77215419501132,79.9114739229025,139,30,7.947,True,3.81,8.12
xc_XC348789_039,xc,XC348789,79.93469387755103,80.05079365079365,116,19,7.352,True,2.47,11.74
xc_XC348789_040,xc,XC348789,80.0972335600907,80.25977324263039,162,19,7.115,True,2.35,11.58
xc_XC348789_041,xc,XC348789,80.32943310657596,80.51519274376417,185,-1,7.6,True,-0.93,11.15
xc_XC360586_000,xc,XC360586,1.3235374149659862,1.578956916099773,255,24,6.337,True,-0.42,13.96
xc_XC360586_001,xc,XC360586,3.5178231292517004,3.750022675736961,232,24,6.468,True,-0.35,14.12
xc_XC360586_002,xc,XC360586,6.617687074829931,6.867301587301586,249,24,6.484,True,-0.65,13.78
xc_XC360586_003,xc,XC360586,9.833650793650792,10.083265306122446,249,24,6.371,True,-0.32,13.92
xc_XC360586_004,xc,XC360586,12.927709750566892,13.177324263038546,249,10,6.412,True,-2.53,12.67
xc_XC360586_005,xc,XC360586,14.982675736961449,15.25551020408163,272,24,7.204,True,-0.67,13.83
xc_XC360586_006,xc,XC360586,17.46140589569161,17.705215419501133,243,10,6.342,True,-2.67,12.83
xc_XC360586_007,xc,XC360586,20.160725623582763,20.433560090702944,272,24,6.476,True,-0.4,13.94
xc_XC360586_008,xc,XC360586,23.237369614512467,23.48698412698412,249,24,6.678,True,-0.33,13.99
xc_XC360586_009,xc,XC360586,24.578321995464847,24.7350566893424,156,8,8.393,True,2.11,-2.82
xc_XC360586_010,xc,XC360586,25.361995464852605,25.61741496598639,255,24,6.791,True,-0.29,13.93
xc_XC360586_011,xc,XC360586,27.80589569160997,28.061315192743763,255,10,6.635,True,-2.64,12.73
xc_XC360586_012,xc,XC360586,29.97696145124716,30.232380952380947,255,10,6.588,True,-2.59,12.73
xc_XC360586_013,xc,XC360586,32.850430839002264,33.10004535147392,249,24,6.236,True,-0.36,13.98
xc_XC360586_014,xc,XC360586,35.20725623582766,35.462675736961444,255,10,6.771,True,-2.68,12.71
xc_XC360586_015,xc,XC360586,37.378321995464844,37.6279365079365,249,10,6.655,True,-2.75,12.81
xc_XC360586_016,xc,XC360586,39.71773242630385,39.9847619047619,267,24,6.354,True,-0.26,13.95
xc_XC360586_017,xc,XC360586,41.81913832199546,42.07455782312925,255,24,6.664,True,-0.53,13.77
xc_XC40098_000,xc,XC40098,6.315827664399093,6.617687074829932,301,27,6.521,True,7.2,6.94
xc_XC40098_001,xc,XC40098,7.122721088435375,7.401360544217686,278,-1,7.896,True,2.67,8.71
xc_XC40098_002,xc,XC40098,7.453605442176871,7.56390022675737,110,-1,8.033,True,4.43,12.05
xc_XC40098_003,xc,XC40098,7.819319727891156,8.092154195011338,272,40,6.626,True,1.57,9.25
xc_XC40098_004,xc,XC40098,8.231473922902495,8.440453514739229,208,10,4.884,False,-2.71,12.68
xc_XC40098_005,xc,XC40098,8.486893424036282,8.602993197278911,116,21,7.0,True,3.8,11.55
xc_XC404852_000,xc,XC404852,0.8359183673469388,0.9287981859410432,92,-1,4.492,False,3.5,9.78
xc_XC404852_001,xc,XC404852,0.9752380952380952,1.160997732426304,185,-1,5.17,False,1.85,7.34
xc_XC404852_002,xc,XC404852,1.207437641723356,1.439637188208617,232,49,4.734,False,2.0,7.59
xc_XC404852_003,xc,XC404852,1.486077097505669,1.689251700680272,203,26,4.776,False,4.71,8.85
xc_XC404852_004,xc,XC404852,1.7356916099773243,2.1768707482993195,441,36,5.43,False,4.26,7.18
xc_XC404852_005,xc,XC404852,20.874739229024943,20.94439909297052,69,-1,4.589,False,3.93,9.39
xc_XC404852_006,xc,XC404852,20.99083900226757,21.199818594104308,208,-1,5.066,False,1.9,7.34
xc_XC404852_007,xc,XC404852,21.24625850340136,21.45523809523809,208,-1,4.785,False,1.89,7.72
xc_XC404852_008,xc,XC404852,21.501678004535147,21.73387755102041,232,26,4.611,False,1.77,7.84
xc_XC404852_009,xc,XC404852,21.797732426303853,22.1924716553288,394,35,5.365,False,3.86,7.48
xc_XC404852_010,xc,XC404852,37.76725623582766,37.81950113378685,52,49,5.863,False,0.11,6.58
xc_XC404852_011,xc,XC404852,37.8833560090703,38.07492063492064,191,49,4.97,False,1.62,7.4
xc_XC404852_012,xc,XC404852,38.09233560090703,38.347755102040814,255,49,4.683,False,1.67,8.1
xc_XC404852_013,xc,XC404852,38.37097505668934,38.6031746031746,232,26,4.605,False,4.55,8.8
xc_XC404852_014,xc,XC404852,38.672834467120175,39.067573696145125,394,49,4.899,False,2.08,7.73
xc_XC428588_000,xc,XC428588,0.0696598639455782,0.3715192743764172,301,8,6.658,True,2.84,-3.39
xc_XC428588_001,xc,XC428588,1.532517006802721,1.666031746031746,133,8,6.169,True,1.0,-2.2
xc_XC428588_002,xc,XC428588,2.4322902494331067,2.6412698412698417,208,8,8.041,True,2.08,-2.32
xc_XC428588_003,xc,XC428588,6.617687074829932,6.8034467120181406,185,-1,7.863,True,2.79,13.04
xc_XC428588_004,xc,XC428588,12.556190476190476,12.782585034013604,226,-1,8.062,True,2.19,12.74
xc_XC428588_005,xc,XC428588,13.711383219954648,13.94358276643991,232,8,6.199,True,2.03,-2.71
xc_XC428588_006,xc,XC428588,14.570521541950113,14.86657596371882,296,-1,7.584,True,5.48,12.87
xc_XC428588_007,xc,XC428588,15.952108843537417,16.184308390022675,232,8,5.714,False,0.2,-2.57
xc_XC428588_008,xc,XC428588,17.066666666666666,17.26984126984127,203,-1,8.633,True,4.95,13.68
xc_XC428588_009,xc,XC428588,21.269478458049885,21.47845804988662,208,24,7.882,True,2.84,13.04
xc_XC428588_010,xc,XC428588,22.407256235827663,22.62784580498866,220,8,5.297,False,1.96,-2.71
xc_XC428588_011,xc,XC428588,23.34766439909297,23.60308390022676,255,24,6.724,True,5.34,15.52
xc_XC428588_012,xc,XC428588,25.06013605442177,25.245895691609977,185,8,5.58,False,0.93,-2.45
xc_XC428588_013,xc,XC428588,26.40108843537415,26.58684807256236,185,-1,8.893,True,4.21,14.45
xc_XC428661_000,xc,XC428661,2.083990929705215,2.1768707482993195,92,19,4.523,False,1.88,11.2
xc_XC428661_001,xc,XC428661,2.8038095238095235,2.966349206349206,162,-1,5.413,False,3.54,6.4
xc_XC428661_002,xc,XC428661,3.1056689342403625,3.2159637188208614,110,8,4.53,False,0.66,4.85
xc_XC428661_003,xc,XC428661,3.3320634920634915,3.40172335600907,69,-1,7.177,True,5.52,13.32
xc_XC428661_004,xc,XC428661,4.121541950113379,4.464036281179137,342,49,3.646,False,0.93,7.2
xc_XC428661_005,xc,XC428661,14.68081632653061,14.895600907029475,214,19,4.099,False,1.76,10.66
xc_XC428661_006,xc,XC428661,15.37160997732426,15.464489795918366,92,-1,5.215,False,5.38,13.66
xc_XC428661_007,xc,XC428661,15.836009070294782,15.952108843537411,116,24,5.079,False,5.66,13.69
xc_XC428661_008,xc,XC428661,16.764807256235823,17.089886621315188,325,49,3.892,False,1.2,7.64
xc_XC428661_009,xc,XC428661,17.61814058956916,17.803900226757367,185,21,4.479,False,4.31,10.24
xc_XC428661_010,xc,XC428661,17.966439909297048,18.1231746031746,156,41,3.879,False,-1.13,8.34
xc_XC428661_011,xc,XC428661,23.05160997732426,23.190929705215414,139,19,3.899,False,2.06,11.31
xc_XC428661_012,xc,XC428661,25.61160997732426,25.913469387755097,301,49,3.919,False,0.87,7.44
xc_XC428661_013,xc,XC428661,26.470748299319723,26.67392290249433,203,26,4.694,False,4.88,9.0
xc_XC428661_014,xc,XC428661,26.772607709750563,26.95836734693877,185,49,3.826,False,-1.38,7.92
xc_XC428804_000,xc,XC428804,6.315827664399093,6.339047619047619,23,49,4.102,False,-1.66,5.47
xc_XC428804_001,xc,XC428804,7.68,7.767074829931973,87,-1,5.967,False,0.11,4.94
xc_XC428804_002,xc,XC428804,8.25469387755102,8.394013605442176,139,35,6.628,True,6.24,10.71
xc_XC428804_003,xc,XC428804,9.020952380952382,9.090612244897958,69,10,5.414,False,-2.42,11.54
xc_XC428804_004,xc,XC428804,11.859591836734692,11.88281179138322,23,49,4.477,False,-2.09,5.06
xc_XC428804_005,xc,XC428804,12.52716553287982,12.71873015873016,191,35,5.505,False,6.03,10.56
xc_XC428804_006,xc,XC428804,13.229569160997732,13.386303854875283,156,49,4.483,False,-2.06,11.42
xc_XC428804_007,xc,XC428804,16.04498866213152,16.137868480725622,92,30,4.916,False,4.05,8.34
xc_XC428804_008,xc,XC428804,17.182766439909297,17.322086167800453,139,35,6.471,True,6.37,10.98
xc_XC428804_009,xc,XC428804,17.890975056689342,18.030294784580494,139,10,4.312,False,-2.52,11.95
xc_XC428804_010,xc,XC428804,18.587573696145125,18.680453514739227,92,49,4.813,False,0.18,7.17
xc_XC428804_011,xc,XC428804,20.276825396825394,20.323265306122448,46,30,6.025,False,4.03,8.24
xc_XC431809_000,xc,XC431809,2.3858503401360545,2.40907029478458,23,49,3.445,False,-2.09,4.87
xc_XC431809_001,xc,XC431809,2.63546485260771,2.687709750566893,52,-1,5.17,False,-0.12,5.88
xc_XC431809_002,xc,XC431809,2.896689342403628,2.937324263038549,40,49,3.805,False,-1.42,5.14
xc_XC431809_003,xc,XC431809,3.123083900226757,3.215963718820862,92,49,4.426,False,0.7,5.69
xc_XC431809_004,xc,XC431809,3.4017233560090703,3.4946031746031743,92,-1,4.461,False,1.02,6.28
xc_XC431809_005,xc,XC431809,3.633922902494331,3.7268027210884354,92,-1,4.679,False,0.65,5.98
xc_XC431809_006,xc,XC431809,3.773242630385488,3.7964625850340137,23,49,3.502,False,-1.99,4.67
xc_XC431809_007,xc,XC431809,3.8429024943310655,3.959002267573696,116,49,5.089,False,1.45,7.65
xc_XC431809_008,xc,XC431809,4.075102040816327,4.144761904761904,69,-1,4.891,False,-0.67,4.92
xc_XC431809_009,xc,XC431809,4.27827664399093,4.347936507936508,69,-1,5.154,False,-0.53,4.72
xc_XC431809_010,xc,XC431809,4.469841269841269,4.556916099773242,87,-1,4.826,False,-0.31,4.41
xc_XC451328_000,xc,XC451328,1.666031746031746,1.8982312925170068,232,8,8.978,True,3.62,-3.88
xc_XC451328_001,xc,XC451328,1.9678911564625847,2.223310657596372,255,8,9.115,True,3.51,-4.03
xc_XC451328_002,xc,XC451328,2.3626303854875284,2.455510204081633,92,8,9.417,True,2.83,-3.12
xc_XC451328_003,xc,XC451328,2.63546485260771,2.8212244897959184,185,8,9.123,True,3.79,-4.02
xc_XC451328_004,xc,XC451328,20.3697052154195,20.578684807256234,208,8,9.415,True,3.51,-3.61
xc_XC451328_005,xc,XC451328,20.71219954648526,20.897959183673468,185,8,9.23,True,3.49,-4.11
xc_XC451328_006,xc,XC451328,21.339138321995467,21.524897959183672,185,8,8.4,True,4.69,15.27
xc_XC451328_007,xc,XC451328,32.803990929705215,32.96072562358277,156,8,9.141,True,3.62,-4.05
xc_XC451328_008,xc,XC451328,33.56444444444445,33.819863945578234,255,8,9.268,True,3.36,-3.85
xc_XC451328_009,xc,XC451328,41.795918367346935,41.91201814058957,116,8,9.712,True,3.4,-3.52
xc_XC451328_010,xc,XC451328,66.82122448979592,67.08244897959183,261,8,8.513,True,3.67,-4.0
xc_XC451328_011,xc,XC451328,77.04380952380953,77.2237641723356,179,8,8.954,True,3.68,-3.92
xc_XC451328_012,xc,XC451328,77.33986394557823,77.40371882086167,63,-1,8.93,True,-1.93,4.7
xc_XC451328_013,xc,XC451328,77.98421768707482,78.19319727891157,208,8,9.784,True,3.7,-3.95
xc_XC451328_014,xc,XC451328,88.68861678004535,88.85115646258502,162,8,8.585,True,3.55,-4.11
xc_XC451328_015,xc,XC451328,100.25215419501131,100.53079365079364,278,8,8.448,True,3.42,-3.98
xc_XC451328_016,xc,XC451328,100.78621315192744,101.01841269841267,232,8,9.577,True,3.58,-3.65
xc_XC46586_000,xc,XC46586,0.2786394557823129,0.5340589569160996,255,49,3.599,False,0.88,7.4
xc_XC46586_001,xc,XC46586,1.207437641723356,1.30031746031746,92,-1,6.083,False,5.74,10.25
xc_XC46586_002,xc,XC46586,1.4628571428571426,1.555736961451247,92,-1,6.313,True,3.96,9.34
xc_XC46586_003,xc,XC46586,5.416054421768707,5.572789115646257,156,8,2.908,False,1.26,-0.81
xc_XC46586_004,xc,XC46586,6.26938775510204,6.478367346938774,208,8,3.103,False,0.93,-1.04
xc_XC46586_005,xc,XC46586,7.076281179138321,7.331700680272108,255,18,4.579,False,1.34,14.03
xc_XC46586_006,xc,XC46586,7.958639455782311,8.068934240362811,110,-1,6.405,True,6.33,10.39
xc_XC46586_007,xc,XC46586,8.237278911564625,8.347573696145124,110,33,6.602,True,7.46,10.3
xc_XC46586_008,xc,XC46586,15.882448979591834,15.952108843537411,69,-1,5.127,False,0.18,5.01
xc_XC46586_009,xc,XC46586,16.788027210884348,17.014421768707482,226,8,3.071,False,1.11,-0.79
xc_XC46586_010,xc,XC46586,17.664580498866208,18.00707482993197,342,49,4.291,False,1.07,7.35
xc_XC46586_011,xc,XC46586,18.6572335600907,18.750113378684805,92,-1,6.423,True,6.08,10.09
xc_XC46586_012,xc,XC46586,18.93587301587301,19.051972789115645,116,-1,5.892,False,2.02,8.22
xc_XC46586_013,xc,XC46586,27.237006802721083,27.46340136054421,226,49,3.095,False,0.63,7.3
xc_XC46586_014,xc,XC46586,28.01487528344671,28.130975056689337,116,49,4.958,False,1.64,7.86
xc_XC46586_015,xc,XC46586,28.29351473922902,28.386394557823124,92,49,5.111,False,0.83,7.26
xc_XC46586_016,xc,XC46586,28.94367346938775,29.05977324263038,116,8,4.846,False,1.27,-1.82
xc_XC46586_017,xc,XC46586,29.97696145124716,30.185941043083893,208,8,2.932,False,1.1,-0.9
xc_XC46586_018,xc,XC46586,31.486258503401352,31.828752834467117,342,49,3.38,False,1.05,7.42
xc_XC46586_019,xc,XC46586,32.38603174603174,32.47891156462585,92,-1,4.846,False,1.25,7.31
xc_XC46586_020,xc,XC46586,33.012970521541945,33.146485260770966,133,-1,5.892,False,6.01,10.02
xc_XC46586_021,xc,XC46586,33.72698412698412,33.84308390022675,116,-1,5.036,False,5.79,10.38
xc_XC46600_000,xc,XC46600,2.0607709750566894,2.200090702947845,139,8,6.803,True,1.67,-2.17
xc_XC46600_001,xc,XC46600,2.362630385487528,2.5251700680272107,162,8,7.016,True,2.52,-3.23
xc_XC46600_002,xc,XC46600,2.873469387755102,3.036009070294784,162,33,8.686,True,6.85,10.92
xc_XC46600_003,xc,XC46600,3.541043083900226,3.842902494331065,301,-1,7.303,True,5.85,12.12
xc_XC46600_004,xc,XC46600,4.1853968253968254,4.40018140589569,214,8,8.384,True,1.99,-2.32
xc_XC46600_005,xc,XC46600,6.26938775510204,6.292607709750566,23,49,5.836,False,-2.65,4.36
xc_XC46600_006,xc,XC46600,12.486530612244897,12.6897052154195,203,24,7.806,True,3.44,13.5
xc_XC46600_007,xc,XC46600,13.206349206349206,13.316643990929702,110,21,7.297,True,4.69,10.52
xc_XC46600_008,xc,XC46600,13.432743764172333,13.595283446712015,162,21,6.984,True,4.45,10.37
xc_XC46600_009,xc,XC46600,21.82675736961451,22.006712018140583,179,8,6.938,True,1.28,-2.1
xc_XC46600_010,xc,XC46600,33.012970521541945,33.19873015873016,185,8,6.702,True,0.77,-2.03
xc_XC46600_011,xc,XC46600,33.51800453514739,33.68054421768707,162,24,8.637,True,6.27,14.6
xc_XC46600_012,xc,XC46600,34.26104308390022,34.37714285714286,116,37,8.959,True,7.83,4.38
xc_XC46600_013,xc,XC46600,34.562902494331055,34.812517006802715,249,8,9.219,True,2.22,-3.43
xc_XC46600_014,xc,XC46600,34.975056689342395,35.178231292517005,203,6,8.07,True,-4.96,8.91
xc_XC46600_015,xc,XC46600,35.30013605442176,35.52653061224489,226,8,8.22,True,2.29,-2.4
xc_XC46600_016,xc,XC46600,39.55519274376417,39.60163265306122,46,-1,6.914,True,-1.34,3.9
xc_XC46600_017,xc,XC46600,39.82802721088435,39.88027210884353,52,-1,6.894,True,-1.29,4.43
xc_XC46600_018,xc,XC46600,40.060226757369605,40.33306122448978,272,8,7.972,True,2.51,-3.01
xc_XC46600_019,xc,XC46600,40.49560090702948,40.70458049886621,208,8,8.333,True,2.16,-2.82
xc_XC46600_020,xc,XC46600,48.70385487528344,48.77351473922901,69,-1,7.891,True,1.04,6.75
xc_XC46600_021,xc,XC46600,48.796734693877546,48.81995464852607,23,-1,5.032,False,-1.77,4.71
xc_XC46600_022,xc,XC46600,48.8431746031746,48.86639455782312,23,-1,5.817,False,-2.36,4.52
xc_XC46600_023,xc,XC46600,48.91283446712017,49.1392290249433,226,24,8.242,True,4.97,13.12
xc_XC46600_024,xc,XC46600,49.208888888888886,49.400453514739226,191,-1,9.207,True,6.07,6.61
xc_XC46600_025,xc,XC46600,49.4701133786848,49.65006802721087,179,19,6.912,True,2.66,12.08
xc_XC46600_026,xc,XC46600,49.71972789115646,49.9693424036281,249,8,8.259,True,2.78,-3.13
xc_XC46600_027,xc,XC46600,50.04480725623582,50.184126984126976,139,-1,8.315,True,5.56,9.56
xc_XC46600_028,xc,XC46600,50.27700680272108,50.526621315192735,249,24,7.506,True,2.22,13.37
xc_XC46600_029,xc,XC46600,50.625306122448976,50.78204081632652,156,8,8.139,True,2.16,-2.71
xc_XC46600_030,xc,XC46600,56.1922902494331,56.54058956916099,348,8,7.207,True,3.78,1.71
xc_XC46600_031,xc,XC46600,57.83510204081632,58.16018140589568,325,8,7.836,True,3.66,1.15
xc_XC46600_032,xc,XC46600,59.2689342403628,59.44888888888888,179,8,6.959,True,2.79,-3.17
xc_XC46600_033,xc,XC46600,59.617233560090696,59.93650793650793,319,8,8.156,True,2.29,-2.5
xc_XC46600_034,xc,XC46600,61.34712018140589,61.666394557823125,319,39,8.354,True,3.99,1.84
xc_XC46600_035,xc,XC46600,62.3629931972789,62.49650793650793,133,8,7.683,True,1.66,-2.39
xc_XC46600_036,xc,XC46600,62.61260770975056,62.9144671201814,301,24,8.168,True,5.17,13.11
xc_XC46600_037,xc,XC46600,63.03056689342402,63.23954648526076,208,-1,8.439,True,6.2,6.31
xc_XC46600_038,xc,XC46600,63.30920634920634,63.49496598639455,185,-1,9.087,True,4.29,11.67
xc_XC46600_039,xc,XC46600,63.61106575963718,63.82004535147392,208,24,8.191,True,5.82,13.78
xc_XC46600_040,xc,XC46600,63.91292517006802,64.06965986394557,156,30,7.608,True,4.25,8.04
xc_XC46600_041,xc,XC46600,64.13931972789115,64.37151927437641,232,19,7.103,True,2.41,11.78
xc_XC46600_042,xc,XC46600,64.58049886621315,64.77206349206348,191,8,7.512,True,2.13,-2.15
xc_XC46600_043,xc,XC46600,65.0681179138322,65.39319727891156,325,39,7.848,True,3.51,2.11
xc_XC46600_044,xc,XC46600,65.71247165532878,65.78213151927436,69,-1,10.412,True,3.13,13.06
xc_XC46600_045,xc,XC46600,65.87501133786847,66.15365079365078,278,-1,7.523,True,0.54,9.6
xc_XC46600_046,xc,XC46600,66.40907029478457,66.68770975056688,278,8,7.118,True,3.68,2.53
xc_XC46600_047,xc,XC46600,67.33206349206348,67.44235827664399,110,-1,7.599,True,4.24,10.1
xc_XC46600_048,xc,XC46600,72.76553287981858,72.81197278911564,46,-1,7.596,True,-1.76,4.47
xc_XC46600_049,xc,XC46600,73.24734693877551,73.40988662131518,162,6,6.956,True,-5.19,9.21
xc_XC46600_050,xc,XC46600,73.5956462585034,73.6188662131519,23,-1,7.472,True,-2.55,4.34
xc_XC46600_051,xc,XC46600,78.70403628117913,78.91301587301585,208,8,6.61,True,1.83,-2.71
xc_XC46600_052,xc,XC46600,80.04498866213152,80.17850340136053,133,5,7.798,True,1.57,-1.92
xc_XC46600_053,xc,XC46600,80.43972789115645,80.62548752834466,185,6,7.167,True,-5.64,8.5
xc_XC46600_054,xc,XC46600,80.82866213151927,81.06086167800453,232,8,6.946,True,1.92,-2.19
xc_XC46600_055,xc,XC46600,81.75746031746031,81.84453514739228,87,24,8.672,True,3.04,13.11
xc_XC46600_056,xc,XC46600,84.15492063492061,84.2245804988662,69,8,7.12,True,1.31,-1.92
xc_XC46600_057,xc,XC46600,84.39292517006801,84.54965986394556,156,10,7.306,True,-1.72,12.26
xc_XC46600_058,xc,XC46600,85.40299319727889,85.52489795918365,121,24,9.2,True,5.84,13.61
xc_XC46601_000,xc,XC46601,3.4017233560090703,3.610702947845805,208,-1,8.389,True,4.33,10.1
xc_XC46601_001,xc,XC46601,5.34639455782313,5.69469387755102,348,8,8.12,True,3.14,0.22
xc_XC46601_002,xc,XC46601,5.764353741496598,5.944308390022676,179,24,8.191,True,3.31,13.18
xc_XC46601_003,xc,XC46601,6.037188208616779,6.222947845804989,185,21,7.42,True,3.24,11.18
xc_XC46601_004,xc,XC46601,6.315827664399093,6.455147392290249,139,-1,8.135,True,5.31,14.36
xc_XC46601_005,xc,XC46601,9.688526077097505,9.920725623582769,232,8,8.637,True,3.23,0.44
xc_XC46601_006,xc,XC46601,12.486530612244898,12.666485260770974,179,19,7.343,True,2.39,11.94
xc_XC46601_007,xc,XC46601,14.24544217687075,14.425396825396826,179,8,7.993,True,3.12,-3.32
xc_XC46601_008,xc,XC46601,14.680816326530612,14.779501133786848,98,-1,7.842,True,0.5,6.65
xc_XC46601_009,xc,XC46601,15.052335600907028,15.232290249433106,179,8,8.148,True,3.45,0.77
xc_XC46601_010,xc,XC46601,15.464489795918368,15.627029478458049,162,8,8.235,True,1.63,7.19
xc_XC46601_011,xc,XC46601,15.975328798185942,16.021768707482995,46,-1,8.085,True,-0.08,6.46
xc_XC46601_012,xc,XC46601,16.50938775510204,16.92154195011338,412,8,7.913,True,3.28,-3.06
xc_XC46601_013,xc,XC46601,17.3859410430839,17.54267573696145,156,8,8.012,True,3.02,0.88
xc_XC46601_014,xc,XC46601,19.60344671201814,19.748571428571427,145,21,7.903,True,3.73,10.81
xc_XC46601_015,xc,XC46601,20.43936507936508,20.68897959183673,249,-1,7.866,True,-2.45,9.99
xc_XC46601_016,xc,XC46601,21.72807256235828,21.913832199546487,185,-1,8.22,True,2.9,1.62
xc_XC46601_017,xc,XC46601,24.40997732426304,24.618956916099773,208,41,7.77,True,-2.08,9.6
xc_XC46601_018,xc,XC46601,26.563628117913836,26.79002267573696,226,8,8.265,True,0.08,9.34
xc_XC46601_019,xc,XC46601,27.05124716553288,27.16734693877551,116,5,8.443,True,3.33,3.6
xc_XC46601_020,xc,XC46601,27.376326530612246,27.620136054421767,243,37,8.486,True,7.69,3.98
xc_XC46601_021,xc,XC46601,27.881360544217685,28.107755102040816,226,8,8.258,True,3.57,0.97
xc_XC46601_022,xc,XC46601,28.293514739229025,28.386394557823127,92,24,7.957,True,5.63,14.22
xc_XC46601_023,xc,XC46601,28.50249433106576,28.688253968253967,185,24,8.599,True,5.54,15.41
xc_XC46601_024,xc,XC46601,28.897233560090704,28.943673469387758,46,-1,7.632,True,-2.08,4.82
xc_XC46601_025,xc,XC46601,28.990113378684807,29.03655328798186,46,-1,8.297,True,-1.53,4.73
xc_XC46601_026,xc,XC46601,29.059773242630385,29.262947845804987,203,11,8.323,True,1.68,11.94
xc_XC46601_027,xc,XC46601,29.355827664399094,29.564807256235827,208,24,8.493,True,3.15,12.73
xc_XC46601_028,xc,XC46601,31.02185941043084,31.161179138321994,139,-1,8.013,True,2.21,5.47
xc_XC46601_029,xc,XC46601,31.555918367346937,31.85197278911565,296,8,7.942,True,3.35,-3.44
xc_XC46601_030,xc,XC46601,32.037732426303855,32.25251700680272,214,8,8.611,True,3.49,-3.87
xc_XC46601_031,xc,XC46601,32.26993197278912,32.40925170068027,139,45,8.66,True,2.55,6.67
xc_XC46601_032,xc,XC46601,32.73433106575964,32.920090702947846,185,8,7.996,True,3.3,0.63
xc_XC46601_033,xc,XC46601,33.28580498866213,33.40190476190476,116,10,7.986,True,-1.66,12.61
xc_XC46601_034,xc,XC46601,33.84308390022676,34.232018140589574,388,-1,8.471,True,3.51,1.71
xc_XC46601_035,xc,XC46601,34.30748299319728,34.49324263038549,185,33,8.527,True,7.37,10.37
xc_XC46601_036,xc,XC46601,34.586122448979594,34.70222222222222,116,-1,9.617,True,5.43,13.05
xc_XC46601_037,xc,XC46601,35.160816326530615,35.36399092970522,203,21,7.765,True,3.97,10.83
xc_XC46601_038,xc,XC46601,35.48009070294785,35.619410430839004,139,-1,8.341,True,5.47,12.81
xc_XC46601_039,xc,XC46601,36.19990929705215,36.29278911564626,92,-1,8.097,True,7.29,4.34
xc_XC46601_040,xc,XC46601,36.501768707483,36.7049433106576,203,8,8.423,True,3.12,-2.58
xc_XC46601_041,xc,XC46601,37.43056689342404,37.65115646258504,220,8,7.905,True,-3.09,9.74
xc_XC46601_042,xc,XC46601,38.02848072562358,38.19102040816326,162,24,8.53,True,5.22,15.65
xc_XC46601_043,xc,XC46601,39.46231292517007,39.52616780045352,63,-1,9.314,True,0.62,6.98
xc_XC46601_044,xc,XC46601,39.7815873015873,39.96734693877551,185,8,8.636,True,3.54,-4.06
xc_XC46601_045,xc,XC46601,40.44916099773243,40.64072562358277,191,-1,8.395,True,3.71,1.91
xc_XC46601_046,xc,XC46601,41.00643990929705,41.23863945578231,232,21,8.885,True,3.86,11.36
xc_XC46601_047,xc,XC46601,42.09777777777777,42.30095238095238,203,41,7.64,True,-1.95,9.42
xc_XC46601_048,xc,XC46601,42.85242630385488,43.04399092970522,191,21,7.731,True,4.81,10.58
xc_XC46601_049,xc,XC46601,43.34004535147392,43.61868480725624,278,8,8.343,True,3.57,-4.2
xc_XC46601_050,xc,XC46601,44.14693877551021,44.29206349206349,145,37,8.864,True,7.09,4.21
xc_XC46601_051,xc,XC46601,44.33850340136055,44.47201814058957,133,37,8.797,True,7.71,4.7
xc_XC46601_052,xc,XC46601,44.849342403628114,45.09315192743764,243,39,8.826,True,3.72,1.56
xc_XC46601_053,xc,XC46601,45.97551020408164,46.32380952380953,348,8,8.043,True,3.56,-3.87
xc_XC46601_054,xc,XC46601,46.64888888888889,47.06104308390023,412,8,7.675,True,3.65,0.97
xc_XC46601_055,xc,XC46601,47.38612244897959,47.59510204081632,208,24,8.138,True,3.02,13.2
xc_XC46601_056,xc,XC46601,48.08272108843538,48.309115646258505,226,19,7.827,True,2.59,11.51
xc_XC46601_057,xc,XC46601,48.40199546485261,48.56453514739229,162,-1,8.752,True,5.37,15.07
xc_XC46601_058,xc,XC46601,49.05215419501134,49.075374149659865,23,49,5.298,False,-1.79,4.7
xc_XC46601_059,xc,XC46601,49.092789115646255,49.30176870748299,208,8,8.545,True,3.01,1.41
xc_XC46601_060,xc,XC46601,50.99102040816326,51.22321995464853,232,8,8.116,True,3.44,-4.06
xc_XC46601_061,xc,XC46601,51.57151927437642,51.94303854875283,371,8,7.983,True,3.22,-3.75
xc_XC46601_062,xc,XC46601,52.30875283446712,52.5815873015873,272,8,8.787,True,7.93,3.85
xc_XC46601_063,xc,XC46601,53.21433106575964,53.53360544217687,319,8,9.033,True,3.41,-3.97
xc_XC466570_000,xc,XC466570,2.565804988662132,2.6122448979591835,46,49,4.642,False,-1.47,4.9
xc_XC466570_001,xc,XC466570,2.7341496598639456,2.803809523809524,69,-1,5.371,False,-0.07,6.47
xc_XC466570_002,xc,XC466570,2.8676643990929707,2.937324263038549,69,-1,5.579,False,0.04,6.11
xc_XC466570_003,xc,XC466570,2.9837641723356008,3.0592290249433107,75,-1,6.419,True,0.14,5.27
xc_XC466570_004,xc,XC466570,3.105668934240363,3.1753287981859413,69,-1,7.426,True,-1.55,2.15
xc_XC466570_005,xc,XC466570,3.239183673469388,3.308843537414966,69,8,6.308,True,-0.31,-1.25
xc_XC466570_006,xc,XC466570,3.3552834467120185,3.424943310657596,69,40,7.792,True,1.29,5.84
xc_XC466570_007,xc,XC466570,3.4946031746031743,3.587482993197279,92,-1,8.076,True,0.6,5.35
xc_XC466570_008,xc,XC466570,3.7964625850340137,3.866122448979592,69,47,6.759,True,-1.12,2.13
xc_XC466570_009,xc,XC466570,4.121541950113379,4.1853968253968254,63,47,5.045,False,-0.89,2.49
xc_XC466570_010,xc,XC466570,4.464036281179139,4.533696145124716,69,47,5.616,False,-1.15,2.33
xc_XC466570_011,xc,XC466570,6.704761904761905,6.727981859410431,23,-1,3.868,False,-1.54,5.06
xc_XC466570_012,xc,XC466570,10.054240362811791,10.077460317460318,23,49,4.377,False,-1.46,5.0
xc_XC466570_013,xc,XC466570,10.501224489795918,10.524444444444445,23,49,4.706,False,-1.78,5.29
xc_XC466570_014,xc,XC466570,12.283356009070294,12.329795918367347,46,47,5.588,False,-0.72,2.93
xc_XC474021_000,xc,XC474021,0.2089795918367347,0.2554195011337868,46,-1,8.044,True,-0.26,4.47
xc_XC474021_001,xc,XC474021,0.3947392290249433,0.4179591836734694,23,-1,5.275,False,-1.63,5.14
xc_XC474021_002,xc,XC474021,13.502403628117914,13.664943310657597,162,29,6.35,True,7.06,13.02
xc_XC474021_003,xc,XC474021,14.146757369614512,14.33251700680272,185,7,6.023,False,-5.44,6.26
xc_XC474021_004,xc,XC474021,15.232290249433106,15.255510204081633,23,-1,4.966,False,-2.25,4.46
xc_XC474021_005,xc,XC474021,15.325170068027212,15.44126984126984,116,32,6.148,True,-0.14,9.74
xc_XC474021_006,xc,XC474021,17.98385487528345,18.123174603174604,139,-1,5.984,False,5.25,13.88
xc_XC474021_007,xc,XC474021,18.680453514739227,18.84299319727891,162,-1,5.78,False,5.17,13.26
xc_XC474021_008,xc,XC474021,19.33061224489796,19.48734693877551,156,-1,5.972,False,5.47,13.67
xc_XC474021_009,xc,XC474021,26.308208616780043,26.470748299319727,162,-1,5.793,False,3.65,7.14
xc_XC474021_010,xc,XC474021,31.811337868480724,31.94485260770975,133,-1,6.678,True,5.67,13.51
xc_XC474021_011,xc,XC474021,47.29904761904762,47.34548752834467,46,-1,6.124,False,-0.5,8.75
xc_XC474021_012,xc,XC474021,47.89115646258504,48.03628117913832,145,49,5.214,False,1.25,7.65
xc_XC474021_013,xc,XC474021,48.56453514739229,48.68063492063492,116,24,5.646,False,5.07,13.58
xc_XC474021_014,xc,XC474021,50.36988662131519,50.5556462585034,185,5,5.799,False,2.64,4.25
xc_XC474021_015,xc,XC474021,50.64852607709751,50.741405895691614,92,-1,5.762,False,2.42,4.1
xc_XC474021_016,xc,XC474021,50.89814058956916,51.01424036281179,116,5,6.784,True,2.71,4.19
xc_XC474021_017,xc,XC474021,58.03827664399093,58.20081632653061,162,-1,5.668,False,1.9,7.68
xc_XC474021_018,xc,XC474021,58.73487528344671,58.87419501133787,139,-1,5.709,False,5.48,13.27
xc_XC474021_019,xc,XC474021,59.40244897959183,59.57079365079365,168,45,5.506,False,2.17,7.09
xc_XC474021_020,xc,XC474021,60.09904761904762,60.232562358276645,133,24,6.115,False,5.07,13.73
xc_XC474021_021,xc,XC474021,73.9439455782313,74.08326530612244,139,29,7.658,True,6.63,13.52
xc_XC474021_022,xc,XC474021,75.72027210884353,75.7667120181406,46,24,6.989,True,-0.06,13.0
xc_XC474021_023,xc,XC474021,102.1213605442177,102.27809523809525,156,-1,6.147,True,0.73,8.61
xc_XC474021_024,xc,XC474021,102.64961451247166,102.81215419501132,162,-1,6.259,True,5.65,13.71
xc_XC474021_025,xc,XC474021,103.17786848072562,103.47972789115646,301,24,5.851,False,5.44,14.05
xc_XC474021_026,xc,XC474021,120.95274376417234,121.02240362811791,69,-1,6.045,False,-0.93,6.62
xc_XC474021_027,xc,XC474021,122.52009070294784,122.70585034013604,185,-1,6.901,True,5.95,13.85
xc_XC474021_028,xc,XC474021,123.2863492063492,123.33278911564626,46,-1,6.673,True,-1.56,5.11
xc_XC474021_029,xc,XC474021,123.93650793650792,124.02938775510204,92,-1,6.296,True,0.02,9.3
xc_XC475984_000,xc,XC475984,1.0448979591836731,1.0681179138321992,23,49,3.667,False,-1.9,5.2
xc_XC475984_001,xc,XC475984,1.3931972789115643,1.4628571428571426,69,47,5.334,False,0.24,2.43
xc_XC475984_002,xc,XC475984,1.555736961451247,1.648616780045351,92,6,6.156,True,-4.88,9.08
xc_XC475984_003,xc,XC475984,1.689251700680272,1.8750113378684805,185,24,5.603,False,2.33,12.77
xc_XC475984_004,xc,XC475984,1.9214512471655325,2.130430839002267,208,21,6.241,True,4.69,9.59
xc_XC475984_005,xc,XC475984,2.1536507936507934,2.2697505668934235,116,-1,6.479,True,4.7,6.45
xc_XC475984_006,xc,XC475984,2.316190476190476,2.478730158730158,162,23,6.441,True,4.47,14.19
xc_XC475984_007,xc,XC475984,2.501950113378685,2.687709750566893,185,-1,7.087,True,8.97,7.54
xc_XC475984_008,xc,XC475984,16.300408163265303,16.346848072562356,46,47,5.247,False,0.84,2.32
xc_XC475984_009,xc,XC475984,16.439727891156462,16.532607709750565,92,41,6.088,False,-2.83,8.91
xc_XC475984_010,xc,XC475984,16.55582766439909,16.741587301587302,185,24,5.348,False,2.68,12.5
xc_XC475984_011,xc,XC475984,16.80544217687075,17.014421768707482,208,21,5.643,False,4.97,10.62
xc_XC475984_012,xc,XC475984,17.043446712018135,17.13632653061224,92,25,7.312,True,10.04,8.48
xc_XC475984_013,xc,XC475984,17.200181405895687,17.345306122448974,145,23,6.806,True,4.58,14.15
xc_XC475984_014,xc,XC475984,17.391746031746028,17.54848072562358,156,-1,6.754,True,9.16,7.4
xc_XC475984_015,xc,XC475984,17.687800453514736,17.873560090702945,185,-1,6.719,True,1.25,10.52
xc_XC475984_016,xc,XC475984,24.293877551020405,24.34612244897959,52,47,5.957,False,0.68,2.26
xc_XC475984_017,xc,XC475984,24.456417233560085,24.531882086167798,75,6,6.12,False,-5.33,9.02
xc_XC475984_018,xc,XC475984,24.595736961451244,24.76408163265306,168,24,4.902,False,2.56,12.62
xc_XC475984_019,xc,XC475984,24.827936507936503,25.060136054421765,232,21,5.914,False,5.06,10.65
xc_XC475984_020,xc,XC475984,25.100770975056687,25.19945578231292,98,25,6.983,True,10.43,8.42
xc_XC475984_021,xc,XC475984,25.24009070294784,25.408435374149654,168,23,6.312,True,4.71,14.15
xc_XC475984_022,xc,XC475984,25.449070294784576,25.61160997732426,162,-1,6.929,True,9.18,7.41
xc_XC475984_023,xc,XC475984,25.750929705215416,25.936689342403625,185,-1,6.611,True,1.15,11.18
xc_XC475984_024,xc,XC475984,39.02113378684807,39.06757369614512,46,47,4.545,False,0.88,2.49
xc_XC475984_025,xc,XC475984,39.131428571428565,39.31718820861678,185,24,5.405,False,2.69,12.7
xc_XC475984_026,xc,XC475984,39.369433106575954,39.57841269841269,208,21,6.076,False,4.98,10.57
xc_XC475984_027,xc,XC475984,39.61904761904761,39.71773242630385,98,25,7.519,True,10.27,8.46
xc_XC475984_028,xc,XC475984,39.75836734693877,39.92090702947846,162,23,6.445,True,4.79,14.12
xc_XC475984_029,xc,XC475984,39.96734693877551,40.12988662131519,162,-1,6.957,True,9.25,7.39
xc_XC475984_030,xc,XC475984,40.26920634920635,40.47238095238095,203,-1,7.014,True,1.14,11.35
xc_XC475984_031,xc,XC475984,48.4019954648526,48.47165532879818,69,47,4.677,False,0.55,2.69
xc_XC475984_032,xc,XC475984,48.54131519274376,48.634195011337866,92,6,4.759,False,-5.53,9.18
xc_XC475984_033,xc,XC475984,48.65741496598638,48.86639455782312,208,24,5.128,False,2.7,12.14
xc_XC475984_034,xc,XC475984,48.88961451247165,49.11600907029478,226,21,5.232,False,4.96,10.58
xc_XC475984_035,xc,XC475984,49.1392290249433,49.23791383219954,98,25,7.151,True,5.62,6.58
xc_XC475984_036,xc,XC475984,49.27854875283446,49.44108843537414,162,23,5.869,False,4.92,13.98
xc_XC475984_037,xc,XC475984,49.48752834467119,49.65587301587301,168,-1,6.628,True,9.17,7.37
xc_XC475984_038,xc,XC475984,49.81841269841269,50.021587301587296,203,-1,6.412,True,1.33,10.4
xc_XC475984_039,xc,XC475984,56.935328798185935,56.99918367346938,63,47,6.033,False,0.78,2.25
xc_XC475984_040,xc,XC475984,57.07464852607709,57.25460317460317,179,19,5.311,False,2.65,11.35
xc_XC475984_041,xc,XC475984,57.30684807256235,57.51002267573696,203,26,5.803,False,5.24,9.25
xc_XC475984_042,xc,XC475984,57.52743764172335,57.64353741496598,116,25,6.438,True,10.22,8.45
xc_XC475984_043,xc,XC475984,57.68997732426303,57.85251700680272,162,23,5.729,False,4.6,14.16
xc_XC475984_044,xc,XC475984,57.90476190476189,58.06730158730158,162,-1,6.627,True,9.12,7.4
xc_XC475984_045,xc,XC475984,63.23954648526076,63.47174603174602,232,8,3.984,False,1.26,7.39
xc_XC475984_046,xc,XC475984,69.6192290249433,69.68888888888888,69,47,4.517,False,0.16,3.07
xc_XC475984_047,xc,XC475984,69.75854875283446,69.83401360544217,75,47,5.495,False,0.65,3.34
xc_XC475984_048,xc,XC475984,69.88045351473922,70.07782312925168,197,24,5.771,False,2.62,12.7
xc_XC475984_049,xc,XC475984,70.12426303854875,70.35646258503401,232,21,5.55,False,4.88,10.54
xc_XC475984_050,xc,XC475984,70.40290249433104,70.51900226757368,116,25,5.816,False,10.5,8.36
xc_XC475984_051,xc,XC475984,70.54802721088434,70.71056689342403,162,23,5.447,False,4.69,14.21
xc_XC475984_052,xc,XC475984,70.72798185941042,70.91374149659862,185,-1,6.085,False,9.17,7.39
xc_XC475984_053,xc,XC475984,77.09024943310656,77.15410430839002,63,47,5.675,False,-0.0,2.32
xc_XC475984_054,xc,XC475984,77.24698412698412,77.58947845804987,342,11,6.449,True,1.97,12.37
xc_XC475984_055,xc,XC475984,77.61850340136053,77.8681179138322,249,21,6.118,False,5.02,10.57
xc_XC475984_056,xc,XC475984,77.8913378684807,77.99002267573695,98,25,7.45,True,10.11,8.43
xc_XC475984_057,xc,XC475984,78.03646258503399,78.21641723356008,179,23,6.218,True,4.91,14.06
xc_XC475984_058,xc,XC475984,78.26285714285713,78.42539682539682,162,-1,7.049,True,9.22,7.33
xc_XC475984_059,xc,XC475984,78.56471655328798,78.7736961451247,208,11,6.635,True,1.27,10.88
xc_XC475984_060,xc,XC475984,84.76444444444442,84.85732426303854,92,-1,4.969,False,0.42,5.23
xc_XC475984_061,xc,XC475984,98.92861678004536,98.99827664399092,69,47,5.131,False,0.89,2.3
xc_XC475984_062,xc,XC475984,99.0679365079365,99.38721088435372,319,11,5.937,False,1.84,12.33
xc_XC475984_063,xc,XC475984,99.41623582766438,99.64843537414964,232,26,5.607,False,5.07,9.24
xc_XC475984_064,xc,XC475984,99.66585034013605,99.76453514739228,98,25,6.121,False,10.37,8.37
xc_XC475984_065,xc,XC475984,99.8051700680272,99.9909297052154,185,23,6.3,True,4.76,14.18
xc_XC475984_066,xc,XC475984,100.01414965986392,100.1766893424036,162,-1,6.124,False,9.21,7.37
xc_XC506507_000,xc,XC506507,6.060408163265306,6.222947845804989,162,5,4.192,False,2.62,4.81
xc_XC506507_001,xc,XC506507,6.617687074829932,6.751201814058957,133,5,4.285,False,2.55,4.84
xc_XC506507_002,xc,XC506507,6.873106575963718,7.099501133786848,226,49,4.603,False,1.19,7.79
xc_XC506507_003,xc,XC506507,7.174965986394558,7.267845804988662,92,49,3.735,False,-0.55,6.92
xc_XC506507_004,xc,XC506507,7.430385487528345,7.540680272108843,110,49,4.227,False,1.07,7.39
xc_XC506507_005,xc,XC506507,7.656780045351474,7.883174603174603,226,5,4.161,False,2.47,4.84
xc_XC506507_006,xc,XC506507,8.370793650793651,8.463673469387755,92,8,4.841,False,1.56,-0.5
xc_XC506507_007,xc,XC506507,9.340226757369614,9.438911564625853,98,8,4.088,False,0.15,6.0
xc_XC506507_008,xc,XC506507,9.578231292517009,9.694331065759638,116,49,3.678,False,0.06,7.39
xc_XC506507_009,xc,XC506507,9.78721088435374,9.85687074829932,69,49,4.7,False,0.36,6.83
xc_XC506507_010,xc,XC506507,9.926530612244898,9.984580498866212,58,49,4.072,False,-1.64,4.9
xc_XC506507_011,xc,XC506507,11.215238095238096,11.238458049886622,23,49,3.688,False,-2.05,4.71
xc_XC506507_012,xc,XC506507,16.021768707482995,16.04498866213152,23,49,4.264,False,-2.17,5.33
xc_XC506507_013,xc,XC506507,16.16108843537415,16.207528344671204,46,49,4.625,False,-1.44,5.05
xc_XC506507_014,xc,XC506507,16.851882086167798,16.991201814058957,139,49,5.054,False,0.92,7.63
xc_XC506507_015,xc,XC506507,16.99700680272109,17.060861678004535,63,49,5.025,False,-0.84,5.39
xc_XC506507_016,xc,XC506507,18.72689342403628,18.75011337868481,23,49,2.865,False,-2.11,5.23
xc_XC506507_017,xc,XC506507,21.188208616780045,21.2346485260771,46,49,4.629,False,-2.14,5.12
xc_XC509572_000,xc,XC509572,5.9675283446712015,6.013968253968254,46,49,5.209,False,-0.63,6.39
xc_XC509572_001,xc,XC509572,11.633197278911563,11.65641723356009,23,49,4.192,False,-2.22,4.73
xc_XC509572_002,xc,XC509572,11.749297052154196,11.789931972789116,40,49,4.242,False,-2.32,5.19
xc_XC509572_003,xc,XC509572,12.097596371882084,12.277551020408165,179,8,4.875,False,1.19,7.16
xc_XC509572_004,xc,XC509572,16.834467120181404,16.904126984126982,69,49,4.138,False,-1.68,5.28
xc_XC509572_005,xc,XC509572,16.973786848072564,17.060861678004535,87,47,6.26,True,-0.77,2.26
xc_XC509572_006,xc,XC509572,17.15954648526077,17.252426303854875,92,10,4.136,False,-0.92,8.6
xc_XC509572_007,xc,XC509572,17.29886621315193,17.409160997732425,110,49,5.521,False,1.1,7.51
xc_XC509572_008,xc,XC509572,17.50204081632653,17.589115646258502,87,-1,6.544,True,4.95,13.12
xc_XC509572_009,xc,XC509572,17.711020408163265,17.867755102040817,156,26,5.085,False,4.68,9.07
xc_XC509572_010,xc,XC509572,18.37859410430839,18.40181405895692,23,49,5.452,False,-1.61,4.9
xc_XC509572_011,xc,XC509572,23.60308390022676,23.626303854875285,23,49,5.127,False,-1.66,5.29
xc_XC509572_012,xc,XC509572,41.37795918367347,41.56371882086168,185,49,3.898,False,-1.14,7.67
xc_XC509572_013,xc,XC509572,41.586938775510205,41.67401360544218,87,-1,5.458,False,-1.0,3.09
xc_XC509572_014,xc,XC509572,41.749478458049886,41.85977324263038,110,10,4.673,False,-1.39,10.65
xc_XC509572_015,xc,XC509572,41.91201814058957,42.00489795918367,92,49,5.093,False,0.22,7.34
xc_XC509572_016,xc,XC509572,42.11519274376417,42.18485260770975,69,24,5.762,False,4.81,13.41
xc_XC509572_017,xc,XC509572,42.30095238095238,42.48090702947845,179,26,4.618,False,3.8,8.99
xc_XC509572_018,xc,XC509572,42.57378684807256,42.620226757369615,46,24,6.815,True,5.67,13.58
xc_XC509572_019,xc,XC509572,42.96852607709751,43.04399092970522,75,-1,5.875,False,0.44,7.12
xc_XC509572_020,xc,XC509572,44.84353741496599,44.97705215419501,133,-1,4.861,False,1.44,7.02
xc_XC509572_021,xc,XC509572,45.63301587301587,45.74331065759637,110,49,5.588,False,0.49,6.86
xc_XC509572_022,xc,XC509572,74.01360544217687,74.12390022675737,110,47,4.689,False,-0.77,3.12
xc_XC509572_023,xc,XC509572,74.17034013605442,74.26902494331065,98,10,4.913,False,-1.4,10.97
xc_XC509572_024,xc,XC509572,74.54185941043085,74.61151927437642,69,24,5.803,False,5.63,13.7
xc_XC509572_025,xc,XC509572,74.73342403628118,74.89015873015873,156,-1,5.068,False,4.12,9.25
xc_XC509572_026,xc,XC509572,91.0744671201814,91.21378684807256,139,-1,5.169,False,2.25,6.27
xc_XC509572_027,xc,XC509572,91.28344671201812,91.3473015873016,63,13,7.065,True,2.1,5.87
xc_XC602854_000,xc,XC602854,0.952018140589569,1.207437641723356,255,32,5.175,False,0.95,8.07
xc_XC602854_001,xc,XC602854,1.253877551020408,1.3467573696145123,92,33,6.133,True,7.73,10.32
xc_XC602854_002,xc,XC602854,1.4396371882086163,1.689251700680272,249,-1,5.239,False,4.2,10.05
xc_XC602854_003,xc,XC602854,1.7589115646258502,1.9446712018140584,185,30,3.93,False,4.05,8.29
xc_XC602854_004,xc,XC602854,1.9911111111111108,2.083990929705215,92,24,6.61,True,5.86,13.91
xc_XC602854_005,xc,XC602854,18.517913832199547,18.77333333333333,255,-1,4.865,False,2.03,7.81
xc_XC602854_006,xc,XC602854,18.81977324263038,18.93587301587301,116,33,6.033,False,7.6,10.42
xc_XC602854_007,xc,XC602854,19.005532879818592,19.09841269841269,92,21,5.84,False,4.34,10.35
xc_XC602854_008,xc,XC602854,19.139047619047616,19.26095238095238,121,41,4.557,False,-1.64,8.9
xc_XC602854_009,xc,XC602854,19.324807256235825,19.49315192743764,168,30,4.118,False,4.03,8.29
xc_XC602854_010,xc,XC602854,19.557006802721084,19.632471655328796,75,-1,6.606,True,5.77,13.6
xc_XC602854_011,xc,XC602854,36.757188208616775,37.01260770975056,255,-1,4.972,False,3.88,7.03
xc_XC602854_012,xc,XC602854,37.082267573696136,37.19256235827663,110,33,6.309,True,7.74,10.34
xc_XC602854_013,xc,XC602854,37.26222222222222,37.540861678004525,278,-1,4.786,False,3.98,9.85
xc_XC602854_014,xc,XC602854,37.581496598639454,37.76725623582765,185,30,3.713,False,4.09,8.28
xc_XC602854_015,xc,XC602854,37.79628117913831,37.88335600907029,87,-1,6.842,True,5.92,12.5
xc_XC602854_016,xc,XC602854,54.11410430839001,54.369523809523805,255,-1,5.064,False,3.69,7.52
xc_XC602854_017,xc,XC602854,54.43337868480725,54.55528344671201,121,33,6.124,False,7.73,10.26
xc_XC602854_018,xc,XC602854,54.64235827664398,54.73523809523808,92,21,5.785,False,4.61,10.45
xc_XC602854_019,xc,XC602854,54.76426303854874,54.89777777777777,133,41,5.072,False,-1.71,8.42
xc_XC602854_020,xc,XC602854,54.93841269841269,55.12997732426303,191,30,3.896,False,4.07,8.29
xc_XC602854_021,xc,XC602854,55.17061224489795,55.26349206349206,92,-1,6.905,True,5.76,13.53
xc_XC663169_000,xc,XC663169,1.4628571428571429,1.532517006802721,69,-1,4.879,False,-1.17,7.73
xc_XC663169_001,xc,XC663169,1.8750113378684807,1.8982312925170068,23,49,4.245,False,-2.28,4.52
xc_XC663169_002,xc,XC663169,24.897596371882084,25.013696145124715,116,41,4.916,False,-1.03,8.71
xc_XC663169_003,xc,XC663169,25.083356009070297,25.170430839002268,87,29,6.553,True,7.15,11.67
xc_XC663169_004,xc,XC663169,25.269115646258506,25.501315192743764,232,49,5.173,False,-0.35,7.93
xc_XC663169_005,xc,XC663169,25.588390022675732,25.75673469387755,168,30,3.686,False,3.97,8.25
xc_XC663169_006,xc,XC663169,25.79736961451247,25.86702947845805,69,-1,6.021,False,5.71,13.39
xc_XC663169_007,xc,XC663169,26.33142857142857,26.563628117913836,232,49,3.766,False,0.97,7.42
xc_XC663169_008,xc,XC663169,45.1221768707483,45.2324716553288,110,41,4.668,False,-1.06,8.63
xc_XC663169_009,xc,XC663169,45.302131519274376,45.377596371882085,75,33,6.901,True,7.17,11.31
xc_XC663169_010,xc,XC663169,143.5109297052154,143.6734693877551,162,49,4.596,False,0.98,7.87
xc_XC663169_011,xc,XC663169,143.74312925170068,143.83600907029478,92,33,5.313,False,7.48,10.61
xc_XC663169_012,xc,XC663169,143.90566893424037,144.01596371882087,110,21,5.157,False,4.07,10.17
xc_XC663169_013,xc,XC663169,144.0624036281179,144.16108843537415,98,41,4.875,False,-2.69,8.93
xc_XC663169_014,xc,XC663169,144.24816326530612,144.4107029478458,162,30,3.955,False,4.0,8.15
xc_XC663169_015,xc,XC663169,144.4803628117914,144.53260770975055,52,24,6.762,True,5.91,13.86
xc_XC663169_016,xc,XC663169,179.33931972789117,179.40317460317462,63,49,5.851,False,-1.41,8.24
xc_XC663169_017,xc,XC663169,179.54249433106577,179.58893424036282,46,29,8.044,True,5.94,13.25
xc_XC794900_000,xc,XC794900,6.408707482993197,6.455147392290249,46,47,7.239,True,-1.01,3.34
xc_XC794900_001,xc,XC794900,6.617687074829932,6.664126984126984,46,-1,6.82,True,-1.13,3.74
xc_XC794900_002,xc,XC794900,6.710566893424037,6.774421768707484,63,-1,7.246,True,-1.2,3.3
xc_XC794900_003,xc,XC794900,6.7976417233560085,6.849886621315192,52,47,8.137,True,-0.87,3.04
xc_XC794900_004,xc,XC794900,6.91374149659864,7.076281179138322,162,33,7.548,True,7.89,10.33
xc_XC794900_005,xc,XC794900,7.128526077097505,7.33750566893424,208,9,7.687,True,4.3,11.19
xc_XC794900_006,xc,XC794900,7.360725623582766,7.471020408163265,110,25,8.065,True,5.1,6.97
xc_XC794900_007,xc,XC794900,7.587120181405896,7.720634920634921,133,-1,8.705,True,8.08,6.33
xc_XC794900_008,xc,XC794900,7.790294784580499,7.929614512471655,139,41,8.548,True,-2.92,9.35
xc_XC794900_009,xc,XC794900,7.999274376417234,8.2140589569161,214,25,5.441,False,10.76,8.36
xc_XC794900_010,xc,XC794900,13.804263038548752,13.82748299319728,23,49,5.475,False,-1.77,4.26
xc_XC794900_011,xc,XC794900,13.897142857142857,13.94358276643991,46,47,8.696,True,0.48,2.7
xc_XC794900_012,xc,XC794900,13.99002267573696,14.05968253968254,69,47,7.829,True,-0.29,2.79
xc_XC794900_013,xc,XC794900,14.106122448979592,14.16997732426304,63,47,7.59,True,-0.3,2.11
xc_XC794900_014,xc,XC794900,14.199002267573697,14.355736961451246,156,8,6.992,True,-0.6,1.66
xc_XC794900_015,xc,XC794900,14.4021768707483,14.56471655328798,162,33,7.923,True,7.9,10.37
xc_XC794900_016,xc,XC794900,14.616961451247166,14.8259410430839,208,9,7.532,True,4.31,11.16
xc_XC794900_017,xc,XC794900,14.849160997732426,14.959455782312926,110,-1,8.475,True,5.02,6.63
xc_XC794900_018,xc,XC794900,15.075555555555557,15.214875283446712,139,-1,8.355,True,8.01,6.27
xc_XC794900_019,xc,XC794900,15.284535147392289,15.418049886621317,133,41,8.923,True,-3.06,9.42
xc_XC794900_020,xc,XC794900,15.487709750566893,15.70249433106576,214,25,5.138,False,10.74,8.4
xc_XC794900_021,xc,XC794900,24.39256235827664,24.45641723356009,63,-1,8.871,True,-0.52,3.32
xc_XC794900_022,xc,XC794900,24.502857142857145,24.642176870748298,139,-1,6.892,True,-0.66,2.79
xc_XC794900_023,xc,XC794900,24.69442176870748,24.851156462585035,156,33,7.636,True,7.96,10.4
xc_XC794900_024,xc,XC794900,24.92081632653061,25.10657596371882,185,9,7.529,True,4.24,11.12
xc_XC794900_025,xc,XC794900,25.147210884353743,25.21687074829932,69,-1,10.051,True,4.92,6.66
xc_XC794900_026,xc,XC794900,25.379410430839,25.51873015873016,139,-1,8.541,True,7.21,6.16
xc_XC794900_027,xc,XC794900,25.570975056689345,25.710294784580498,139,41,8.507,True,0.35,9.62
xc_XC794900_028,xc,XC794900,25.77995464852608,26.006349206349206,226,25,5.275,False,10.64,8.3
xc_XC842494_000,xc,XC842494,3.959002267573696,4.028662131519273,69,-1,6.482,True,1.11,-0.72
xc_XC842494_001,xc,XC842494,4.74267573696145,4.858775510204081,116,49,5.126,False,0.37,7.63
xc_XC842494_002,xc,XC842494,5.299954648526076,5.485714285714284,185,-1,5.667,False,5.81,12.87
xc_XC842494_003,xc,XC842494,8.90485260770975,8.9512925170068,46,-1,6.875,True,0.27,9.2
xc_XC842494_004,xc,XC842494,9.856870748299318,9.943945578231292,87,-1,6.865,True,5.37,13.76
xc_XC842494_005,xc,XC842494,10.379319727891154,10.495419501133783,116,15,5.668,False,6.53,12.39
xc_XC842494_006,xc,XC842494,16.764807256235823,16.898321995464848,133,24,5.272,False,5.83,14.1
xc_XC842494_007,xc,XC842494,17.32208616780045,17.571700680272105,249,-1,5.933,False,5.5,13.04
xc_XC842494_008,xc,XC842494,17.89097505668934,18.099954648526072,208,-1,6.348,True,5.48,12.71
xc_XC842494_009,xc,XC842494,22.534965986394557,22.581405895691606,46,-1,7.091,True,-0.13,8.48
xc_XC842494_010,xc,XC842494,22.72072562358276,22.772970521541943,52,-1,6.507,True,-0.15,6.19
xc_XC842494_011,xc,XC842494,23.27800453514739,23.39410430839002,116,24,5.161,False,5.63,13.86
xc_XC842494_012,xc,XC842494,23.510204081632647,23.649523809523807,139,-1,5.321,False,5.06,13.38
xc_XC842494_013,xc,XC842494,23.88172335600907,23.97460317460317,92,33,7.305,True,7.43,10.47
xc_XC842494_014,xc,XC842494,24.067482993197277,24.13714285714285,69,-1,7.276,True,5.58,13.27
xc_XC842494_015,xc,XC842494,24.54929705215419,24.711836734693872,162,-1,5.855,False,5.6,12.97
xc_XC842494_016,xc,XC842494,33.959183673469376,34.05206349206348,92,24,6.077,False,5.82,14.07
xc_XC842494_017,xc,XC842494,34.49324263038548,34.58031746031745,87,15,7.643,True,7.08,12.26
xc_XC842719_000,xc,XC842719,0.8591383219954648,0.9520181405895692,92,41,4.49,False,-2.72,8.8
xc_XC842719_001,xc,XC842719,1.0681179138321997,1.1377777777777778,69,49,4.4,False,-1.77,5.88
xc_XC842719_002,xc,XC842719,1.2770975056689342,1.3467573696145123,69,47,6.156,True,0.6,5.01
xc_XC842719_003,xc,XC842719,1.3931972789115643,1.6021768707482993,208,49,4.305,False,0.34,7.93
xc_XC842719_004,xc,XC842719,1.712471655328798,1.8053514739229024,92,-1,6.115,False,3.3,5.99
xc_XC842719_005,xc,XC842719,1.8517913832199544,2.0839909297052155,232,-1,4.177,False,2.82,5.77
xc_XC842719_006,xc,XC842719,2.1304308390022677,2.316190476190476,185,49,4.586,False,1.4,7.55
xc_XC842719_007,xc,XC842719,2.40907029478458,2.455510204081633,46,49,5.245,False,-1.55,6.33
xc_XC842719_008,xc,XC842719,2.5716099773242638,2.63546485260771,63,-1,7.001,True,0.92,13.36
xc_XC842719_009,xc,XC842719,2.658684807256236,2.681904761904762,23,-1,4.782,False,-2.03,5.84
xc_XC842719_010,xc,XC842719,8.028299319727891,8.051519274376417,23,41,4.374,False,-1.63,7.86
xc_XC842719_011,xc,XC842719,8.167619047619048,8.190839002267573,23,49,3.375,False,-1.99,5.04
xc_XC842719_012,xc,XC842719,8.55655328798186,8.672653061224489,116,24,5.921,False,2.67,14.64
xc_XC842719_013,xc,XC842719,8.742312925170069,8.788752834467122,46,49,4.812,False,-1.61,4.75
xc_XC842719_014,xc,XC842719,8.951292517006802,9.253151927437642,301,-1,4.671,False,-0.89,10.36
xc_XC842719_015,xc,XC842719,9.409886621315191,9.433106575963718,23,49,4.634,False,-1.84,5.4
xc_XC842719_016,xc,XC842719,9.694331065759638,9.763990929705214,69,-1,5.803,False,-1.04,3.75
xc_XC842719_017,xc,XC842719,10.00780045351474,10.1297052154195,121,37,4.864,False,7.25,4.33
xc_XC842719_018,xc,XC842719,10.65795918367347,10.681179138321996,23,49,3.568,False,-1.82,4.85
xc_XC842719_019,xc,XC842719,10.866938775510205,10.89015873015873,23,49,3.424,False,-2.05,4.77
xc_XC842719_020,xc,XC842719,11.099138321995463,11.168798185941045,69,49,4.517,False,-0.28,7.25
xc_XC842719_021,xc,XC842719,11.238458049886622,11.447437641723356,208,45,5.047,False,2.78,6.53
xc_XC842719_022,xc,XC842719,11.563537414965984,11.65641723356009,92,8,5.187,False,1.97,-0.53
xc_XC842719_023,xc,XC842719,11.749297052154196,11.836371882086167,87,-1,7.03,True,0.13,9.28
xc_XC842719_024,xc,XC842719,11.935056689342405,12.07437641723356,139,8,4.242,False,1.44,-2.0
xc_XC842719_025,xc,XC842719,12.18467120181406,12.393650793650794,208,38,5.623,False,4.96,5.12
xc_XC842719_026,xc,XC842719,12.445895691609978,12.625850340136054,179,5,4.815,False,2.12,8.02
xc_XC842719_027,xc,XC842719,12.672290249433107,12.782585034013604,110,-1,6.051,False,0.76,10.06
xc_XC842719_028,xc,XC842719,12.945124716553288,13.136689342403628,191,8,4.055,False,2.04,-1.55
xc_XC842719_029,xc,XC842719,13.270204081632654,13.45596371882086,185,32,4.82,False,0.02,9.71
xc_XC842719_030,xc,XC842719,13.548843537414967,13.734603174603174,185,24,5.308,False,2.38,14.19
xc_XC842719_031,xc,XC842719,13.850702947845804,13.94358276643991,92,7,4.393,False,-5.3,5.66
xc_XC842719_032,xc,XC842719,14.013242630385488,14.268662131519273,255,8,5.22,False,1.0,-2.23
xc_XC842719_033,xc,XC842719,14.425396825396826,14.611156462585033,185,5,5.412,False,3.47,4.56
xc_XC842719_034,xc,XC842719,14.727256235827664,14.779501133786848,52,-1,7.151,True,0.71,4.84
xc_XC842719_035,xc,XC842719,14.9362358276644,14.959455782312926,23,-1,4.928,False,-1.53,5.08
xc_XC842719_036,xc,XC842719,18.61079365079365,18.773333333333333,162,6,4.74,False,-5.38,9.43
xc_XC842719_037,xc,XC842719,18.93587301587301,19.05197278911565,116,8,4.811,False,1.8,-1.84
xc_XC842719_038,xc,XC842719,19.075192743764173,19.13904761904762,63,8,6.17,True,1.98,-1.26
xc_XC842719_039,xc,XC842719,19.77179138321996,19.8356462585034,63,-1,5.973,False,0.07,6.66
xc_XC842719_040,xc,XC842719,21.199818594104308,21.223038548752832,23,49,4.238,False,-1.85,4.59
xc_XC842719_041,xc,XC842719,21.339138321995467,21.36235827664399,23,49,3.938,False,-2.1,4.86
xc_XC842719_042,xc,XC842719,21.63519274376417,21.873197278911565,238,-1,5.347,False,3.24,11.82
xc_XC842719_043,xc,XC842719,22.22149659863945,22.308571428571423,87,49,5.112,False,0.06,6.23
xc_XC842719_044,xc,XC842719,22.40145124716553,22.517551020408163,116,49,4.55,False,0.47,7.09
xc_XC842719_045,xc,XC842719,22.70331065759637,22.819410430839003,116,8,3.917,False,1.24,-1.9
xc_XC842719_046,xc,XC842719,22.952925170068024,23.051609977324265,98,49,4.215,False,-0.33,7.45
xc_XC842719_047,xc,XC842719,26.470748299319727,26.58684807256236,116,8,5.195,False,1.12,-1.86
xc_XC842719_048,xc,XC842719,30.627120181405896,30.812879818594105,185,8,3.966,False,1.44,-1.48
xc_XC842719_049,xc,XC842719,31.642993197278912,31.759092970521543,116,-1,5.487,False,4.36,5.88
xc_XC842719_050,xc,XC842719,31.782312925170068,32.113197278911564,330,-1,3.932,False,3.38,5.84
xc_XC842719_051,xc,XC842719,32.22349206349207,32.4324716553288,208,-1,7.339,True,3.6,6.99
xc_XC842719_052,xc,XC842719,43.3168253968254,43.45614512471656,139,8,4.485,False,2.1,-0.58
xc_XC842719_053,xc,XC842719,43.827664399092974,43.85088435374149,23,49,2.958,False,-2.52,5.27
xc_XC842719_054,xc,XC842719,43.89732426303855,43.92054421768707,23,49,4.128,False,-1.8,4.55
xc_XC842719_055,xc,XC842719,44.199183673469385,44.361723356009065,162,-1,4.24,False,3.03,4.91
xc_XC842719_056,xc,XC842719,44.56489795918368,44.657777777777774,92,49,4.582,False,-0.56,7.28
xc_XC842719_057,xc,XC842719,44.756462585034015,44.87256235827664,116,-1,6.907,True,2.29,5.45
xc_XC842719_058,xc,XC842719,45.39501133786848,45.46467120181406,69,-1,4.251,False,-1.03,3.82
xc_XC842719_059,xc,XC842719,45.58077097505669,45.81297052154195,232,-1,4.472,False,3.46,6.04
xc_XC842719_060,xc,XC842719,46.04517006802721,46.18448979591837,139,49,4.723,False,1.08,8.26
xc_XC842719_061,xc,XC842719,46.32380952380953,46.393469387755104,69,-1,5.86,False,-0.78,6.64
xc_XC842719_062,xc,XC842719,46.48634920634921,46.60244897959184,116,49,4.279,False,0.54,7.87
xc_XC842719_063,xc,XC842719,46.69532879818594,46.741768707483,46,49,6.368,True,-0.21,7.25
xc_XC842719_064,xc,XC842719,46.9275283446712,47.01460317460317,87,24,6.351,True,-0.07,8.95
xc_XC842719_065,xc,XC842719,47.15392290249433,47.27582766439909,121,48,5.976,False,-2.68,7.18
xc_XC842719_066,xc,XC842719,47.4790022675737,47.78086167800453,301,49,3.604,False,1.22,7.93
xc_XC842719_067,xc,XC842719,47.96662131519275,48.24526077097506,278,-1,5.194,False,1.76,7.38
xc_XC842719_068,xc,XC842719,48.378775510204086,48.65741496598639,278,41,4.917,False,-1.55,9.62
xc_XC842719_069,xc,XC842719,48.79673469387755,49.092789115646255,296,-1,4.557,False,4.11,6.11
xc_XC842719_070,xc,XC842719,49.191473922902496,49.53977324263038,348,-1,4.212,False,2.46,8.47
xc_XC842719_071,xc,XC842719,49.67909297052154,49.74294784580498,63,7,6.829,True,-5.32,5.67
xc_XC842719_072,xc,XC842719,49.78938775510204,50.0390022675737,249,-1,4.277,False,0.48,13.46
xc_XC842719_073,xc,XC842719,50.10866213151928,50.317641723356,208,8,3.854,False,1.37,-1.73
xc_XC842719_074,xc,XC842719,50.41052154195011,50.758820861678,348,49,4.033,False,1.52,8.05
xc_XC842719_075,xc,XC842719,50.87492063492064,50.89814058956916,23,49,3.267,False,-2.13,5.06
xc_XC842719_076,xc,XC842719,50.944580498866216,51.26965986394558,325,49,4.292,False,1.05,8.3
xc_XC842719_077,xc,XC842719,51.31609977324264,51.47863945578232,162,8,5.034,False,0.64,8.0
xc_XC842719_078,xc,XC842719,51.54829931972789,51.78049886621315,232,41,3.451,False,-1.53,9.27
xc_XC842719_079,xc,XC842719,51.89659863945578,52.03011337868481,133,48,4.555,False,-2.9,7.13
xc_XC842719_080,xc,XC842719,52.3784126984127,52.5815873015873,203,21,4.811,False,3.16,10.75
xc_XC842719_081,xc,XC842719,53.14467120181406,53.27818594104309,133,-1,4.618,False,0.98,7.99
xc_XC842719_082,xc,XC842719,56.099410430839,56.14585034013605,46,-1,5.769,False,-1.16,4.14
xc_XC842719_083,xc,XC842719,56.8366439909297,56.88888888888889,52,47,4.992,False,0.06,4.01
xc_XC842719_084,xc,XC842719,57.05142857142857,57.12108843537415,69,7,4.4,False,-5.05,5.68
xc_XC842719_085,xc,XC842719,57.213968253968254,57.39972789115647,185,41,3.505,False,-1.39,9.09
xc_XC842719_086,xc,XC842719,58.24725623582766,58.38657596371882,139,24,4.443,False,-0.61,7.89
xc_XC842719_087,xc,XC842719,58.68843537414966,58.73487528344671,46,49,4.745,False,-2.24,5.09
xc_XC842719_088,xc,XC842719,58.75809523809524,58.78131519274376,23,49,4.852,False,-1.79,5.17
xc_XC842719_089,xc,XC842719,58.82775510204081,58.87419501133787,46,49,4.754,False,-2.04,4.71
xc_XC842719_090,xc,XC842719,58.89741496598639,58.94385487528345,46,49,5.915,False,-0.61,5.49
xc_XC842719_091,xc,XC842719,59.013514739229024,59.22249433106576,208,49,4.648,False,1.24,8.23
xc_XC842719_092,xc,XC842719,59.31537414965987,59.71011337868481,394,-1,4.597,False,4.37,5.54
xc_XC842719_093,xc,XC842719,59.820408163265306,59.913287981859405,92,49,4.168,False,-0.94,5.04
xc_XC842719_094,xc,XC842719,64.56308390022676,64.70240362811792,139,26,5.978,False,5.27,9.22
xc_XC842719_095,xc,XC842719,65.1609977324263,65.22485260770975,63,47,5.721,False,0.94,4.18
xc_XC842719_096,xc,XC842719,66.06077097505668,66.40907029478458,348,49,5.534,False,0.23,9.67
xc_XC842719_097,xc,XC842719,71.09950113378684,71.44780045351473,348,8,5.374,False,2.86,-1.44
xc_XC842719_098,xc,XC842719,72.21405895691609,72.44045351473923,226,26,6.439,True,5.12,9.04
xc_XC842719_099,xc,XC842719,73.0441723356009,73.29378684807256,249,47,6.955,True,-0.28,2.47
xc_XC842719_100,xc,XC842719,73.43310657596372,73.59564625850341,162,8,4.63,False,1.58,-1.9
xc_XC842719_101,xc,XC842719,73.92072562358277,74.15292517006803,232,6,6.883,True,-6.24,9.09
xc_XC842719_102,xc,XC842719,74.75083900226757,74.9598185941043,208,6,7.149,True,-0.6,2.62
xc_XC842719_103,xc,XC842719,76.39365079365079,76.48653061224489,92,49,5.27,False,0.44,7.5
xc_XC842719_104,xc,XC842719,76.60263038548753,76.80580498866213,203,24,5.593,False,0.7,13.87
xc_XC842719_105,xc,XC842719,76.85804988662132,77.01478458049885,156,-1,6.636,True,0.98,8.81
xc_XC842719_106,xc,XC842719,77.27020408163264,77.3166439909297,46,8,7.853,True,-2.22,6.41
xc_XC842719_107,xc,XC842719,78.05968253968254,78.10612244897959,46,-1,7.251,True,-0.65,5.37
xc_XC842719_108,xc,XC842719,78.88979591836735,78.91301587301588,23,49,4.795,False,-1.6,5.29
xc_XC842719_109,xc,XC842719,79.81278911564625,79.83600907029478,23,49,4.733,False,-2.1,5.03
xc_XC842719_110,xc,XC842719,79.90566893424035,80.1146485260771,208,22,5.727,False,6.51,6.09
xc_XC842719_111,xc,XC842719,84.66575963718822,84.7180045351474,52,49,4.394,False,-1.32,5.38
xc_XC842719_112,xc,XC842719,90.85968253968254,91.04544217687076,185,8,3.633,False,1.58,-1.64
xc_XC842719_113,xc,XC842719,93.93632653061223,94.00598639455782,69,49,4.81,False,-2.0,5.98
xc_XC842719_114,xc,XC842719,94.0930612244898,94.1685260770975,75,7,4.352,False,-4.87,5.61
xc_XC842719_115,xc,XC842719,94.20916099773244,94.40072562358276,191,-1,5.503,False,2.88,10.09
xc_XC842719_116,xc,XC842719,94.44136054421767,94.65034013605442,208,18,4.604,False,1.29,15.11
xc_XC842719_117,xc,XC842719,94.67936507936508,94.85931972789116,179,10,6.806,True,-1.93,13.03
xc_XC842719_118,xc,XC842719,94.88253968253969,94.99283446712018,110,23,6.692,True,5.04,14.41
xc_XC842719_119,xc,XC842719,95.06829931972788,95.29469387755104,226,33,7.011,True,7.38,9.31
xc_XC842719_120,xc,XC842719,95.34113378684808,95.4572335600907,116,33,6.554,True,7.49,10.5
xc_XC842719_121,xc,XC842719,95.50947845804988,95.6197732426304,110,-1,6.838,True,6.16,13.65
xc_XC842722_000,xc,XC842722,0.023219954648526,0.2786394557823129,255,45,4.596,False,2.32,6.69
xc_XC842722_001,xc,XC842722,2.316190476190476,2.339410430839002,23,49,2.729,False,-2.14,5.4
xc_XC842722_002,xc,XC842722,2.385850340136054,2.40907029478458,23,49,2.875,False,-2.32,5.11
xc_XC842722_003,xc,XC842722,2.4555102040816323,2.478730158730158,23,49,3.153,False,-2.11,5.0
xc_XC842722_004,xc,XC842722,2.8502494331065757,3.146303854875283,296,49,4.376,False,1.26,7.57
xc_XC842722_005,xc,XC842722,3.471383219954648,3.703582766439909,232,-1,5.837,False,6.56,12.25
xc_XC842722_006,xc,XC842722,7.906394557823128,8.138594104308389,232,-1,6.069,False,3.68,9.61
xc_XC842722_007,xc,XC842722,8.370793650793651,8.440453514739227,69,-1,7.709,True,0.76,6.77
xc_XC842722_008,xc,XC842722,9.02095238095238,9.044172335600908,23,49,3.395,False,-1.8,5.53
xc_XC842722_009,xc,XC842722,9.090612244897958,9.13705215419501,46,49,5.704,False,-0.55,6.94
xc_XC842722_010,xc,XC842722,9.36925170068027,9.40988662131519,40,-1,4.134,False,-1.58,5.14
xc_XC842722_011,xc,XC842722,11.029478458049883,11.052698412698412,23,49,3.988,False,-1.79,5.13
xc_XC842722_012,xc,XC842722,11.81315192743764,12.027936507936506,214,8,3.995,False,1.28,-0.54
xc_XC842722_013,xc,XC842722,13.229569160997729,13.409523809523808,179,7,4.1,False,-5.41,5.78
xc_XC842722_014,xc,XC842722,13.45596371882086,13.664943310657597,208,-1,5.2,False,2.11,8.68
xc_XC842722_015,xc,XC842722,13.827482993197275,13.990022675736958,162,-1,6.031,False,6.2,12.74
xc_XC842722_016,xc,XC842722,14.216417233560088,14.309297052154191,92,-1,6.647,True,6.1,13.47
xc_XC842722_017,xc,XC842722,14.431201814058957,14.524081632653058,92,-1,6.398,True,3.04,9.5
xc_XC842722_018,xc,XC842722,14.611156462585033,14.79691609977324,185,-1,5.64,False,1.54,7.28
xc_XC842722_019,xc,XC842722,14.889795918367344,15.000090702947844,110,-1,5.975,False,0.37,9.31
xc_XC842722_020,xc,XC842722,15.06975056689342,15.238095238095235,168,-1,6.163,True,1.59,5.62
xc_XC842722_021,xc,XC842722,15.307755102040812,15.44707482993197,139,37,5.373,False,7.95,4.46
xc_XC842722_022,xc,XC842722,15.534149659863942,15.650249433106572,116,-1,5.678,False,1.2,9.11
xc_XC842722_023,xc,XC842722,15.743129251700676,15.952108843537411,208,45,6.178,True,2.78,6.74
xc_XC842722_024,xc,XC842722,17.014421768707482,17.31628117913832,301,49,5.564,False,1.82,8.41
xc_XC842722_025,xc,XC842722,17.43818594104308,17.61814058956916,179,8,5.577,False,1.51,-2.56
xc_XC842722_026,xc,XC842722,17.896780045351473,18.00707482993197,110,-1,4.956,False,0.07,4.98
xc_XC842722_027,xc,XC842722,18.15219954648526,18.35537414965986,203,8,4.137,False,1.45,-0.64
xc_XC842722_028,xc,XC842722,19.33061224489796,19.35383219954648,23,49,3.574,False,-2.26,4.96
xc_XC842722_029,xc,XC842722,19.586031746031743,19.79501133786848,208,21,4.169,False,2.93,10.21
xc_XC842722_030,xc,XC842722,19.95174603174603,20.10848072562358,156,7,4.189,False,-5.35,5.74
xc_XC842722_031,xc,XC842722,20.34068027210884,20.619319727891156,278,5,5.132,False,2.83,4.25
xc_XC842722_032,xc,XC842722,20.80507936507936,20.87473922902494,69,-1,6.997,True,6.12,13.25
xc_XC842722_033,xc,XC842722,20.921179138321992,21.037278911564623,116,-1,5.847,False,0.96,9.87
xc_XC842722_034,xc,XC842722,21.15337868480725,21.29269841269841,139,8,5.417,False,1.25,-2.27
xc_XC842722_035,xc,XC842722,21.362358276643988,21.478458049886616,116,-1,5.853,False,0.85,8.87
xc_XC842722_036,xc,XC842722,21.68163265306122,21.890612244897955,208,49,5.51,False,1.68,8.39
xc_XC842722_037,xc,XC842722,22.33179138321995,22.40725623582766,75,41,6.042,False,-1.58,8.71
xc_XC842722_038,xc,XC842722,23.649523809523807,23.71918367346938,69,-1,4.7,False,-0.69,5.02
xc_XC842722_039,xc,XC842722,24.13714285714285,24.177777777777774,40,49,3.058,False,-1.9,4.81
xc_XC842722_040,xc,XC842722,25.083356009070293,25.263310657596367,179,-1,5.804,False,5.98,13.03
xc_XC842722_041,xc,XC842722,25.57097505668934,25.71029478458049,139,24,5.853,False,5.72,13.68
xc_XC842722_042,xc,XC842722,25.72770975056689,25.779954648526072,52,-1,5.542,False,-1.3,4.76
xc_XC842722_043,xc,XC842722,26.331428571428567,26.517188208616776,185,10,3.794,False,-1.4,10.94
xc_XC842722_044,xc,XC842722,26.6507029478458,26.84226757369614,191,21,4.708,False,3.54,10.32
xc_XC842722_045,xc,XC842722,28.78113378684807,28.966893424036275,185,8,3.804,False,1.32,-0.56
xc_XC842722_046,xc,XC842722,29.611247165532877,29.657687074829926,46,49,5.223,False,-1.66,4.55
xc_XC842722_047,xc,XC842722,29.709931972789114,29.75637188208616,46,49,3.329,False,-2.05,4.92
xc_XC842722_048,xc,XC842722,30.493605442176865,30.58068027210884,87,41,4.814,False,-2.64,8.6
xc_XC842722_049,xc,XC842722,30.725804988662127,31.04507936507936,319,49,4.883,False,1.22,8.11
xc_XC842722_050,xc,XC842722,31.114739229024934,31.254058956916094,139,49,5.667,False,1.86,8.33
xc_XC842722_051,xc,XC842722,31.32371882086167,31.46303854875283,139,-1,6.116,False,3.22,5.91
xc_XC842722_052,xc,XC842722,31.486258503401352,31.50947845804988,23,49,4.95,False,-2.46,4.38
xc_XC842722_053,xc,XC842722,32.17705215419501,32.246712018140585,69,49,7.526,True,0.69,6.88
xc_XC842722_054,xc,XC842722,33.26839002267573,33.37868480725623,110,10,5.224,False,-1.53,10.81
xc_XC842722_055,xc,XC842722,34.05206349206348,34.075283446712014,23,49,4.556,False,-2.03,4.55
xc_XC842722_056,xc,XC842722,34.13913832199546,34.30748299319727,168,8,4.341,False,1.32,-1.53
xc_XC842722_057,xc,XC842722,35.04471655328798,35.11437641723356,69,49,4.184,False,-1.64,4.8
xc_XC842722_058,xc,XC842722,35.87482993197278,36.269569160997726,394,49,3.48,False,1.47,7.63
xc_XC842722_059,xc,XC842722,36.63528344671201,36.82684807256235,191,24,6.184,True,6.53,12.46
xc_XC842722_060,xc,XC842722,37.169342403628114,37.24480725623582,75,29,6.781,True,6.4,13.09
xc_XC842722_061,xc,XC842722,38.02267573696144,38.20843537414965,185,23,4.828,False,5.13,14.01
xc_XC842722_062,xc,XC842722,40.501405895691605,40.70458049886621,203,-1,6.035,False,5.69,12.84
xc_XC842722_063,xc,XC842722,40.96,41.145759637188206,185,-1,5.618,False,5.66,13.07
xc_XC842722_064,xc,XC842722,41.679818594104304,41.92943310657596,249,10,3.594,False,-2.52,12.22
xc_XC842722_065,xc,XC842722,42.05133786848072,42.27773242630385,226,21,4.95,False,3.91,10.45
xc_XC842722_066,xc,XC842722,42.858231292517,42.94530612244897,87,49,3.329,False,-1.6,5.55
xc_XC842722_067,xc,XC842722,45.65043083900226,45.76653061224489,116,-1,5.833,False,2.98,9.8
xc_XC842722_068,xc,XC842722,50.758820861678,50.99102040816325,232,24,5.369,False,6.17,13.06
xc_XC842722_069,xc,XC842722,52.22167800453514,52.33197278911564,110,10,4.755,False,-1.46,11.09
xc_XC842723_000,xc,XC842723,9.55501133786848,9.601451247165532,46,49,3.875,False,-1.3,5.06
xc_XC842723_001,xc,XC842723,9.694331065759636,9.740770975056687,46,-1,5.154,False,0.4,4.79
xc_XC842723_002,xc,XC842723,9.874285714285712,9.920725623582763,46,-1,5.52,False,-0.24,4.78
xc_XC842723_003,xc,XC842723,11.74349206349206,11.795736961451244,52,-1,4.613,False,-0.81,4.46
xc_XC842723_004,xc,XC842723,11.911836734693876,11.958276643990928,46,49,3.575,False,-1.31,4.98
xc_XC842723_005,xc,XC842723,12.091791383219952,12.138231292517004,46,-1,4.803,False,-1.07,4.93
xc_XC842723_006,xc,XC842723,12.23111111111111,12.27755102040816,46,49,4.275,False,-1.28,5.08
xc_XC842723_007,xc,XC842723,12.393650793650792,12.440090702947844,46,49,4.887,False,-0.35,4.91
xc_XC842723_008,xc,XC842723,13.873922902494328,13.897142857142857,23,49,4.235,False,-1.61,4.66
xc_XC842723_009,xc,XC842723,14.45442176870748,14.495056689342402,40,-1,3.502,False,-1.91,4.61
xc_XC842723_010,xc,XC842723,14.616961451247164,14.68662131519274,69,-1,5.03,False,0.15,4.48
xc_XC842723_011,xc,XC842723,14.779501133786846,14.849160997732424,69,-1,4.461,False,-0.65,4.56
xc_XC842723_012,xc,XC842723,15.928888888888888,15.998548752834465,69,40,4.965,False,1.34,5.42
xc_XC842723_013,xc,XC842723,16.114648526077094,16.184308390022675,69,-1,5.032,False,0.36,4.93
xc_XC842723_014,xc,XC842723,16.300408163265303,16.37006802721088,69,-1,5.465,False,-0.62,4.92
xc_XC842723_015,xc,XC842723,16.462947845804987,16.509387755102036,46,-1,5.027,False,-0.63,4.92
xc_XC842723_016,xc,XC842723,16.625487528344667,16.69514739229025,69,-1,4.835,False,0.78,5.23
xc_XC842723_017,xc,XC842723,16.811247165532876,16.880907029478454,69,-1,4.624,False,0.19,4.8
xc_XC842723_018,xc,XC842723,16.97378684807256,17.043446712018135,69,-1,4.798,False,-0.83,4.87
xc_XC842723_019,xc,XC842723,17.15954648526077,17.24662131519274,87,-1,4.52,False,0.14,5.5
xc_XC842723_020,xc,XC842723,17.32208616780045,17.40916099773242,87,40,5.688,False,1.3,5.72
xc_XC842723_021,xc,XC842723,18.26249433106576,18.30893424036281,46,-1,4.506,False,-1.13,4.8
xc_XC842723_022,xc,XC842723,18.49469387755102,18.564353741496596,69,47,5.41,False,0.13,3.9
xc_XC842723_023,xc,XC842723,18.72689342403628,18.77333333333333,46,-1,4.061,False,-1.24,4.85
xc_XC842723_024,xc,XC842723,18.91265306122449,19.005532879818592,92,-1,4.739,False,0.24,4.82
xc_XC842723_025,xc,XC842723,19.12163265306122,19.1912925170068,69,-1,5.427,False,0.12,4.73
xc_XC842723_026,xc,XC842723,19.33061224489796,19.40027210884353,69,40,5.976,False,1.38,5.48
xc_XC842723_027,xc,XC842723,19.516371882086165,19.603446712018137,87,-1,6.314,True,0.73,5.09
xc_XC842723_028,xc,XC842723,19.771791383219952,19.79501133786848,23,-1,4.873,False,-1.52,4.69
xc_XC842723_029,xc,XC842723,19.934331065759636,19.969160997732423,34,49,3.15,False,-1.77,5.01
xc_XC842723_030,xc,XC842723,21.5481179138322,21.59455782312925,46,49,6.024,False,-0.73,5.18
xc_XC842723_031,xc,XC842723,26.58684807256235,26.67392290249433,87,40,5.238,False,1.27,5.39
xc_XC842723_032,xc,XC842723,26.865487528344666,26.935147392290244,69,-1,5.021,False,-0.33,4.62
xc_XC842723_033,xc,XC842723,27.097687074829928,27.13832199546485,40,-1,4.036,False,-1.37,5.2
xc_XC842723_034,xc,XC842723,27.353106575963714,27.376326530612243,23,49,2.801,False,-1.9,5.25
xc_XC842723_035,xc,XC842723,27.42276643990929,27.480816326530608,58,40,5.586,False,1.6,5.63
xc_XC842723_036,xc,XC842723,28.432834467120177,28.525714285714283,92,-1,4.925,False,0.38,4.92
xc_XC842723_037,xc,XC842723,28.618594104308382,28.688253968253964,69,-1,5.31,False,0.57,5.02
xc_XC842723_038,xc,XC842723,28.804353741496595,28.874013605442173,69,-1,5.076,False,0.18,5.1
xc_XC842723_039,xc,XC842723,28.966893424036275,29.082993197278903,116,45,4.882,False,2.22,6.35
xc_XC842723_040,xc,XC842723,29.146848072562356,29.24553287981859,98,49,5.824,False,0.19,4.36
xc_XC842723_041,xc,XC842723,29.338412698412693,29.47192743764172,133,45,4.491,False,2.41,6.42
xc_XC842723_042,xc,XC842723,29.617052154195008,29.70412698412698,87,-1,4.78,False,0.29,4.84
xc_XC842723_043,xc,XC842723,29.820226757369607,29.93632653061224,116,-1,4.476,False,1.07,5.44
xc_XC842723_044,xc,XC842723,30.191746031746028,30.255600907029475,63,49,6.315,True,-0.5,5.05
xc_XC842723_045,xc,XC842723,30.371700680272102,30.423945578231287,52,-1,5.327,False,-0.48,4.85
xc_XC842723_046,xc,XC842723,30.534240362811783,30.603900226757364,69,-1,4.544,False,-0.09,4.68
xc_XC842723_047,xc,XC842723,31.04507936507936,31.16117913832199,116,8,5.233,False,2.29,3.89
xc_XC842723_048,xc,XC842723,31.439818594104302,31.555918367346933,116,8,5.038,False,1.19,-1.62
xc_XC842723_049,xc,XC842723,31.695238095238093,31.85197278911564,156,8,4.899,False,0.88,-1.61
xc_XC842723_050,xc,XC842723,31.89841269841269,31.973877551020404,75,40,5.529,False,1.88,6.12
xc_XC842723_051,xc,XC842723,32.08997732426303,32.15963718820861,69,-1,4.968,False,0.59,5.46
xc_XC842723_052,xc,XC842723,32.293151927437634,32.36861678004535,75,-1,4.947,False,0.13,4.9
xc_XC842723_053,xc,XC842723,32.687891156462584,32.7285260770975,40,-1,4.419,False,-1.42,5.04
xc_XC842723_054,xc,XC842723,32.867845804988654,32.92009070294784,52,49,5.151,False,-0.06,5.02
xc_XC842723_055,xc,XC842723,33.030385487528335,33.10585034013605,75,-1,5.67,False,0.61,5.03
xc_XC842723_056,xc,XC842723,33.23936507936507,33.309024943310654,69,-1,5.527,False,0.25,4.8
xc_XC842723_057,xc,XC842723,33.866303854875284,33.91274376417233,46,-1,5.538,False,-0.66,5.07
xc_XC842723_058,xc,XC842723,34.49324263038548,34.53968253968254,46,-1,4.512,False,-1.03,4.68
xc_XC842723_059,xc,XC842723,35.11437641723356,35.16081632653061,46,49,3.464,False,-1.41,5.07
xc_XC842723_060,xc,XC842723,35.340770975056685,35.387210884353735,46,-1,3.898,False,-1.15,4.52
xc_XC842723_061,xc,XC842723,35.64843537414965,35.712290249433096,63,40,6.412,True,1.43,5.44
xc_XC842723_062,xc,XC842723,35.89804988662131,35.92126984126984,23,49,3.365,False,-1.95,4.45
xc_XC842723_063,xc,XC842723,36.22312925170068,36.2463492063492,23,-1,4.272,False,-1.52,5.0
xc_XC842723_064,xc,XC842723,37.03582766439909,37.15192743764172,116,40,5.145,False,1.47,5.38
xc_XC842723_065,xc,XC842723,37.68018140589569,37.79628117913831,116,-1,4.737,False,0.99,4.93
xc_XC842723_066,xc,XC842723,37.91238095238095,38.02267573696144,110,-1,5.284,False,0.78,5.02
xc_XC842723_067,xc,XC842723,38.09233560090703,38.214240362811786,121,-1,4.554,False,1.02,5.01
xc_XC842723_068,xc,XC842723,38.32453514739228,38.41741496598639,92,-1,4.913,False,-0.74,4.93
xc_XC842723_069,xc,XC842723,38.48707482993197,38.603174603174594,116,-1,4.581,False,0.67,5.33
xc_XC842723_070,xc,XC842723,38.6960544217687,38.788934240362806,92,-1,4.629,False,0.91,5.31
xc_XC842723_071,xc,XC842723,38.90503401360544,38.99791383219954,92,-1,5.42,False,0.24,5.02
xc_XC842723_072,xc,XC842723,39.06757369614512,39.22430839002267,156,-1,5.047,False,2.23,6.12
xc_XC842723_073,xc,XC842723,39.31718820861678,39.41587301587301,98,47,5.085,False,0.62,4.54
xc_XC842723_074,xc,XC842723,39.52616780045351,39.66548752834467,139,-1,4.653,False,0.71,4.67
xc_XC842723_075,xc,XC842723,40.147301587301584,40.19374149659863,46,49,6.399,True,0.27,5.7
xc_XC842723_076,xc,XC842723,40.63492063492063,40.73360544217687,98,-1,5.263,False,0.54,4.83
xc_XC842723_077,xc,XC842723,40.86712018140589,40.96,92,-1,4.976,False,0.3,4.75
xc_XC842723_078,xc,XC842723,41.07609977324263,41.19219954648525,116,-1,4.611,False,0.64,4.49
xc_XC842723_079,xc,XC842723,41.30829931972789,41.49405895691609,185,8,4.325,False,1.31,-1.3
xc_XC842723_080,xc,XC842723,41.650793650793645,41.7726984126984,121,47,4.312,False,1.22,5.19
xc_XC842723_081,xc,XC842723,41.86557823129251,42.00489795918367,139,-1,3.907,False,0.5,5.22
xc_XC842723_082,xc,XC842723,42.19065759637188,42.25451247165532,63,40,5.745,False,0.87,5.68
xc_XC842723_083,xc,XC842723,42.875646258503394,42.99755102040816,121,40,5.324,False,1.67,5.57
xc_XC842723_084,xc,XC842723,43.13106575963718,43.22394557823129,92,47,4.729,False,0.29,4.49
xc_XC842723_085,xc,XC842723,43.316825396825394,43.43292517006802,116,-1,4.45,False,0.37,4.95
xc_XC842723_086,xc,XC842723,43.5954648526077,43.711564625850336,116,8,4.797,False,1.23,-1.61
xc_XC842723_087,xc,XC842723,43.80444444444444,43.94376417233559,139,45,4.986,False,2.81,6.53
xc_XC842723_088,xc,XC842723,44.05986394557822,44.1469387755102,87,-1,6.589,True,0.47,5.2
xc_XC842723_089,xc,XC842723,44.26303854875282,44.425578231292505,162,31,4.41,False,3.48,6.44
xc_XC842723_090,xc,XC842723,44.524263038548746,44.64036281179138,116,-1,4.468,False,0.45,5.06
xc_XC842723_091,xc,XC842723,44.75065759637187,44.80290249433106,52,-1,5.266,False,0.3,4.63
xc_XC842723_092,xc,XC842723,45.33115646258503,45.37759637188208,46,49,5.31,False,-1.01,4.82
xc_XC842723_093,xc,XC842723,45.51691609977323,45.60979591836734,92,-1,4.682,False,0.15,4.77
xc_XC842723_094,xc,XC842723,45.99873015873015,46.02195011337868,23,49,2.759,False,-2.06,4.77
xc_XC842723_095,xc,XC842723,46.23092970521542,46.30058956916099,69,-1,5.434,False,0.57,4.76
xc_XC842723_096,xc,XC842723,46.43990929705215,46.46312925170067,23,49,3.309,False,-1.59,5.26
xc_XC842723_097,xc,XC842723,46.55600907029478,46.64308390022676,87,49,5.825,False,0.57,4.64
xc_XC842723_098,xc,XC842723,46.76498866213151,46.82884353741496,63,-1,5.831,False,0.55,4.95
xc_XC842723_099,xc,XC842723,47.01460317460317,47.10748299319727,92,-1,4.54,False,0.8,5.2
xc_XC842723_100,xc,XC842723,47.52544217687074,47.61251700680271,87,-1,5.373,False,-0.12,5.37
xc_XC842723_101,xc,XC842723,47.72861678004534,47.7750566893424,46,-1,5.3,False,-0.66,4.56
xc_XC842723_102,xc,XC842723,48.727074829931965,48.796734693877546,69,-1,5.213,False,0.5,5.15
xc_XC842723_103,xc,XC842723,49.37142857142857,49.44108843537414,69,-1,5.871,False,0.63,4.88
xc_XC842723_104,xc,XC842723,49.88807256235827,49.9693424036281,81,40,6.599,True,1.41,5.5
xc_XC842723_105,xc,XC842723,50.13188208616779,50.22476190476189,92,45,5.36,False,2.21,6.26
xc_XC842723_106,xc,XC842723,50.32344671201813,50.41632653061223,92,-1,5.638,False,0.64,4.66
xc_XC842723_107,xc,XC842723,50.555646258503394,50.66594104308389,110,-1,4.645,False,0.33,4.97
xc_XC842723_108,xc,XC842723,50.8517006802721,50.99102040816325,139,8,4.455,False,2.14,5.95
xc_XC842723_109,xc,XC842723,51.2,51.31609977324262,116,-1,4.986,False,0.53,4.68
xc_XC842723_110,xc,XC842723,51.52507936507936,51.72825396825396,203,5,5.013,False,3.3,4.4
xc_XC842723_111,xc,XC842723,51.78049886621314,51.86757369614512,87,40,5.873,False,1.69,5.73
xc_XC842723_112,xc,XC842723,52.05913832199546,52.14621315192743,87,40,7.035,True,1.36,5.38
xc_XC842723_113,xc,XC842723,52.29133786848072,52.40163265306121,110,40,5.039,False,1.52,5.45
xc_XC842723_114,xc,XC842723,52.51192743764172,52.58158730158729,69,-1,5.953,False,-0.11,4.45
xc_XC842723_115,xc,XC842723,52.62802721088434,52.74412698412697,116,8,4.54,False,1.52,-0.83
xc_XC842723_116,xc,XC842723,52.77315192743763,52.88344671201813,110,40,4.973,False,0.71,5.08
xc_XC842723_117,xc,XC842723,52.95310657596372,53.05179138321995,98,-1,4.597,False,0.35,5.09
xc_XC842723_118,xc,XC842723,53.25496598639455,53.34784580498865,92,-1,5.117,False,0.44,4.84
xc_XC842723_119,xc,XC842723,53.62648526077097,53.696145124716544,69,49,5.937,False,-0.07,4.74
xc_XC842723_120,xc,XC842723,53.8354648526077,53.928344671201806,92,45,5.323,False,0.61,5.12
xc_XC842723_121,xc,XC842723,54.17795918367346,54.32308390022675,145,-1,4.77,False,1.06,5.11
xc_XC842723_122,xc,XC842723,54.45659863945578,54.578503401360535,121,8,5.321,False,2.72,5.47
xc_XC842723_123,xc,XC842723,54.76426303854874,54.8107029478458,46,40,5.377,False,1.58,5.74
xc_XC842723_124,xc,XC842723,55.07773242630385,55.15319727891156,75,-1,4.839,False,-0.05,4.53
xc_XC842723_125,xc,XC842723,55.86721088435374,56.07619047619047,208,8,3.823,False,1.67,-1.31
xc_XC842723_126,xc,XC842723,56.494149659863936,56.51736961451246,23,49,3.962,False,-1.34,5.13
xc_XC842723_127,xc,XC842723,56.54058956916099,56.56380952380951,23,49,4.378,False,-1.95,4.57
xc_XC842723_128,xc,XC842723,57.144308390022665,57.23138321995464,87,-1,5.402,False,0.6,5.4
xc_XC842723_129,xc,XC842723,60.58086167800453,60.609886621315184,29,49,3.515,False,-2.0,4.57
xc_XC842723_130,xc,XC842723,60.85950113378684,60.998820861678,139,5,4.26,False,2.97,3.94
xc_XC842723_131,xc,XC842723,61.43999999999999,61.46321995464852,23,49,3.252,False,-2.31,4.54
xc_XC842723_132,xc,XC842723,61.74185941043083,61.78829931972788,46,47,5.302,False,-0.33,3.11
xc_XC842744_000,xc,XC842744,0.9984580498866212,1.0448979591836731,46,47,5.231,False,-0.61,3.08
xc_XC842744_001,xc,XC842744,1.0681179138321992,1.253877551020408,185,10,4.67,False,-2.56,12.48
xc_XC842744_002,xc,XC842744,1.3235374149659862,1.4860770975056687,162,-1,5.942,False,5.81,12.65
xc_XC842744_003,xc,XC842744,1.735691609977324,1.8517913832199544,116,24,5.386,False,5.78,14.11
xc_XC842744_004,xc,XC842744,2.083990929705215,2.316190476190476,232,8,5.606,False,1.84,-1.74
xc_XC842744_005,xc,XC842744,2.385850340136054,2.780589569160997,394,-1,5.475,False,5.57,7.46
xc_XC842744_006,xc,XC842744,2.890884353741496,3.053424036281178,162,31,5.237,False,7.26,4.86
xc_XC842744_007,xc,XC842744,3.128888888888888,3.378503401360544,249,45,6.085,False,3.01,6.73
xc_XC842744_008,xc,XC842744,3.5178231292517004,3.610702947845805,92,49,5.955,False,0.44,7.04
xc_XC842744_009,xc,XC842744,4.423401360544217,4.5627210884353735,139,0,6.291,True,5.31,16.18
xc_XC842744_010,xc,XC842744,6.222947845804988,6.292607709750566,69,47,5.75,False,0.04,3.9
xc_XC842744_011,xc,XC842744,10.913378684807254,11.122358276643988,208,8,3.582,False,-0.05,-1.91
xc_XC842744_012,xc,XC842744,11.540317460317455,11.789931972789114,249,8,3.488,False,1.79,-1.96
xc_XC842744_013,xc,XC842744,12.23111111111111,12.486530612244897,255,-1,5.108,False,3.69,6.28
xc_XC842744_014,xc,XC842744,13.229569160997729,13.502403628117913,272,15,6.341,True,7.22,12.34
xc_XC842744_015,xc,XC842744,13.966802721088436,14.129342403628115,162,29,6.065,False,7.06,13.02
xc_XC842744_016,xc,XC842744,15.44126984126984,15.586394557823128,145,29,5.483,False,7.18,13.42
xc_XC842744_017,xc,XC842744,15.928888888888888,16.184308390022675,255,49,4.448,False,1.11,8.06
xc_XC842744_018,xc,XC842744,16.416507936507934,16.78222222222222,365,38,5.743,False,5.67,5.17
xc_XC842744_019,xc,XC842744,16.8344671201814,17.020226757369613,185,-1,5.273,False,0.38,8.47
xc_XC842744_020,xc,XC842744,17.153741496598634,17.26984126984127,116,23,7.533,True,-2.41,12.6
xc_XC842744_021,xc,XC842744,17.40916099773242,17.525260770975056,116,29,6.95,True,7.36,13.58
xc_XC842744_022,xc,XC842744,18.105759637188207,18.19283446712018,87,42,7.02,True,2.35,4.36
xc_XC842744_023,xc,XC842744,21.40879818594104,21.658412698412697,249,8,4.3,False,1.84,-1.75
xc_XC842744_024,xc,XC842744,23.301224489795917,23.533424036281176,232,15,5.758,False,7.09,12.48
xc_XC842744_025,xc,XC842744,23.78884353741496,23.97460317460317,185,29,5.97,False,6.63,13.42
xc_XC842744_026,xc,XC842744,24.833741496598638,24.85696145124716,23,-1,5.486,False,-1.85,4.7
xc_XC842744_027,xc,XC842744,26.168888888888883,26.28498866213152,116,8,5.285,False,0.33,-1.81
xc_XC842744_028,xc,XC842744,27.12090702947845,27.399546485260764,278,8,3.997,False,1.93,-2.28
xc_XC842744_029,xc,XC842744,28.688253968253964,28.920453514739226,232,15,5.187,False,7.2,12.37
xc_XC842744_030,xc,XC842744,29.570612244897955,29.657687074829926,87,41,4.809,False,-1.5,9.06
xc_XC842744_031,xc,XC842744,29.66349206349206,29.77959183673469,116,41,4.367,False,-3.12,9.06
xc_XC842744_032,xc,XC842744,31.89841269841269,31.9912925170068,92,8,4.87,False,2.02,-0.84
xc_XC842744_033,xc,XC842744,36.40888888888888,36.45532879818593,46,8,6.079,False,1.24,-0.87
xc_XC842744_034,xc,XC842744,37.03582766439909,37.29124716553288,255,8,4.084,False,1.64,-1.77
xc_XC842744_035,xc,XC842744,37.906575963718815,38.26068027210884,354,49,5.403,False,1.77,8.45
xc_XC842744_036,xc,XC842744,38.6960544217687,38.92825396825396,232,15,5.559,False,7.19,12.26
xc_XC842744_037,xc,XC842744,39.1546485260771,39.31718820861678,162,29,5.775,False,7.17,12.97
xc_XC842744_038,xc,XC842744,39.53197278911564,39.781587301587294,249,-1,7.061,True,0.04,8.9
xc_XC842744_039,xc,XC842744,39.8744671201814,39.9847619047619,110,24,7.673,True,5.06,14.82
xc_XC842744_040,xc,XC842744,40.077641723356,40.28662131519274,208,5,6.771,True,3.34,4.85
xc_XC842744_041,xc,XC842744,40.36208616780044,40.54204081632653,179,-1,6.154,True,7.34,8.62
xc_XC842744_042,xc,XC842744,40.663945578231285,40.96,296,19,5.401,False,2.4,11.39
xc_XC842744_043,xc,XC842744,41.09931972789115,41.21541950113378,116,-1,7.152,True,3.57,9.29
xc_XC842744_044,xc,XC842744,42.09777777777777,42.1209977324263,23,49,3.735,False,-1.98,5.17
xc_XC842744_045,xc,XC842744,42.16743764172335,42.20807256235827,40,8,5.535,False,-2.24,6.01
xc_XC842744_046,xc,XC842744,42.39963718820861,42.4344671201814,34,49,4.484,False,-1.15,5.34
xc_XC842744_047,xc,XC842744,43.4097052154195,43.50258503401359,92,7,4.739,False,-5.21,5.74
xc_XC842744_048,xc,XC842744,43.54902494331065,43.61868480725623,69,8,5.976,False,1.05,-1.06
xc_XC842744_049,xc,XC842744,45.85941043083899,46.091609977324254,232,15,6.376,True,7.26,12.1
xc_XC842744_050,xc,XC842744,47.22938775510203,47.29904761904761,69,41,7.84,True,-1.43,9.13
xc_XC842744_051,xc,XC842744,47.89115646258503,47.91437641723355,23,49,4.426,False,-2.38,4.71
xc_XC842744_052,xc,XC842744,47.960816326530605,48.030476190476186,69,-1,7.027,True,-0.25,9.06
xc_XC842744_053,xc,XC842744,53.3942857142857,53.48716553287981,92,8,5.413,False,1.34,-2.36
xc_XC842744_054,xc,XC842744,54.23020408163264,54.41596371882085,185,24,8.233,True,5.73,15.1
xc_XC842744_055,xc,XC842744,54.43918367346938,54.54947845804988,110,-1,6.049,False,-0.19,8.45
xc_XC842744_056,xc,XC842744,54.92099773242629,55.03129251700679,110,8,5.658,False,1.26,-1.0
xc_XC842744_057,xc,XC842744,55.26929705215419,55.33895691609976,69,-1,7.945,True,6.8,12.59
xc_XC842744_058,xc,XC842744,55.52471655328797,55.7511111111111,226,8,7.089,True,2.51,-3.35
xc_XC842744_059,xc,XC842744,58.06730158730158,58.38657596371881,319,8,4.364,False,1.81,-2.58
xc_XC842744_060,xc,XC842744,62.897052154195,63.15247165532879,255,8,4.651,False,1.92,-2.21
xc_XC842744_061,xc,XC842744,63.70394557823128,64.05224489795917,348,39,5.823,False,4.07,5.04
xc_XC842744_062,xc,XC842744,64.51083900226757,64.74884353741496,238,15,6.194,True,7.08,12.6
xc_XC842744_063,xc,XC842744,65.04489795918366,65.10875283446711,63,-1,8.243,True,0.69,7.05
xc_XC842744_064,xc,XC842744,65.11455782312923,65.13777777777777,23,-1,5.891,False,-2.21,4.69
xc_XC842744_065,xc,XC842744,65.67183673469385,66.01433106575963,342,41,4.546,False,-3.27,9.49
xc_XC842744_066,xc,XC842744,66.57160997732424,66.71092970521542,139,23,5.743,False,4.98,14.18
xc_XC842744_067,xc,XC842744,67.19854875283445,67.39591836734692,197,8,3.999,False,-0.1,-1.6
xc_XC842744_068,xc,XC842744,67.77324263038547,68.02285714285713,249,44,4.881,False,2.75,7.1
xc_XC842744_069,xc,XC842744,68.30149659863943,68.74267573696143,441,39,4.866,False,4.63,5.04
xc_XC842744_070,xc,XC842744,69.2302947845805,69.47990929705215,249,15,5.633,False,7.28,11.88
xc_XC842744_071,xc,XC842744,71.70321995464852,71.93541950113378,232,8,3.823,False,1.05,-2.5
xc_XC842750_000,xc,XC842750,2.757369614512472,2.8270294784580496,69,49,8.174,True,-0.05,7.3
xc_XC842750_001,xc,XC842750,4.655600907029479,4.70204081632653,46,-1,5.623,False,1.02,5.33
xc_XC842750_002,xc,XC842750,5.874648526077098,6.130068027210884,255,36,6.156,True,4.44,6.03
xc_XC842750_003,xc,XC842750,6.524807256235827,6.594467120181406,69,5,6.545,True,2.71,4.58
xc_XC842750_004,xc,XC842750,6.640907029478458,6.727981859410431,87,49,5.012,False,0.24,6.65
xc_XC842750_005,xc,XC842750,6.751201814058957,6.774421768707484,23,49,5.101,False,-1.58,5.26
xc_XC842750_006,xc,XC842750,7.151746031746032,7.192380952380952,40,14,5.933,False,12.41,12.42
xc_XC842750_007,xc,XC842750,7.407165532879818,7.471020408163265,63,-1,7.209,True,0.58,7.04
xc_XC842750_008,xc,XC842750,8.928072562358278,9.090612244897958,162,-1,5.932,False,-0.2,8.92
xc_XC842750_009,xc,XC842750,10.292244897959185,10.379319727891156,87,14,6.606,True,12.57,12.45
xc_XC842750_010,xc,XC842750,11.54031746031746,11.586757369614512,46,-1,6.943,True,0.02,6.4
xc_XC842750_011,xc,XC842750,12.045351473922905,12.213696145124716,168,49,6.235,True,1.57,7.6
xc_XC842750_012,xc,XC842750,12.741950113378683,12.945124716553288,203,5,5.507,False,2.81,4.85
xc_XC842750_013,xc,XC842750,13.45596371882086,13.688163265306123,232,49,5.494,False,1.38,7.65
xc_XC842750_014,xc,XC842750,14.106122448979592,14.152562358276644,46,-1,7.183,True,5.6,11.47
xc_XC842750_015,xc,XC842750,14.21641723356009,14.338321995464852,121,31,5.785,False,4.18,7.48
xc_XC842750_016,xc,XC842750,14.587936507936506,14.63437641723356,46,49,4.42,False,-0.92,6.4
xc_XC842750_017,xc,XC842750,14.913015873015873,14.97687074829932,63,14,6.344,True,12.7,12.36
xc_XC842750_018,xc,XC842750,15.052335600907028,15.232290249433106,179,45,6.007,False,2.59,6.64
xc_XC842750_019,xc,XC842750,15.928888888888888,16.253968253968253,325,-1,5.786,False,2.51,6.42
xc_XC842750_020,xc,XC842750,17.455600907029478,17.478820861678003,23,49,3.961,False,-1.61,5.08
xc_XC842750_021,xc,XC842750,17.54267573696145,17.635555555555555,92,49,5.376,False,1.16,7.36
xc_XC842750_022,xc,XC842750,17.867755102040817,18.053514739229023,185,49,5.06,False,1.52,7.44
xc_XC842750_023,xc,XC842750,18.332154195011334,18.37859410430839,46,14,7.342,True,12.58,12.39
xc_XC842750_024,xc,XC842750,19.005532879818595,19.02875283446712,23,49,4.877,False,-1.03,6.01
xc_XC842750_025,xc,XC842750,19.098412698412695,19.162267573696145,63,-1,5.559,False,0.7,7.08
xc_XC842750_026,xc,XC842750,19.70213151927437,19.812426303854878,110,-1,5.848,False,3.48,9.63
xc_XC842750_027,xc,XC842750,19.887891156462587,19.974965986394555,87,49,5.235,False,0.47,6.95
xc_XC842750_028,xc,XC842750,20.20716553287982,20.36390022675737,156,44,5.817,False,1.96,6.97
xc_XC842750_029,xc,XC842750,20.625124716553287,20.805079365079365,179,49,4.893,False,1.6,7.3
xc_XC842750_030,xc,XC842750,21.31591836734694,21.45523809523809,139,-1,5.2,False,1.46,7.09
xc_XC842750_031,xc,XC842750,22.076371882086168,22.1924716553288,116,31,5.752,False,4.16,7.79
xc_XC842750_032,xc,XC842750,22.58721088435374,22.726530612244897,139,19,6.618,True,2.03,11.5
xc_XC842750_033,xc,XC842750,23.44054421768708,23.695963718820863,255,-1,6.359,True,5.11,7.37
xc_XC842750_034,xc,XC842750,26.21532879818594,26.23854875283447,23,49,6.671,True,-1.77,4.44
xc_XC842750_035,xc,XC842750,27.21378684807256,27.347301587301587,133,49,5.131,False,1.5,7.41
xc_XC842750_036,xc,XC842750,30.307845804988663,30.441360544217684,133,31,5.395,False,4.62,7.62
xc_XC842750_037,xc,XC842750,34.46421768707483,34.6790022675737,214,49,4.499,False,1.27,7.51
xc_XC842750_038,xc,XC842750,36.77460317460317,36.85006802721089,75,49,4.806,False,-0.03,6.46
xc_XC842750_039,xc,XC842750,37.67437641723356,37.773061224489794,98,-1,5.47,False,1.42,7.31
xc_XC842750_040,xc,XC842750,38.57995464852608,38.69605442176871,116,8,4.342,False,1.29,-0.72
xc_XC842750_041,xc,XC842750,39.47972789115647,39.50875283446712,29,49,5.054,False,-0.38,6.44
xc_XC842750_042,xc,XC842750,39.671292517006805,39.76417233560091,92,31,4.931,False,1.65,7.58
xc_XC842750_043,xc,XC842750,39.89768707482993,39.94412698412698,46,49,4.514,False,-0.15,6.08
xc_XC842750_044,xc,XC842750,41.97587301587302,42.02231292517007,46,-1,5.949,False,0.09,6.52
xc_XC842750_045,xc,XC842750,43.22975056689342,43.36326530612245,133,49,4.796,False,1.08,7.3
xc_XC842750_046,xc,XC842750,49.67328798185941,49.71972789115647,46,49,5.708,False,0.54,6.71
xc_XC842750_047,xc,XC842750,56.21551020408163,56.26195011337868,46,-1,6.128,True,0.17,6.61
xc_XC842750_048,xc,XC842750,58.641995464852606,58.85097505668934,208,49,4.638,False,1.52,7.48
xc_XC842750_049,xc,XC842750,59.12380952380953,59.17024943310658,46,49,5.058,False,-0.38,6.7
xc_XC842750_050,xc,XC842750,59.26312925170068,59.30956916099773,46,49,4.82,False,-0.32,6.53
xc_XC842750_051,xc,XC842750,60.88272108843537,60.9059410430839,23,49,3.947,False,-1.39,5.4
xc_XC842750_052,xc,XC842750,61.161360544217686,61.27746031746032,116,49,4.627,False,1.16,7.31
xc_XC842750_053,xc,XC842750,61.30068027210885,61.37034013605442,69,49,4.409,False,-0.38,6.33
xc_XC842750_054,xc,XC842750,62.20625850340136,62.40943310657596,203,49,4.938,False,1.16,7.53
xc_XC842750_055,xc,XC842750,63.8897052154195,64.06965986394557,179,44,5.454,False,2.1,6.95
xc_XC842750_056,xc,XC842750,64.30185941043084,64.35410430839002,52,49,6.356,True,0.02,7.45
xc_XC842750_057,xc,XC842750,64.78947845804989,64.85913832199546,69,49,5.343,False,-0.04,6.3
xc_XC842750_058,xc,XC842750,67.14630385487528,67.17532879818594,29,49,4.838,False,-1.11,5.0
xc_XC842750_059,xc,XC842750,67.31464852607711,67.40172335600907,87,49,5.402,False,0.0,6.63
xc_XC842750_060,xc,XC842750,68.07510204081633,68.20861678004536,133,49,4.297,False,1.46,7.51
xc_XC842750_061,xc,XC842750,69.69469387755102,69.73532879818595,40,49,5.393,False,0.22,6.58
xc_XC842761_000,xc,XC842761,4.075102040816327,4.231836734693878,156,-1,6.551,True,5.81,13.74
xc_XC842761_001,xc,XC842761,10.013605442176871,10.19936507936508,185,24,6.103,False,5.17,15.01
xc_XC842761_002,xc,XC842761,14.24544217687075,14.448616780045352,203,7,5.481,False,-5.87,6.82
xc_XC842761_003,xc,XC842761,18.22185941043084,18.37859410430839,156,6,5.635,False,-6.69,7.93
xc_XC842761_004,xc,XC842761,22.378231292517007,22.58140589569161,203,24,6.192,True,5.5,14.78
xc_XC842761_005,xc,XC842761,33.03619047619048,33.19873015873016,162,24,5.891,False,5.89,14.5
xc_XC842761_006,xc,XC842761,36.38566893424037,36.47854875283447,92,-1,6.746,True,5.12,13.95
xc_XC842761_007,xc,XC842761,40.66394557823129,40.820680272108845,156,6,5.681,False,-6.72,7.96
xc_XC842761_008,xc,XC842761,45.48789115646258,45.6562358276644,168,24,6.274,True,5.53,13.82
xc_XC842761_009,xc,XC842761,49.40045351473923,49.58621315192743,185,6,5.252,False,-6.64,7.91
xc_XC842761_010,xc,XC842761,63.86648526077098,63.9825850340136,116,-1,6.862,True,5.48,13.85
xc_XC842761_011,xc,XC842761,67.81387755102041,67.91256235827665,98,24,7.936,True,5.87,14.12
xc_XC842761_012,xc,XC842761,68.46403628117915,68.55691609977325,92,15,9.533,True,7.25,12.32
xc_XC842765_000,xc,XC842765,4.1853968253968254,4.464036281179137,278,19,4.718,False,2.08,11.55
xc_XC842765_001,xc,XC842765,4.696235827664398,4.998095238095238,301,9,5.685,False,3.05,8.01
xc_XC842765_002,xc,XC842765,5.253514739229024,5.578594104308389,325,-1,6.137,True,6.26,8.63
xc_XC842765_003,xc,XC842765,6.339047619047618,6.658321995464851,319,-1,6.58,True,6.47,8.87
xc_XC842765_004,xc,XC842765,17.043446712018135,17.31628117913832,272,-1,6.384,True,5.73,7.44
xc_XC842765_005,xc,XC842765,17.339501133786847,17.478820861678003,139,24,5.957,False,5.66,14.35
xc_XC842765_006,xc,XC842765,18.059319727891157,18.33215419501133,272,9,5.652,False,3.21,8.18
xc_XC842765_007,xc,XC842765,18.703673469387752,19.051972789115645,348,-1,6.407,True,6.14,8.54
xc_XC842765_008,xc,XC842765,32.13641723356009,32.409251700680265,272,19,4.831,False,2.25,11.73
xc_XC842765_009,xc,XC842765,32.66467120181405,32.92009070294784,255,9,6.015,False,3.11,8.01
xc_XC842765_010,xc,XC842765,33.262585034013604,33.587664399092965,325,34,6.126,True,6.61,9.13
xc_XC842765_011,xc,XC842765,34.05206349206348,34.48743764172335,435,39,5.129,False,3.25,7.14
xc_XC842765_012,xc,XC842765,35.24789115646258,35.57297052154195,325,-1,6.414,True,6.53,8.9
xc_XC842765_013,xc,XC842765,45.07573696145124,45.35437641723355,278,24,6.177,True,-0.33,13.76
xc_XC842765_014,xc,XC842765,45.40081632653061,45.53433106575963,133,0,6.29,True,5.33,14.43
xc_XC842765_015,xc,XC842765,54.503038548752826,54.944217687074826,441,-1,6.085,False,5.31,14.04
xc_XC842765_016,xc,XC842765,55.4550566893424,55.710476190476186,255,9,5.928,False,2.98,7.83
xc_XC842765_017,xc,XC842765,56.16907029478457,56.494149659863936,325,-1,6.349,True,6.5,9.49
xc_XC842925_000,xc,XC842925,1.0448979591836736,1.3003174603174603,255,7,3.889,False,-0.14,7.99
xc_XC842925_001,xc,XC842925,1.689251700680272,1.8517913832199544,162,29,5.539,False,7.28,13.23
xc_XC842925_002,xc,XC842925,2.455510204081633,2.594829931972789,139,29,6.175,True,7.11,13.45
xc_XC842925_003,xc,XC842925,2.710929705215419,2.937324263038549,226,29,5.512,False,6.34,13.44
xc_XC842925_004,xc,XC842925,3.517823129251701,3.7268027210884354,208,8,4.112,False,0.54,-1.76
xc_XC842925_005,xc,XC842925,5.416054421768708,5.6250340136054415,208,8,3.586,False,0.86,-2.28
xc_XC842925_006,xc,XC842925,6.2693877551020405,6.478367346938776,208,-1,5.48,False,0.98,-0.43
xc_XC842925_007,xc,XC842925,6.57124716553288,6.681541950113378,110,43,5.974,False,1.26,5.68
xc_XC842925_008,xc,XC842925,7.02984126984127,7.360725623582766,330,10,5.951,False,-2.08,12.33
xc_XC842925_009,xc,XC842925,7.430385487528345,7.581315192743764,150,7,4.115,False,-5.64,5.51
xc_XC842925_010,xc,XC842925,8.208253968253969,8.417233560090702,208,29,6.04,False,6.95,13.16
xc_XC842925_011,xc,XC842925,8.510113378684808,8.649433106575964,139,8,6.839,True,1.63,-2.43
xc_XC842925_012,xc,XC842925,9.067392290249431,9.200907029478458,133,29,6.041,False,7.04,12.92
xc_XC842925_013,xc,XC842925,9.206712018140587,9.340226757369614,133,24,6.271,True,5.36,13.13
xc_XC842925_014,xc,XC842925,9.392471655328798,9.531791383219954,139,-1,6.287,True,6.21,13.69
xc_XC842925_015,xc,XC842925,9.688526077097505,9.758185941043084,69,24,7.622,True,5.93,13.51
xc_XC842925_016,xc,XC842925,9.903310657596371,10.036825396825398,133,29,5.926,False,7.11,13.21
xc_XC842925_017,xc,XC842925,10.570884353741496,10.710204081632654,139,8,3.402,False,1.62,-2.23
xc_XC842925_018,xc,XC842925,13.897142857142857,14.082902494331066,185,8,3.849,False,1.3,-1.49
xc_XC842925_019,xc,XC842925,15.85922902494331,16.068208616780044,208,8,3.093,False,0.82,-1.97
xc_XC842925_020,xc,XC842925,17.3859410430839,17.43238095238095,46,49,5.086,False,-0.77,5.38
xc_XC842925_021,xc,XC842925,18.10575963718821,18.425034013605444,319,7,4.084,False,-4.94,6.2
xc_XC842925_022,xc,XC842925,18.959092970521542,19.121632653061223,162,15,5.48,False,7.09,12.22
xc_XC842925_023,xc,XC842925,19.255147392290247,19.394467120181407,139,-1,5.369,False,6.34,13.16
xc_XC842925_024,xc,XC842925,20.021405895691608,20.160725623582767,139,8,3.388,False,1.21,-1.2
xc_XC842925_025,xc,XC842925,21.17659863945578,21.24625850340136,69,-1,5.368,False,-1.25,4.85
xc_XC842925_026,xc,XC842925,22.262131519274377,22.447891156462585,185,24,5.936,False,-0.24,13.49
xc_XC842925_027,xc,XC842925,23.214149659863946,23.278004535147392,63,29,8.238,True,6.53,12.62
xc_XC842925_028,xc,XC842925,23.324444444444445,23.4637641723356,139,-1,6.339,True,5.21,12.99
xc_XC842925_029,xc,XC842925,23.579863945578232,23.719183673469384,139,29,6.257,True,6.86,13.31
xc_XC842925_030,xc,XC842925,24.485442176870748,24.642176870748298,156,8,3.389,False,1.26,-2.02
xc_XC842925_031,xc,XC842925,26.99900226757369,27.184761904761903,185,8,3.277,False,1.25,-1.64
xc_XC842925_032,xc,XC842925,29.23972789115646,29.431292517006803,191,-1,4.611,False,0.66,8.47
xc_XC842925_033,xc,XC842925,30.743219954648524,30.952199546485257,208,24,5.754,False,5.88,14.05
xc_XC842925_034,xc,XC842925,31.68943310657596,31.857777777777777,168,29,5.826,False,6.96,12.81
xc_XC842925_035,xc,XC842925,36.08380952380953,36.29278911564626,208,-1,6.574,True,5.42,14.23
xc_XC842925_036,xc,XC842925,37.01260770975057,37.19256235827664,179,15,5.968,False,7.08,12.8
xc_XC842925_037,xc,XC842925,37.36090702947845,37.62793650793651,267,-1,6.056,False,6.25,13.15
xc_XC842925_038,xc,XC842925,38.37097505668934,38.55673469387755,185,8,3.212,False,1.57,-1.19
xc_XC842925_039,xc,XC842925,41.72045351473923,41.86557823129252,145,8,3.106,False,1.63,-2.29
xc_XC842925_040,xc,XC842925,45.47047619047619,45.74331065759637,272,-1,6.651,True,5.32,13.82
xc_XC842925_041,xc,XC842925,46.34702947845805,46.50956916099773,162,-1,6.284,True,6.96,12.55
xc_XC842925_042,xc,XC842925,46.78240362811791,46.87528344671202,92,-1,7.405,True,6.18,13.27
xc_XC842925_043,xc,XC842925,47.43256235827664,47.47319727891156,40,49,3.735,False,-2.02,4.8
xc_XC842925_044,xc,XC842925,52.10557823129251,52.24489795918368,139,24,6.06,False,6.8,13.15
xc_XC842925_045,xc,XC842925,53.02857142857143,53.18530612244898,156,29,6.152,True,6.82,13.37
xc_XC842925_046,xc,XC842925,55.93687074829932,56.19229024943311,255,24,3.868,False,-0.12,13.43
xc_XC842925_047,xc,XC842925,56.84244897959184,57.06884353741496,226,15,5.944,False,6.85,12.94
xc_XC842925_048,xc,XC842925,59.541768707482994,59.7275283446712,185,8,3.099,False,1.22,-1.61
xc_XC842925_049,xc,XC842925,64.35410430839002,64.441179138322,87,49,3.997,False,-1.89,4.52
xc_XC842925_050,xc,XC842925,67.44816326530612,67.68036281179137,232,10,4.221,False,-2.92,12.77
xc_XC842925_051,xc,XC842925,68.39437641723356,68.55691609977325,162,29,5.783,False,7.14,13.24
xc_XC842925_052,xc,XC842925,73.96716553287982,74.14712018140588,179,29,5.726,False,6.9,13.23
xc_XC842925_053,xc,XC842925,75.122358276644,75.16299319727891,40,-1,4.143,False,-1.91,4.64
xc_XC842925_054,xc,XC842925,75.16879818594103,75.27909297052153,110,8,4.759,False,1.82,-0.96
xc_XC842925_055,xc,XC842925,76.32399092970522,76.37043083900227,46,49,4.089,False,-1.72,4.98
xc_XC842925_056,xc,XC842925,76.46331065759638,76.55619047619048,92,-1,6.844,True,2.05,6.48
xc_XC842925_057,xc,XC842925,78.93623582766439,79.1219954648526,185,29,5.95,False,6.82,13.78
xc_XC842925_058,xc,XC842925,83.46412698412698,83.53378684807257,69,49,4.357,False,-1.95,4.63
xc_XC842925_059,xc,XC842925,84.8108843537415,84.89795918367346,87,47,4.133,False,-0.59,3.67
xc_XC842925_060,xc,XC842925,85.51909297052154,85.68743764172336,168,29,5.712,False,7.26,13.36
xc_XC842925_061,xc,XC842925,86.42467120181405,86.58721088435374,162,29,5.54,False,7.28,13.19
xc_XC842925_062,xc,XC842925,92.70566893424036,92.96689342403629,261,24,4.213,False,-0.27,14.01
xc_XC842925_063,xc,XC842925,93.49514739229024,93.7273469387755,232,24,6.263,True,6.72,13.32
xc_XC842925_064,xc,XC842925,94.30784580498866,94.51102040816328,203,29,5.449,False,7.06,13.08
xc_XC842925_065,xc,XC842925,94.74321995464852,94.92897959183674,185,24,6.042,False,5.8,13.91
xc_XC843988_000,xc,XC843988,5.990748299319728,6.060408163265306,69,-1,7.03,True,1.13,14.38
xc_XC843988_001,xc,XC843988,7.424580498866213,7.4478004535147395,23,49,6.118,False,-1.25,6.13
xc_XC843988_002,xc,XC843988,41.72625850340136,41.749478458049886,23,49,4.36,False,-1.51,4.81
xc_XC843988_003,xc,XC843988,62.94349206349207,62.98412698412698,40,-1,5.513,False,0.39,6.44
xc_XC843988_004,xc,XC843988,71.74965986394558,71.7902947845805,40,49,5.199,False,-1.45,4.33
xc_XC843988_005,xc,XC843988,71.81351473922902,71.85995464852608,46,-1,5.456,False,-0.89,4.37
xc_XC843988_006,xc,XC843988,77.89133786848072,77.96680272108843,75,-1,6.687,True,2.41,9.69
xc_XC843988_007,xc,XC843988,84.06784580498865,84.09106575963719,23,49,5.622,False,-1.15,4.8
xc_XC843988_008,xc,XC843988,84.27102040816327,84.30004535147393,29,49,5.157,False,-1.49,4.59
xc_XC843988_009,xc,XC843988,92.06712018140588,92.11356009070296,46,-1,6.409,True,-1.12,4.86
xc_XC843988_010,xc,XC843988,92.29351473922902,92.33995464852607,46,-1,5.961,False,-0.98,4.7
xc_XC843988_011,xc,XC843988,113.37142857142857,113.41786848072562,46,-1,6.005,False,-0.39,4.11
xc_XC843988_012,xc,XC843988,113.51074829931972,113.62684807256235,116,-1,6.531,True,0.46,4.16
xc_XC843988_013,xc,XC843988,113.71972789115648,113.742947845805,23,-1,5.913,False,-2.09,4.65
xc_XC843988_014,xc,XC843988,113.81260770975057,113.99836734693878,185,-1,6.317,True,0.87,9.33
xc_XC843988_015,xc,XC843988,114.10866213151928,114.27700680272108,168,-1,5.921,False,0.7,6.48
xc_XC843988_016,xc,XC843988,114.38730158730158,114.50920634920637,121,41,5.243,False,-2.82,8.97
xc_XC843988_017,xc,XC843988,114.69496598639456,114.82848072562358,133,26,6.345,True,4.77,8.93
xc_XC843991_000,xc,XC843991,0.1160997732426303,0.3947392290249433,278,-1,6.236,True,5.86,8.51
xc_XC843991_001,xc,XC843991,0.5340589569160997,0.7662585034013605,232,-1,5.807,False,0.13,8.21
xc_XC843991_002,xc,XC843991,0.905578231292517,1.0681179138321997,162,49,6.01,False,1.34,7.8
xc_XC843991_003,xc,XC843991,1.207437641723356,1.2306575963718822,23,49,4.234,False,-2.27,5.15
xc_XC843991_004,xc,XC843991,1.253877551020408,1.5092970521541949,255,45,6.017,False,2.86,6.72
xc_XC843991_005,xc,XC843991,1.6021768707482993,1.7589115646258504,156,-1,6.485,True,2.53,5.8
xc_XC843991_006,xc,XC843991,1.8750113378684807,2.153650793650794,278,24,6.248,True,2.65,14.08
xc_XC843991_007,xc,XC843991,2.269750566893424,2.4961451247165534,226,41,5.53,False,-2.61,8.92
xc_XC843991_008,xc,XC843991,2.5890249433106574,2.63546485260771,46,-1,5.829,False,-0.04,6.51
xc_XC843991_009,xc,XC843991,2.8270294784580496,2.9663492063492063,139,7,5.01,False,0.76,7.23
xc_XC843991_010,xc,XC843991,3.1288888888888886,3.378503401360544,249,-1,6.966,True,6.43,6.85
xc_XC843991_011,xc,XC843991,3.4713832199546486,3.657142857142857,185,7,6.126,True,-4.99,6.21
xc_XC843991_012,xc,XC843991,4.028662131519274,4.051882086167801,23,49,4.878,False,-1.63,5.48
xc_XC843991_013,xc,XC843991,6.455147392290249,6.757006802721088,301,8,4.807,False,1.33,-1.88
xc_XC843991_014,xc,XC843991,8.997732426303855,9.113832199546485,116,49,5.708,False,1.17,7.58
xc_XC843991_015,xc,XC843991,9.137052154195011,9.247346938775513,110,-1,6.42,True,-1.13,5.15
xc_XC843991_016,xc,XC843991,9.647891156462585,9.804625850340138,156,7,5.657,False,-1.1,7.37
xc_XC843991_017,xc,XC843991,10.448979591836734,10.70439909297052,255,24,6.878,True,5.15,13.1
xc_XC843991_018,xc,XC843991,10.866938775510205,10.95981859410431,92,5,7.697,True,6.39,9.1
xc_XC843991_019,xc,XC843991,11.331337868480723,11.42421768707483,92,-1,5.891,False,-0.34,6.99
xc_XC843991_020,xc,XC843991,11.54031746031746,11.697052154195012,156,49,4.983,False,0.68,7.46
xc_XC843991_021,xc,XC843991,11.836371882086167,12.004716553287984,168,7,5.662,False,0.41,8.29
xc_XC843991_022,xc,XC843991,12.231111111111112,12.486530612244898,255,7,5.225,False,2.6,1.23
xc_XC843991_023,xc,XC843991,12.52716553287982,12.6897052154195,162,7,6.457,True,-5.42,6.12
xc_XC843991_024,xc,XC843991,12.765170068027212,12.968344671201814,203,-1,6.979,True,5.16,13.4
xc_XC843991_025,xc,XC843991,13.090249433106576,13.270204081632654,179,-1,5.609,False,1.41,7.49
xc_XC843991_026,xc,XC843991,13.45596371882086,13.688163265306123,232,-1,7.124,True,6.2,7.71
xc_XC843991_027,xc,XC843991,13.87392290249433,14.082902494331066,208,-1,5.832,False,0.62,8.02
xc_XC843991_028,xc,XC843991,14.268662131519273,14.378956916099773,110,-1,5.667,False,0.52,6.7
xc_XC843991_029,xc,XC843991,14.454421768707483,14.59374149659864,139,49,5.459,False,1.83,7.82
xc_XC843991_030,xc,XC843991,15.052335600907028,15.40063492063492,348,-1,4.999,False,-0.32,8.17
xc_XC843991_031,xc,XC843991,15.632834467120182,15.952108843537417,319,8,5.348,False,1.27,-1.32
xc_XC843991_032,xc,XC843991,16.253968253968253,16.34684807256236,92,-1,5.273,False,-0.02,6.22
xc_XC843991_033,xc,XC843991,16.741587301587302,16.857687074829933,116,7,5.794,False,-0.47,7.44
xc_XC843991_034,xc,XC843991,16.89832199546485,17.11310657596372,214,-1,6.327,True,2.22,7.63
xc_XC843991_035,xc,XC843991,17.68199546485261,18.00707482993197,325,45,5.491,False,2.23,6.9
xc_XC843991_036,xc,XC843991,18.19863945578231,18.30893424036281,110,-1,6.102,False,2.26,6.57
xc_XC843991_037,xc,XC843991,18.355374149659863,18.61079365079365,255,-1,6.359,True,1.63,13.31
xc_XC843991_038,xc,XC843991,18.680453514739227,18.93587301587301,255,37,6.987,True,7.71,4.39
xc_XC843991_039,xc,XC843991,19.278367346938776,19.348027210884357,69,47,6.109,False,0.41,4.01
xc_XC843991_040,xc,XC843991,19.539591836734694,19.60344671201814,63,49,5.408,False,-0.72,6.54
xc_XC843991_041,xc,XC843991,19.748571428571427,19.812426303854878,63,-1,4.81,False,-0.94,4.2
xc_XC843991_042,xc,XC843991,19.887891156462587,19.99238095238095,104,49,5.147,False,0.4,6.96
xc_XC843991_043,xc,XC843991,20.09106575963719,20.31746031746032,226,-1,6.741,True,5.42,13.45
xc_XC843991_044,xc,XC843991,20.392925170068025,20.66575963718821,272,-1,7.401,True,5.82,12.07
xc_XC843991_045,xc,XC843991,21.70485260770975,21.844172335600906,139,8,5.247,False,1.23,-2.0
xc_XC843991_046,xc,XC843991,26.308208616780043,26.33142857142857,23,49,4.594,False,-1.87,4.77
xc_XC843991_047,xc,XC843991,27.190566893424037,27.39374149659864,203,41,4.989,False,-3.21,8.93
xc_XC843991_048,xc,XC843991,27.7362358276644,27.811700680272107,75,47,5.609,False,-0.05,3.92
xc_XC843991_049,xc,XC843991,28.02068027210884,28.16,139,-1,5.37,False,0.21,6.19
xc_XC843991_050,xc,XC843991,28.2702947845805,28.595374149659865,325,8,4.374,False,1.28,-1.48
xc_XC843991_051,xc,XC843991,28.85079365079365,28.920453514739226,69,49,6.018,False,-0.41,5.99
xc_XC843991_052,xc,XC843991,29.10621315192744,29.30938775510204,203,7,5.311,False,-5.11,5.81
xc_XC843991_053,xc,XC843991,29.593832199546487,29.704126984126983,110,49,4.22,False,-1.91,5.04
xc_XC843991_054,xc,XC843991,29.72734693877551,29.91310657596372,185,-1,5.699,False,3.08,10.07
xc_XC843991_055,xc,XC843991,29.936326530612245,30.1859410430839,249,-1,6.11,False,5.12,13.59
xc_XC843991_056,xc,XC843991,30.511020408163265,30.55746031746032,46,-1,6.136,True,-0.21,6.15
xc_XC843991_057,xc,XC843991,30.702585034013605,30.928979591836736,226,-1,6.667,True,6.16,7.5
xc_XC843991_058,xc,XC843991,31.045079365079363,31.23083900226757,185,-1,5.091,False,1.98,6.72
xc_XC843991_059,xc,XC843991,31.30049886621315,31.53269841269841,232,-1,4.873,False,1.7,6.98
xc_XC843991_060,xc,XC843991,31.579138321995465,31.619773242630384,40,49,4.541,False,-0.9,6.26
xc_XC843991_061,xc,XC843991,31.950657596371883,32.13641723356009,185,7,4.612,False,-5.08,5.7
xc_XC843991_062,xc,XC843991,32.229297052154195,32.36281179138322,133,47,4.761,False,-0.41,3.47
xc_XC843991_063,xc,XC843991,32.478911564625854,32.59501133786848,116,-1,5.333,False,0.42,6.17
xc_XC843991_064,xc,XC843991,32.612426303854875,32.6356462585034,23,49,4.174,False,-1.85,4.89
xc_XC843991_065,xc,XC843991,32.641451247165534,32.891065759637186,249,7,5.86,False,1.94,12.64
xc_XC843991_066,xc,XC843991,32.98975056689343,33.26839002267574,278,24,6.152,True,2.19,14.07
xc_XC843991_067,xc,XC843991,33.40190476190476,33.56444444444445,162,-1,5.293,False,-0.01,8.42
xc_XC843991_068,xc,XC843991,34.028843537414964,34.144943310657595,116,-1,5.351,False,1.95,7.64
xc_XC843991_069,xc,XC843991,34.28426303854875,34.40036281179138,116,7,5.078,False,-5.06,5.98
xc_XC843991_070,xc,XC843991,34.440997732426304,34.58031746031746,139,39,5.293,False,1.95,0.27
xc_XC843991_071,xc,XC843991,34.632562358276644,34.95183673469388,319,-1,6.324,True,5.39,13.15
xc_XC843991_072,xc,XC843991,35.03891156462585,35.0853514739229,46,-1,5.678,False,-1.35,4.95
xc_XC843991_073,xc,XC843991,35.15501133786849,35.25369614512472,98,24,7.084,True,6.29,14.23
xc_XC843991_074,xc,XC843991,35.34657596371883,35.572970521541954,226,9,6.33,True,1.95,7.69
xc_XC843991_075,xc,XC843991,35.601995464852614,35.781950113378684,179,10,6.708,True,-1.39,11.48
xc_XC843991_076,xc,XC843991,35.85160997732426,36.060589569161,208,26,8.123,True,5.24,8.95
xc_XC843991_077,xc,XC843991,36.36244897959183,36.38566893424037,23,49,4.972,False,-1.2,5.07
xc_XC843991_078,xc,XC843991,37.63374149659864,37.860136054421766,226,7,5.506,False,2.44,6.27
xc_XC843991_079,xc,XC843991,39.45650793650794,39.50294784580498,46,49,4.781,False,-0.89,6.05
xc_XC843991_080,xc,XC843991,39.71192743764173,39.7815873015873,69,49,4.572,False,-0.84,6.38
xc_XC843991_081,xc,XC843991,39.99056689342404,40.14730158730159,156,8,4.718,False,-0.09,-1.51
xc_XC843991_082,xc,XC843991,40.50140589569161,40.57106575963719,69,49,5.013,False,-1.11,5.61
xc_XC843991_083,xc,XC843991,40.913560090702944,41.029659863945575,116,-1,5.969,False,3.12,12.44
xc_XC843991_084,xc,XC843991,41.05287981859411,41.12253968253968,69,-1,6.697,True,3.23,9.91
xc_XC843991_085,xc,XC843991,41.517278911564624,41.679818594104304,162,-1,5.483,False,1.14,7.43
xc_XC843991_086,xc,XC843991,42.05133786848072,42.30095238095238,249,-1,5.412,False,1.04,7.35
xc_XC843991_087,xc,XC843991,42.782766439909295,43.061405895691614,278,7,5.447,False,2.25,6.45
xc_XC843991_088,xc,XC843991,50.5556462585034,50.61950113378685,63,47,5.397,False,-1.19,6.43
xc_XC843991_089,xc,XC843991,52.26231292517007,52.44807256235828,185,-1,4.809,False,-0.29,8.64
xc_XC843991_090,xc,XC843991,53.20852607709751,53.25496598639456,46,-1,5.365,False,-0.65,7.2
xc_XC843991_091,xc,XC843991,53.27818594104309,53.440725623582765,162,49,3.517,False,0.05,8.04
xc_XC843991_092,xc,XC843991,53.90512471655328,54.085079365079366,179,47,5.217,False,1.47,4.55
xc_XC843991_093,xc,XC843991,54.46240362811791,54.55528344671202,92,-1,5.889,False,-0.03,7.78
xc_XC843991_094,xc,XC843991,54.76426303854875,55.0312925170068,267,-1,5.694,False,6.13,7.82
xc_XC843991_095,xc,XC843991,55.10675736961451,55.269297052154194,162,7,4.298,False,-4.99,5.77
xc_XC843991_096,xc,XC843991,55.455056689342406,55.58857142857143,133,49,4.905,False,1.99,7.64
xc_XC843991_097,xc,XC843991,55.73369614512472,55.82077097505669,87,-1,6.124,False,0.75,4.54
xc_XC843991_098,xc,XC843991,55.960090702947845,56.169070294784575,208,7,5.496,False,0.5,12.25
xc_XC843991_099,xc,XC843991,56.51736961451247,56.62766439909297,110,49,4.718,False,0.02,6.99
xc_XC843991_100,xc,XC843991,57.32426303854875,57.67256235827664,348,8,4.046,False,1.4,-1.92
xc_XC843991_101,xc,XC843991,59.89006802721088,60.09324263038549,203,-1,4.239,False,-0.44,8.69
xc_XC843991_102,xc,XC843991,60.62730158730159,60.92916099773242,301,45,4.025,False,2.48,6.72
xc_XC843991_103,xc,XC843991,62.6184126984127,62.65904761904762,40,49,3.698,False,-1.72,4.68
xc_XC843991_104,xc,XC843991,62.914467120181406,63.22213151927438,307,8,4.169,False,1.29,-1.53
xc_XC843991_105,xc,XC843991,70.63510204081634,70.91374149659863,278,-1,5.814,False,5.13,13.11
xc_XC843991_106,xc,XC843991,71.98185941043084,72.34757369614512,365,8,4.424,False,1.37,-2.01
xc_XC843991_107,xc,XC843991,73.16027210884353,73.20671201814059,46,-1,6.194,True,0.47,6.22
xc_XC843991_108,xc,XC843991,73.54920634920634,73.61886621315192,69,47,5.685,False,-0.05,3.33
xc_XC843991_109,xc,XC843991,73.89750566893424,73.96716553287982,69,49,4.535,False,-0.75,6.26
xc_XC843991_110,xc,XC843991,73.99038548752834,74.01360544217687,23,49,4.38,False,-2.18,5.46
xc_XC843991_111,xc,XC843991,74.06004535147392,74.17034013605442,110,-1,5.006,False,-4.51,5.67
xc_XC843991_112,xc,XC843991,74.21678004535148,74.61732426303855,400,-1,5.795,False,4.76,12.78
xc_XC843991_113,xc,XC843991,74.6637641723356,74.77986394557823,116,47,7.419,True,0.04,3.24
xc_XC843991_114,xc,XC843991,74.79727891156463,74.91337868480724,116,24,7.78,True,6.35,14.53
xc_XC843991_115,xc,XC843991,75.46485260770974,75.69705215419502,232,26,7.549,True,5.26,9.01
xc_XC843991_116,xc,XC843991,75.7899319727891,75.99891156462584,208,6,5.239,False,-6.45,7.79
xc_XC843991_117,xc,XC843991,76.16145124716553,76.37043083900227,208,7,4.568,False,-5.28,5.72
xc_XC843991_118,xc,XC843991,76.83482993197278,77.06122448979592,226,37,6.582,True,7.62,4.6
xc_XC843991_119,xc,XC843991,77.18312925170068,77.34566893424035,162,-1,5.468,False,2.25,6.46
xc_XC843991_120,xc,XC843991,77.54884353741497,77.59528344671202,46,49,4.31,False,-0.88,5.22
xc_XC843991_121,xc,XC843991,77.93777777777778,77.99002267573697,52,49,5.812,False,-0.97,5.22
xc_XC843991_122,xc,XC843991,78.65759637188208,78.72725623582767,69,-1,5.24,False,-0.82,6.86
xc_XC843991_123,xc,XC843991,78.86657596371882,79.0291156462585,162,7,4.836,False,0.72,7.06
xc_XC843991_124,xc,XC843991,79.14521541950114,79.37160997732425,226,24,7.365,True,6.04,7.46
xc_XC843991_125,xc,XC843991,79.58639455782313,79.77215419501132,185,45,5.718,False,2.25,6.99
xc_XC843991_126,xc,XC843991,80.04498866213153,80.1320634920635,87,47,5.649,False,0.34,2.91
xc_XC843991_127,xc,XC843991,80.2075283446712,80.43392290249433,226,8,5.438,False,0.65,6.52
xc_XC843991_128,xc,XC843991,80.69514739229025,80.85188208616779,156,-1,5.388,False,2.15,8.05
xc_XC843991_129,xc,XC843991,82.37859410430839,82.53532879818594,156,8,5.978,False,-0.15,-1.56
xc_XC843991_130,xc,XC843991,82.99972789115647,83.07519274376418,75,7,5.711,False,-0.85,4.65
xc_XC843991_131,xc,XC843991,83.25514739229025,83.34802721088435,92,7,5.73,False,-1.1,6.74
xc_XC843991_132,xc,XC843991,83.90530612244898,83.99818594104308,92,-1,5.193,False,-0.96,6.55
xc_XC843991_133,xc,XC843991,84.24780045351473,84.29424036281179,46,49,5.4,False,-0.8,6.35
xc_XC843991_134,xc,XC843991,84.43356009070294,84.48580498866212,52,49,4.937,False,-0.62,6.13
xc_XC843991_135,xc,XC843991,84.5728798185941,84.64834467120183,75,47,5.952,False,-0.55,3.48
xc_XC843991_136,xc,XC843991,85.24625850340136,85.44943310657597,203,-1,5.893,False,0.08,8.57
xc_XC843991_137,xc,XC843991,87.96879818594104,88.02104308390022,52,-1,5.492,False,-0.85,4.9
xc_XC843991_138,xc,XC843991,88.17777777777778,88.24743764172335,69,-1,4.941,False,-1.41,5.66
xc_XC843991_139,xc,XC843991,88.27065759637188,88.29387755102042,23,49,4.385,False,-1.97,5.47
xc_XC843991_140,xc,XC843991,88.34031746031745,88.43319727891156,92,8,5.423,False,1.39,-0.06
xc_XC843991_141,xc,XC843991,88.47963718820861,88.82793650793651,348,24,6.189,True,4.48,12.7
xc_XC843991_142,xc,XC843991,88.99047619047619,89.07755102040817,87,49,5.471,False,0.06,7.12
xc_XC843991_143,xc,XC843991,89.24009070294784,89.3619954648526,121,-1,6.162,True,1.5,7.83
xc_XC843991_144,xc,XC843991,89.57097505668933,89.72770975056689,156,47,6.752,True,-0.16,3.71
xc_XC843991_145,xc,XC843991,89.95410430839001,90.1166439909297,162,7,6.1,False,2.09,5.4
xc_XC843991_146,xc,XC843991,90.74358276643991,90.76680272108844,23,49,6.587,True,-2.59,5.35
xc_XC843991_147,xc,XC843991,100.13024943310656,100.15346938775512,23,49,4.572,False,-1.46,5.05
xc_XC843991_148,xc,XC843991,100.4088888888889,100.5191836734694,110,24,6.781,True,2.79,12.73
xc_XC843991_149,xc,XC843991,100.61786848072562,100.7978231292517,179,-1,6.322,True,5.08,13.85
xc_XC843991_150,xc,XC843991,100.84426303854876,101.09968253968256,255,24,6.828,True,5.61,13.23
xc_XC843991_151,xc,XC843991,101.58730158730158,101.81950113378684,232,37,6.943,True,7.6,4.72
xc_XC843991_152,xc,XC843991,101.92979591836736,102.11555555555556,185,7,5.679,False,2.08,7.1
xc_XC843991_153,xc,XC843991,102.25487528344672,102.34195011337869,87,49,5.825,False,-0.06,6.18
xc_XC843991_154,xc,XC843991,102.4174149659864,102.59736961451247,179,-1,5.946,False,1.56,7.93
xc_XC843991_155,xc,XC843991,102.7134693877551,102.8063492063492,92,-1,5.629,False,0.04,5.91
xc_XC843991_156,xc,XC843991,102.85859410430838,103.10820861678005,249,-1,5.947,False,2.84,9.81
xc_XC843991_157,xc,XC843991,103.22430839002268,103.31718820861676,92,6,7.278,True,-5.21,9.15
xc_XC843991_158,xc,XC843991,103.99056689342405,104.12408163265306,133,18,6.083,False,1.72,14.47
xc_XC843991_159,xc,XC843991,104.1298866213152,104.17632653061224,46,47,6.822,True,0.18,3.17
xc_XC843991_160,xc,XC843991,104.6117006802721,104.71038548752834,98,-1,4.949,False,0.08,7.06
xc_XC843991_161,xc,XC843991,104.8671201814059,105.02965986394558,162,-1,5.8,False,2.14,6.55
xc_XC843991_162,xc,XC843991,105.1631746031746,105.55791383219956,394,49,5.361,False,1.71,8.21
xc_XC843991_163,xc,XC843991,105.7901133786848,105.8829931972789,92,49,4.115,False,-0.23,6.77
xc_XC843991_164,xc,XC843991,106.0455328798186,106.18485260770974,139,49,5.003,False,0.45,7.48
xc_XC843991_165,xc,XC843991,106.89886621315192,107.06721088435374,168,8,5.293,False,1.03,-1.95
xc_XC843991_166,xc,XC843991,115.19419501133788,115.3102947845805,116,8,5.409,False,1.22,-1.0
xc_XC843991_167,xc,XC843991,115.93723356009068,116.00689342403628,69,49,5.177,False,-0.98,6.35
xc_XC843991_168,xc,XC843991,116.1229931972789,116.35519274376418,232,-1,7.688,True,5.68,7.49
xc_XC843991_169,xc,XC843991,116.4712925170068,116.88344671201814,412,45,5.473,False,2.7,6.63
xc_XC843991_170,xc,XC843991,116.95891156462584,117.18530612244898,226,-1,7.283,True,2.72,5.82
xc_XC843991_171,xc,XC843991,117.27818594104308,117.4813605442177,203,-1,7.189,True,2.49,6.19
xc_XC843991_172,xc,XC843991,117.90512471655327,117.99219954648528,87,-1,6.705,True,2.12,6.17
xc_XC843991_173,xc,XC843991,118.642358276644,119.05451247165531,412,-1,6.781,True,4.8,13.26
xc_XC843991_174,xc,XC843991,119.1996371882086,119.43183673469387,232,-1,6.375,True,2.33,6.13
xc_XC843991_175,xc,XC843991,121.06303854875284,121.22557823129252,162,-1,5.593,False,2.19,6.31
xc_XC843991_176,xc,XC843991,121.36489795918366,121.71319727891157,348,8,5.096,False,1.25,-1.41
xc_XC843991_177,xc,XC843991,122.17179138321995,122.27628117913832,104,-1,5.162,False,-0.23,7.21
xc_XC843991_178,xc,XC843991,122.4039909297052,122.4736507936508,69,-1,5.414,False,-0.95,6.02
xc_XC843991_179,xc,XC843991,122.54331065759638,122.61297052154195,69,-1,5.207,False,-1.4,5.37
xc_XC843994_000,xc,XC843994,0.1857596371882086,0.4411791383219954,255,-1,5.706,False,2.77,6.6
xc_XC843994_001,xc,XC843994,0.905578231292517,1.253877551020408,348,-1,4.215,False,4.04,8.03
xc_XC843994_002,xc,XC843994,1.5092970521541949,1.6021768707482993,92,29,6.818,True,7.02,12.68
xc_XC843994_003,xc,XC843994,1.7356916099773243,1.8982312925170068,162,-1,5.347,False,5.88,13.22
xc_XC843994_004,xc,XC843994,2.9663492063492063,3.1463038548752835,179,8,3.417,False,1.68,-1.72
xc_XC843994_005,xc,XC843994,5.735328798185941,6.037188208616779,301,10,4.008,False,-2.43,12.37
xc_XC843994_006,xc,XC843994,6.548027210884354,6.704761904761905,156,-1,6.202,True,6.88,12.45
xc_XC843994_007,xc,XC843994,7.360725623582766,7.494240362811791,133,15,6.43,True,7.17,12.41
xc_XC843994_008,xc,XC843994,7.749659863945578,7.883174603174603,133,29,6.071,False,7.04,12.57
xc_XC843994_009,xc,XC843994,8.602993197278911,8.765532879818595,162,8,3.763,False,1.57,-2.79
xc_XC843994_010,xc,XC843994,9.525986394557824,9.763990929705214,238,8,3.564,False,1.79,-1.51
xc_XC843994_011,xc,XC843994,10.385124716553287,10.518639455782314,133,-1,6.045,False,6.28,13.47
xc_XC843994_012,xc,XC843994,10.681179138321996,10.7740589569161,92,-1,6.957,True,6.18,13.27
xc_XC843994_013,xc,XC843994,13.1134693877551,13.33986394557823,226,10,3.933,False,-2.65,12.53
xc_XC843994_014,xc,XC843994,13.734603174603174,13.966802721088436,232,-1,6.944,True,2.84,6.72
xc_XC843994_015,xc,XC843994,14.338321995464852,14.70403628117914,365,-1,3.985,False,4.08,7.98
xc_XC843994_016,xc,XC843994,14.94204081632653,15.069750566893424,127,15,6.417,True,7.22,11.79
xc_XC843994_017,xc,XC843994,15.191655328798186,15.307755102040815,116,-1,5.706,False,6.2,13.03
xc_XC843994_018,xc,XC843994,19.162267573696145,19.35383219954649,191,10,4.184,False,-2.65,12.32
xc_XC843994_019,xc,XC843994,19.951746031746037,20.08526077097505,133,15,6.367,True,7.08,11.78
xc_XC843994_020,xc,XC843994,24.346122448979592,24.64798185941043,301,13,5.059,False,2.98,6.3
xc_XC843994_021,xc,XC843994,26.61006802721088,26.92934240362812,319,45,5.559,False,2.93,6.44
xc_XC843994_022,xc,XC843994,27.300861678004534,27.486621315192743,185,7,3.138,False,-5.08,5.76
xc_XC843994_023,xc,XC843994,28.02068027210884,28.316734693877557,296,10,5.733,False,-1.75,12.45
xc_XC843994_024,xc,XC843994,28.897233560090704,29.082993197278917,185,8,3.23,False,1.61,-2.46
xc_XC843994_025,xc,XC843994,29.756371882086167,29.95954648526077,203,-1,5.717,False,0.48,10.12
xc_XC843994_026,xc,XC843994,36.269569160997726,36.29278911564626,23,49,3.275,False,-1.92,5.02
xc_XC843994_027,xc,XC843994,37.08226757369614,37.12870748299319,46,49,3.357,False,-1.73,5.06
xc_XC843994_028,xc,XC843994,37.19836734693877,37.40734693877551,208,7,4.071,False,0.13,7.89
xc_XC843994_029,xc,XC843994,38.14458049886621,38.27809523809524,133,15,5.38,False,6.67,12.87
xc_XC843994_030,xc,XC843994,39.02113378684807,39.13142857142857,110,15,6.442,True,7.1,12.11
xc_XC843994_031,xc,XC843994,39.36362811791384,39.50294784580498,139,15,5.956,False,6.89,12.76
xc_XC843994_032,xc,XC843994,42.55056689342404,42.782766439909295,232,10,4.025,False,-2.79,12.74
xc_XC843994_033,xc,XC843994,43.57224489795919,43.73478458049887,162,15,5.84,False,7.01,12.29
xc_XC843994_034,xc,XC843994,46.37024943310657,46.55600907029479,185,8,3.493,False,1.33,-1.9
xc_XC843994_035,xc,XC843994,47.27002267573696,47.43256235827664,162,-1,5.433,False,1.04,10.9
xc_XC843994_036,xc,XC843994,48.91283446712018,49.23210884353741,319,7,4.368,False,-5.16,5.94
xc_XC843994_037,xc,XC843994,50.23056689342404,50.36988662131519,139,15,6.066,False,7.07,12.92
xc_XC843994_038,xc,XC843994,51.083900226757365,51.2,116,29,6.291,True,7.12,13.07
xc_XC843994_039,xc,XC843994,51.52507936507936,51.58893424036281,63,29,8.505,True,6.54,12.86
xc_XC843994_040,xc,XC843994,55.0312925170068,55.22285714285714,191,8,3.271,False,1.63,-1.85
xc_XC843994_041,xc,XC843994,55.79755102040816,56.05297052154195,255,-1,6.743,True,0.7,10.1
xc_XC843994_042,xc,XC843994,56.85986394557823,57.32426303854875,464,7,3.787,False,0.82,7.59
xc_XC843994_043,xc,XC843994,57.6261224489796,57.78866213151928,162,5,4.178,False,2.76,4.96
xc_XC843994_044,xc,XC843994,57.89895691609977,57.92798185941043,29,49,2.439,False,-2.59,5.17
xc_XC843994_045,xc,XC843994,58.61877551020408,58.82775510204081,208,8,3.479,False,1.73,-2.07
xc_XC843994_046,xc,XC843994,59.779773242630384,60.07002267573696,290,8,3.321,False,1.86,-2.09
xc_XC843994_047,xc,XC843994,66.43229024943311,66.61804988662132,185,8,3.257,False,1.73,-2.85
xc_XC843994_048,xc,XC843994,68.67301587301587,68.92843537414966,255,10,3.826,False,-2.74,12.69
xc_XC843994_049,xc,XC843994,71.37814058956916,71.4013605442177,23,49,2.976,False,-2.28,4.89
xc_XC843994_050,xc,XC843994,72.5275283446712,72.71909297052154,191,8,3.366,False,1.34,-1.73
xc_XC843994_051,xc,XC843994,73.52598639455782,73.66530612244898,139,7,3.626,False,-5.01,5.77
xc_XC843994_052,xc,XC843994,73.75818594104308,73.80462585034013,46,49,4.375,False,-1.19,5.53
xc_XC843994_053,xc,XC843994,79.72571428571429,79.90566893424035,179,8,3.469,False,1.43,-1.85
xc_XC843994_054,xc,XC843994,80.57904761904761,80.78222222222222,203,7,4.271,False,-5.25,5.81
xc_XC843994_055,xc,XC843994,81.79809523809524,82.05351473922903,255,7,3.83,False,-4.96,6.0
xc_XC843994_056,xc,XC843994,82.65142857142857,82.81977324263039,168,29,5.761,False,6.86,12.89
xc_XC843994_057,xc,XC843994,83.51056689342404,83.64988662131519,139,15,5.841,False,6.85,12.42
xc_XC843994_058,xc,XC843994,84.41034013605443,84.59609977324263,185,8,3.712,False,1.71,-1.81
xc_XC843994_059,xc,XC843994,86.54077097505669,86.67428571428572,133,5,6.722,True,3.03,4.56
xc_XC843994_060,xc,XC843994,87.62630385487527,87.69596371882086,69,-1,6.206,True,-0.93,1.24
xc_XC843994_061,xc,XC843994,87.71337868480725,87.80625850340137,92,8,4.031,False,-1.38,4.55
xc_XC843994_062,xc,XC843994,90.28498866213152,90.42430839002267,139,8,3.438,False,1.46,-2.57
xc_XC843994_063,xc,XC843994,93.56480725623582,93.61124716553287,46,8,4.843,False,-1.73,4.46
xc_XC843994_064,xc,XC843994,94.67356009070296,94.72,46,49,4.574,False,-1.71,4.63
xc_XC843994_065,xc,XC843994,98.06947845804989,98.2552380952381,185,8,3.315,False,1.57,-1.65
xc_XC843997_000,xc,XC843997,0.0,0.023219954648526,23,49,5.549,False,-2.85,5.12
xc_XC843997_001,xc,XC843997,0.0696598639455782,0.0928798185941043,23,49,4.379,False,-2.68,4.71
xc_XC843997_002,xc,XC843997,2.1304308390022677,2.269750566893424,139,25,6.19,True,2.21,7.53
xc_XC843997_003,xc,XC843997,4.028662131519274,4.098321995464853,69,24,7.616,True,4.55,12.72
xc_XC843997_004,xc,XC843997,4.655600907029479,4.6788208616780045,23,49,5.314,False,-2.47,4.38
xc_XC843997_005,xc,XC843997,5.34639455782313,5.416054421768708,69,-1,5.128,False,-1.61,4.94
xc_XC843997_006,xc,XC843997,10.710204081632654,10.77986394557823,69,-1,6.518,True,-1.94,3.99
xc_XC843997_007,xc,XC843997,10.983038548752834,11.075918367346938,92,19,6.578,True,2.42,11.34
xc_XC843997_008,xc,XC843997,11.377777777777778,11.563537414965984,185,21,5.992,False,3.91,9.6
xc_XC843997_009,xc,XC843997,15.116190476190477,15.255510204081633,139,49,5.784,False,1.52,7.34
xc_XC843997_010,xc,XC843997,15.348390022675735,15.423854875283446,75,-1,7.362,True,5.54,13.32
xc_XC843997_011,xc,XC843997,15.447074829931973,15.534149659863946,87,-1,6.478,True,-1.51,4.47
xc_XC843997_012,xc,XC843997,15.580589569160995,15.696689342403628,116,19,6.406,True,2.37,11.94
xc_XC843997_013,xc,XC843997,18.471473922902494,18.517913832199547,46,-1,6.78,True,0.46,3.6
xc_XC843997_014,xc,XC843997,18.79655328798186,18.86621315192744,69,-1,8.548,True,7.19,11.03
xc_XC843997_015,xc,XC843997,19.23773242630385,19.348027210884357,110,-1,7.192,True,5.59,12.75
xc_XC843997_016,xc,XC843997,20.828299319727893,20.874739229024943,46,-1,6.791,True,-1.12,3.93
xc_XC843997_017,xc,XC843997,21.71065759637188,21.93705215419501,226,-1,5.938,False,3.56,4.6
xc_XC843997_018,xc,XC843997,21.942857142857143,22.169251700680277,226,8,5.289,False,1.56,-1.36
xc_XC843997_019,xc,XC843997,22.749750566893425,22.77297052154195,23,49,4.648,False,-2.02,4.43
xc_XC843997_020,xc,XC843997,25.64063492063492,25.710294784580498,69,-1,7.785,True,5.49,12.92
xc_XC843997_021,xc,XC843997,28.757913832199545,29.01333333333333,255,30,5.554,False,3.94,8.05
xc_XC843997_022,xc,XC843997,29.355827664399094,29.564807256235827,208,8,5.182,False,1.4,-1.77
xc_XC843997_023,xc,XC843997,30.56326530612245,30.650340136054425,87,-1,6.707,True,3.47,12.88
xc_XC843997_024,xc,XC843997,30.812879818594105,30.882539682539683,69,49,6.882,True,0.27,7.73
xc_XC843997_025,xc,XC843997,31.06829931972789,31.114739229024945,46,-1,6.688,True,0.58,6.4
xc_XC843997_026,xc,XC843997,31.207619047619048,31.254058956916097,46,-1,6.743,True,-2.22,4.32
xc_XC843997_027,xc,XC843997,31.37015873015873,31.393378684807256,23,49,5.689,False,-2.38,4.35
xc_XC843997_028,xc,XC843997,31.463038548752834,31.509478458049884,46,49,5.812,False,-2.27,4.12
xc_XC843997_029,xc,XC843997,31.579138321995465,31.782312925170068,203,8,6.128,True,1.47,-1.95
xc_XC843997_030,xc,XC843997,31.96807256235828,32.22349206349207,255,8,6.525,True,1.5,-2.29
xc_XC843997_031,xc,XC843997,32.298956916099776,32.449886621315194,150,8,5.547,False,1.34,-2.14
xc_XC843997_032,xc,XC843997,37.93560090702948,38.13877551020408,203,25,6.018,False,10.3,8.42
xc_XC843997_033,xc,XC843997,38.69605442176871,38.74249433106576,46,8,6.862,True,-2.55,4.04
xc_XC843997_034,xc,XC843997,38.92825396825396,38.951473922902494,23,-1,5.322,False,-2.52,4.52
xc_XC843997_035,xc,XC843997,39.0443537414966,39.114013605442175,69,24,6.923,True,3.19,13.19
xc_XC843997_036,xc,XC843997,39.29396825396825,39.36362811791384,69,-1,7.041,True,4.7,13.02
xc_XC843997_037,xc,XC843997,39.38684807256236,39.43328798185941,46,-1,8.338,True,2.98,9.35
xc_XC843997_038,xc,XC843997,39.64807256235828,39.71192743764173,63,-1,8.429,True,0.94,4.0
xc_XC843997_039,xc,XC843997,48.88961451247166,48.9360544217687,46,49,5.708,False,-2.35,4.32
xc_XC843997_040,xc,XC843997,49.58621315192743,49.74294784580498,156,8,5.518,False,1.44,-1.62
xc_XC843997_041,xc,XC843997,49.88807256235828,49.9287074829932,40,8,4.603,False,0.91,-0.76
xc_XC843997_042,xc,XC843997,56.35482993197279,56.58702947845805,232,30,5.547,False,3.77,7.94
xc_XC843997_043,xc,XC843997,58.06149659863945,58.08471655328798,23,49,4.746,False,-2.38,4.35
xc_XC843997_044,xc,XC843997,58.160181405895685,58.18340136054422,23,49,4.523,False,-2.38,4.34
xc_XC843997_045,xc,XC843997,58.24725623582766,58.36335600907029,116,8,5.268,False,1.32,-2.3
xc_XC843997_046,xc,XC843997,58.50267573696145,58.66521541950113,162,8,6.343,True,4.01,12.25
xc_XC843997_047,xc,XC843997,58.68843537414966,58.87419501133787,185,8,5.785,False,1.39,-1.77
xc_XC843997_048,xc,XC843997,58.9902947845805,59.12380952380953,133,8,6.012,False,1.28,-2.1
xc_XC843997_049,xc,XC843997,59.22249433106576,59.26312925170068,40,49,6.22,True,-2.18,4.26
xc_XC843997_050,xc,XC843997,59.44888888888889,59.47791383219955,29,-1,5.952,False,-2.16,4.51
xc_XC843997_051,xc,XC843997,59.49532879818594,59.611428571428576,116,-1,5.426,False,-1.56,3.66
xc_XC843997_052,xc,XC843997,59.7275283446712,59.90748299319728,179,8,5.928,False,1.58,-2.03
xc_XC843997_053,xc,XC843997,60.25578231292517,60.377687074829936,121,8,5.669,False,1.44,-1.58
xc_XC843997_054,xc,XC843997,60.44154195011338,60.4647619047619,23,-1,5.676,False,-2.08,4.42
xc_XC843997_055,xc,XC843997,63.03637188208617,63.2627664399093,226,30,5.697,False,3.8,8.02
xc_XC843997_056,xc,XC843997,63.8897052154195,63.93614512471655,46,-1,6.286,True,-2.3,4.17
xc_XC843997_057,xc,XC843997,64.14512471655328,64.19156462585035,46,-1,7.304,True,2.66,12.84
xc_XC843997_058,xc,XC843997,64.51664399092971,64.58630385487528,69,-1,7.653,True,4.49,9.55
xc_XC843997_059,xc,XC843997,64.76625850340136,64.8649433106576,98,-1,6.888,True,5.55,13.64
xc_XC843997_060,xc,XC843997,65.2712925170068,65.36417233560091,92,-1,7.292,True,5.24,13.09
xc_XC843997_061,xc,XC843997,69.02131519274376,69.06195011337869,40,-1,5.147,False,-1.72,4.35
xc_XC843997_062,xc,XC843997,69.43927437641723,69.46249433106576,23,49,4.707,False,-2.24,4.38
xc_XC843997_063,xc,XC843997,70.1707029478458,70.26358276643991,92,-1,6.333,True,5.11,12.51
xc_XC843997_064,xc,XC843997,70.38548752834467,70.61768707482993,232,24,6.333,True,1.38,-2.18
xc_XC843997_065,xc,XC843997,70.65832199546485,70.84408163265306,185,8,6.329,True,1.31,-2.05
xc_XC843997_066,xc,XC843997,70.89052154195012,71.02984126984127,139,36,6.154,True,1.42,4.7
xc_XC843997_067,xc,XC843997,71.12272108843537,71.26204081632652,139,35,6.518,True,6.13,11.37
xc_XC843997_068,xc,XC843997,71.35492063492063,71.4942403628118,139,8,6.087,False,1.47,-1.92
xc_XC843997_069,xc,XC843997,71.55809523809523,71.6974149659864,139,-1,6.107,False,4.05,12.3
xc_XC843997_070,xc,XC843997,71.77287981859409,71.95283446712018,179,21,6.152,True,4.05,10.04
xc_XC843997_071,xc,XC843997,74.70439909297052,74.89015873015873,185,5,5.487,False,2.76,4.67
xc_XC843997_072,xc,XC843997,76.75936507936507,76.78258503401361,23,49,5.434,False,-2.29,4.45
xc_XC843997_073,xc,XC843997,79.0291156462585,79.09297052154196,63,25,6.003,False,10.42,8.5
xc_XC843997_074,xc,XC843997,79.18585034013606,79.25551020408163,69,-1,7.695,True,5.54,12.51
xc_XC843997_075,xc,XC843997,79.39482993197278,79.46448979591837,69,-1,6.1,False,-2.51,5.19
xc_XC843997_076,xc,XC843997,83.07519274376418,83.20870748299319,133,8,6.049,False,-1.01,3.63
xc_XC843997_077,xc,XC843997,83.62666666666667,83.64988662131519,23,49,5.015,False,-2.4,4.31
xc_XC843997_078,xc,XC843997,83.90530612244898,83.9285260770975,23,49,4.838,False,-2.43,4.47
xc_XC843997_079,xc,XC843997,84.30004535147393,84.38712018140589,87,-1,8.67,True,7.3,10.75
xc_XC843997_080,xc,XC843997,84.57868480725622,84.67156462585034,92,-1,6.552,True,4.05,13.09
xc_XC843997_081,xc,XC843997,84.78766439909298,84.8689342403628,81,-1,7.104,True,5.54,12.78
xc_XC843997_082,xc,XC843997,85.01405895691609,85.1069387755102,92,-1,6.855,True,4.97,12.89
xc_XC843997_083,xc,XC843997,85.77451247165533,85.82095238095238,46,-1,6.838,True,0.64,6.98
xc_XC843997_084,xc,XC843997,85.96027210884354,86.12281179138323,162,8,5.397,False,1.34,-1.69
xc_XC843997_085,xc,XC843997,90.41850340136055,90.6507029478458,232,30,5.647,False,3.87,8.11
xc_XC843997_086,xc,XC843997,90.69714285714284,90.72036281179138,23,49,4.106,False,-2.21,4.4
xc_XC843997_087,xc,XC843997,91.41696145124716,91.50984126984127,92,24,6.312,True,4.74,12.93
xc_XC843997_088,xc,XC843997,91.69560090702949,91.7884807256236,92,-1,6.884,True,5.55,12.72
xc_XC843997_089,xc,XC843997,91.85233560090704,91.96843537414966,116,8,6.474,True,1.31,-1.95
xc_XC843997_090,xc,XC843997,92.13097505668934,92.2702947845805,139,-1,6.717,True,5.36,13.58
xc_XC843997_091,xc,XC843997,98.51065759637189,98.55709750566892,46,-1,8.61,True,2.53,4.52
xc_XC843997_092,xc,XC843997,98.67319727891156,98.69641723356008,23,49,5.081,False,-2.53,4.31
xc_XC843997_093,xc,XC843997,99.10857142857142,99.27111111111113,162,8,5.049,False,1.37,-1.97
xc_XC843997_094,xc,XC843997,102.8818140589569,102.9514739229025,69,-1,7.52,True,5.87,13.0
xc_XC843997_095,xc,XC843997,103.1546485260771,103.20108843537416,46,-1,7.914,True,5.82,12.88
xc_XC843997_096,xc,XC843997,107.0439909297052,107.1136507936508,69,-1,7.259,True,5.54,12.7
xc_XC843997_097,xc,XC843997,108.17015873015872,108.19337868480724,23,49,5.002,False,-2.04,4.3
xc_XC843997_098,xc,XC843997,108.44879818594104,108.54167800453514,92,24,6.563,True,5.55,13.05
xc_XC843997_099,xc,XC843997,109.00607709750568,109.19183673469388,185,8,6.583,True,1.43,-2.08
xc_XC843997_100,xc,XC843997,115.5715192743764,115.6818140589569,110,-1,6.945,True,5.71,11.82
xc_XC843997_101,xc,XC843997,115.8443537414966,115.96045351473924,116,18,5.834,False,1.22,15.5
xc_XC843997_102,xc,XC843997,121.06884353741496,121.13850340136057,69,-1,8.3,True,5.95,10.87
xc_XC843997_103,xc,XC843997,121.3707029478458,121.41714285714284,46,-1,7.979,True,3.84,9.25
xc_XC843997_104,xc,XC843997,121.48680272108844,121.6261224489796,139,8,5.749,False,1.45,-2.02
xc_XC843997_105,xc,XC843997,121.7190022675737,121.76544217687074,46,8,5.222,False,1.33,-1.6
xc_XC843997_106,xc,XC843997,121.85832199546483,121.95120181405896,92,24,6.746,True,5.65,13.68
xc_XC843997_107,xc,XC843997,122.1601814058957,122.3111111111111,150,8,7.21,True,1.53,-2.53
xc_XC843997_108,xc,XC843997,122.79873015873017,122.86839002267574,69,-1,6.144,True,-2.15,4.51
xc_XC843997_109,xc,XC843997,123.21668934240364,123.23990929705217,23,49,5.746,False,-2.06,4.59
xc_XC843997_110,xc,XC843997,123.79718820861676,123.95972789115646,162,26,6.222,True,4.96,8.97
xc_XC843997_111,xc,XC843997,137.45632653061224,137.47954648526076,23,49,5.749,False,-2.37,4.61
xc_XC843997_112,xc,XC843997,137.57242630385488,137.65950113378685,87,-1,7.706,True,7.16,10.87
xc_XC843997_113,xc,XC843997,137.82784580498867,137.92072562358274,92,24,7.172,True,4.28,12.85
xc_XC843997_114,xc,XC843997,138.12390022675737,138.17034013605442,46,-1,8.069,True,3.58,12.26
xc_XC843997_115,xc,XC843997,138.30965986394557,138.44897959183675,139,-1,6.869,True,5.46,13.18
xc_XC843997_116,xc,XC843997,138.82049886621314,138.86693877551022,46,-1,8.365,True,5.51,13.33
xc_XC843997_117,xc,XC843997,138.89015873015873,138.95981859410432,69,-1,7.702,True,3.48,9.71
xc_XC843997_118,xc,XC843997,139.0701133786848,139.1629931972789,92,8,5.243,False,1.38,-1.65
xc_XC843997_119,xc,XC843997,139.44743764172335,139.63319727891158,185,49,6.037,False,1.4,4.67
xc_XC843997_120,xc,XC843997,139.72607709750568,139.7899319727891,63,-1,8.495,True,3.4,12.79
xc_XC843997_121,xc,XC843997,143.81278911564624,144.01596371882087,203,25,6.042,False,1.69,4.93
xc_XC843997_122,xc,XC843997,157.10040816326529,157.129433106576,29,49,6.018,False,-2.01,4.32
xc_XC843997_123,xc,XC843997,165.2564172335601,165.2796371882086,23,49,5.831,False,-2.26,4.23
xc_XC843997_124,xc,XC843997,165.67437641723356,165.76725623582766,92,-1,6.926,True,6.68,10.67
xc_XC843997_125,xc,XC843997,166.37097505668936,166.39419501133787,23,49,4.816,False,-2.51,4.38
xc_XC843997_126,xc,XC843997,166.4348299319728,166.48707482993197,52,-1,7.234,True,-2.35,4.46
xc_XC843997_127,xc,XC843997,166.55092970521542,166.67283446712017,121,8,5.147,False,1.31,-1.63
xc_XC843997_128,xc,XC843997,166.71927437641722,166.8063492063492,87,-1,8.624,True,7.35,10.33
xc_XC843997_129,xc,XC843997,166.8585941043084,166.94566893424036,87,-1,7.814,True,5.31,12.64
xc_XC843997_130,xc,XC843997,167.061768707483,167.17786848072564,116,-1,5.579,False,-1.91,4.03
xc_XC843997_131,xc,XC843997,167.49714285714288,167.59002267573695,92,26,7.024,True,3.14,5.04
xc_XC843997_132,xc,XC843997,167.61324263038549,167.65968253968254,46,49,7.007,True,0.42,7.16
xc_XC843997_133,xc,XC843997,168.1705215419501,168.2634013605442,92,47,6.232,True,0.56,0.85
xc_XC843997_134,xc,XC843997,168.28662131519275,168.3098412698413,23,-1,5.588,False,-1.52,4.58
xc_XC843997_135,xc,XC843997,168.37950113378685,168.44916099773243,69,-1,6.982,True,5.97,10.45
xc_XC843997_136,xc,XC843997,168.56526077097507,168.72780045351473,162,19,5.481,False,1.87,10.8
xc_XC843997_137,xc,XC843997,172.0540589569161,172.0772789115646,23,49,5.933,False,-1.93,4.39
xc_XC843997_138,xc,XC843997,174.80562358276646,174.9449433106576,139,10,6.493,True,-1.02,10.6
xc_XC843997_139,xc,XC843997,175.03782312925168,175.1307029478458,92,-1,7.125,True,1.78,7.71
xc_XC843997_140,xc,XC843997,175.14811791383218,175.17133786848072,23,-1,5.391,False,-1.85,4.5
xc_XC843997_141,xc,XC843997,175.26421768707482,175.3338775510204,69,-1,7.597,True,2.41,8.92
xc_XC843997_142,xc,XC843997,175.45578231292518,175.54285714285714,87,-1,6.532,True,0.17,6.33
xc_XC843997_143,xc,XC843997,175.93759637188208,176.1233560090703,185,5,6.092,False,3.12,4.37
xc_XC843997_144,xc,XC843997,181.3942857142857,181.4813605442177,87,-1,7.191,True,1.62,6.93
xc_XC843997_145,xc,XC843997,181.6671201814059,181.76,92,24,6.406,True,5.4,13.53
xc_XC843997_146,xc,XC843997,181.85868480725625,181.9689795918368,110,-1,5.697,False,-1.5,8.25
xc_XC843997_147,xc,XC843997,182.04444444444445,182.22439909297051,179,8,6.164,True,1.42,-1.6
xc_XC843997_148,xc,XC843997,183.33315192743763,183.3795918367347,46,-1,6.525,True,-1.03,4.17
xc_XC843997_149,xc,XC843997,183.42603174603173,183.4724716553288,46,-1,6.211,True,-2.05,4.41
xc_XC845169_000,xc,XC845169,4.980680272108843,5.038730158730158,58,47,6.462,True,1.63,2.4
xc_XC845169_001,xc,XC845169,5.137414965986394,5.456689342403627,319,-1,5.689,False,3.47,6.61
xc_XC845169_002,xc,XC845169,5.5089342403628105,5.642448979591836,133,33,7.353,True,7.71,10.01
xc_XC845169_003,xc,XC845169,5.741133786848072,5.921088435374148,179,19,4.254,False,2.06,11.53
xc_XC845169_004,xc,XC845169,5.967528344671201,6.176507936507935,208,26,5.788,False,5.23,9.06
xc_XC845169_005,xc,XC845169,6.26938775510204,6.4551473922902485,185,10,4.132,False,-1.37,11.24
xc_XC845169_006,xc,XC845169,6.548027210884353,6.664126984126983,116,31,5.178,False,7.09,6.06
xc_XC845169_007,xc,XC845169,17.774875283446708,17.896780045351473,121,31,4.989,False,5.33,7.39
xc_XC845169_008,xc,XC845169,18.23927437641723,18.30893424036281,69,47,5.25,False,1.02,3.01
xc_XC845169_009,xc,XC845169,18.42503401360544,18.93587301587301,510,-1,6.462,True,6.22,11.99
xc_XC845169_010,xc,XC845169,19.005532879818592,19.168072562358272,162,19,4.757,False,2.12,11.46
xc_XC845169_011,xc,XC845169,19.23192743764172,19.42349206349206,191,26,5.879,False,5.22,9.15
xc_XC845169_012,xc,XC845169,19.510566893424038,19.70213151927437,191,10,4.036,False,-1.24,11.26
xc_XC845169_013,xc,XC845169,20.392925170068025,20.509024943310656,116,13,5.392,False,7.69,6.03
xc_XC855719_000,xc,XC855719,0.023219954648526,0.1393197278911564,116,5,5.595,False,3.36,4.66
xc_XC855719_001,xc,XC855719,0.2089795918367347,0.2321995464852607,23,49,3.204,False,-1.75,5.14
xc_XC855719_002,xc,XC855719,0.3482993197278911,0.5804988662131519,232,-1,3.92,False,2.67,5.98
xc_XC855719_003,xc,XC855719,0.7430385487528345,0.905578231292517,162,49,4.084,False,1.56,7.39
xc_XC855719_004,xc,XC855719,5.410249433106576,5.46249433106576,52,49,4.038,False,-1.39,5.58
xc_XC855719_005,xc,XC855719,28.386394557823127,28.409614512471656,23,49,3.105,False,-2.07,4.73
xc_XC855719_006,xc,XC855719,28.50249433106576,28.595374149659865,92,7,4.425,False,-5.16,5.93
xc_XC855719_007,xc,XC855719,28.73469387755102,28.85079365079365,116,47,4.854,False,0.48,4.27
xc_XC855719_008,xc,XC855719,28.990113378684807,29.262947845804987,272,49,4.128,False,0.6,7.7
xc_XC855719_009,xc,XC855719,29.61705215419501,29.95374149659864,336,49,4.053,False,1.73,7.59
xc_XC855719_010,xc,XC855719,32.066757369614514,32.13641723356009,69,-1,5.864,False,3.35,9.68
xc_XC855719_011,xc,XC855719,36.107029478458045,36.13024943310658,23,49,3.439,False,-1.44,5.33
xc_XC855719_012,xc,XC855719,36.7049433106576,36.77460317460317,69,-1,6.85,True,-0.76,4.63
xc_XC855719_013,xc,XC855719,38.04589569160998,38.09233560090703,46,-1,5.266,False,-1.35,4.98
xc_XC855719_014,xc,XC855719,39.41587301587302,39.61904761904762,203,49,5.184,False,1.46,7.35
xc_XC855719_015,xc,XC855719,42.37061224489796,42.4344671201814,63,-1,6.025,False,-0.55,5.28
xc_XC855719_016,xc,XC855719,42.73632653061224,42.92208616780045,185,8,4.872,False,3.03,1.01
xc_XC855719_017,xc,XC855719,57.00498866213152,57.213968253968254,208,26,4.225,False,4.21,8.54
xc_XC855719_018,xc,XC855719,61.92181405895692,62.01469387755102,92,49,5.182,False,0.17,6.38
xc_XC855719_019,xc,XC855719,63.22213151927438,63.285986394557824,63,47,6.221,True,-0.25,3.94
xc_XC855719_020,xc,XC855719,66.01433106575963,66.10721088435375,92,49,3.91,False,-0.94,6.23
xc_XC855719_021,xc,XC855719,66.7980045351474,66.84444444444443,46,49,4.019,False,-1.8,5.39
xc_XC855719_022,xc,XC855719,66.98956916099773,67.07664399092971,87,-1,4.751,False,-0.28,4.97
xc_XC855719_023,xc,XC855719,67.2391836734694,67.39591836734694,156,49,4.029,False,1.06,7.82
xc_XC855719_024,xc,XC855719,67.7209977324263,67.796462585034,75,49,4.381,False,-1.63,5.02
xc_XC855719_025,xc,XC855719,68.23183673469387,68.37115646258503,139,49,4.033,False,0.66,7.79
xc_XC855719_026,xc,XC855719,68.6033560090703,68.76589569160997,162,8,5.0,False,1.35,7.81
xc_XC855719_027,xc,XC855719,69.17804988662132,69.23029478458051,52,49,6.733,True,-1.66,5.77
xc_XC855719_028,xc,XC855719,76.78258503401361,76.85804988662132,75,6,5.637,False,-5.62,8.41
xc_XC855719_029,xc,XC855719,77.02058956916099,77.15990929705217,139,32,4.823,False,-0.15,9.77
xc_XC855719_030,xc,XC855719,77.29922902494332,77.42693877551021,127,41,5.744,False,-1.29,8.8
xc_XC855719_031,xc,XC855719,77.65913832199546,77.82748299319728,168,8,3.958,False,1.54,-2.12
xc_XC855719_032,xc,XC855719,78.05968253968254,78.1990022675737,139,8,4.623,False,1.66,-2.01
xc_XC855719_033,xc,XC855719,78.35573696145124,78.49505668934239,139,8,4.486,False,1.23,-2.26
xc_XC855719_034,xc,XC855719,78.5879365079365,78.79691609977324,208,7,3.813,False,-5.14,5.82
xc_XC855719_035,xc,XC855719,78.95945578231293,79.09297052154196,133,8,5.268,False,0.59,-1.83
xc_XC855719_036,xc,XC855719,79.33097505668934,79.37741496598639,46,47,5.929,False,0.22,3.54
xc_XC855719_037,xc,XC855719,81.70521541950114,81.72843537414965,23,49,5.068,False,-2.58,4.71
xc_XC855719_038,xc,XC855719,81.94321995464853,82.19283446712018,249,7,4.025,False,2.95,9.72
xc_XC855719_039,xc,XC855719,83.27836734693878,83.32480725623583,46,-1,5.896,False,0.45,4.27
xc_XC855719_040,xc,XC855719,90.79002267573696,90.85968253968254,69,40,6.125,True,1.22,5.94
xc_XC855719_041,xc,XC855719,91.50984126984127,91.59691609977324,87,7,4.761,False,-4.98,6.01
xc_XC855719_042,xc,XC855719,91.62013605442176,91.718820861678,98,-1,4.599,False,-0.35,7.07
xc_XC855719_043,xc,XC855719,92.06131519274376,92.09034013605442,29,49,4.164,False,-1.65,5.22
xc_XC855719_044,xc,XC855719,100.24054421768707,100.26956916099772,29,49,3.844,False,-1.23,4.92
xc_XC855719_045,xc,XC855719,100.501768707483,100.61206349206348,110,-1,5.16,False,-0.32,2.84
xc_XC855719_046,xc,XC855719,102.57995464852608,102.7134693877551,133,7,4.734,False,-4.96,5.55
xc_XC855719_047,xc,XC855719,103.34040816326532,103.41006802721088,69,-1,5.229,False,0.39,6.4
xc_XC855719_048,xc,XC855719,104.19954648526075,104.44916099773242,249,10,4.221,False,-2.25,12.07
xc_XC855719_049,xc,XC855719,104.72780045351472,104.84390022675736,116,32,6.311,True,-0.48,9.94
xc_XC855719_050,xc,XC855719,104.95419501133787,105.04707482993196,92,-1,5.209,False,-0.32,8.56
xc_XC855719_051,xc,XC855719,105.09351473922902,105.23283446712016,139,10,5.167,False,-2.11,11.33
xc_XC855719_052,xc,XC855719,122.57233560090702,122.66521541950114,92,-1,5.579,False,4.28,13.01
xc_XC855719_053,xc,XC855719,122.7522902494331,122.86839002267574,116,-1,5.593,False,-0.31,7.15
xc_XC855719_054,xc,XC855719,122.92063492063492,123.0831746031746,162,49,5.162,False,1.34,7.48
xc_XC855719_055,xc,XC855719,123.44888888888887,123.51854875283446,69,-1,6.966,True,4.82,13.21
xc_XC856449_000,xc,XC856449,9.200907029478458,9.346031746031745,145,8,5.289,False,-1.89,7.79
xc_XC856449_001,xc,XC856449,15.330975056689342,15.539954648526075,208,7,5.085,False,-5.36,6.61
xc_XC856449_002,xc,XC856449,20.25360544217687,20.38712018140589,133,49,5.628,False,0.46,6.78
xc_XC856449_003,xc,XC856449,24.29968253968254,24.41578231292517,116,7,4.955,False,-5.54,6.41
xc_XC856449_004,xc,XC856449,50.73560090702947,50.87492063492064,139,7,4.913,False,-5.34,6.29
xc_XC858135_000,xc,XC858135,0.0,0.023219954648526,23,49,8.652,True,-3.64,5.29
xc_XC858135_001,xc,XC858135,4.957460317460317,4.992290249433107,34,49,7.171,True,-1.47,4.3
xc_XC858135_002,xc,XC858135,18.26249433106576,18.355374149659863,92,47,7.237,True,-1.36,2.75
xc_XC858135_003,xc,XC858135,59.86684807256236,59.913287981859405,46,8,6.982,True,1.4,-1.65
xc_XC858135_004,xc,XC858135,61.57931972789115,61.64897959183673,69,-1,7.383,True,-1.18,2.86
xc_XC858135_005,xc,XC858135,61.95083900226757,62.13659863945578,185,8,7.154,True,1.36,-1.87
xc_XC893943_000,xc,XC893943,1.9214512471655325,1.9446712018140584,23,49,3.611,False,-2.27,5.03
xc_XC893943_001,xc,XC893943,1.9678911564625845,1.9911111111111108,23,49,3.93,False,-2.02,4.53
xc_XC893943_002,xc,XC893943,2.0143310657596367,2.1768707482993195,162,-1,5.115,False,-2.08,11.38
xc_XC893943_003,xc,XC893943,3.6339229024943305,3.796462585034013,162,10,3.768,False,-2.31,11.54
xc_XC893943_004,xc,XC893943,4.417596371882086,4.5627210884353735,145,21,5.019,False,4.44,10.25
xc_XC893943_005,xc,XC893943,6.130068027210883,6.38548752834467,255,10,4.623,False,0.79,8.5
xc_XC893943_006,xc,XC893943,7.0588662131519255,7.192380952380951,133,40,4.299,False,1.11,6.99
xc_XC893943_007,xc,XC893943,7.883174603174601,7.906394557823128,23,49,3.509,False,-2.07,5.0
xc_XC893943_008,xc,XC893943,7.95283446712018,8.074739229024942,121,-1,5.832,False,-1.96,6.75
xc_XC893943_009,xc,XC893943,8.626213151927436,8.835192743764171,208,49,5.79,False,2.28,7.77
xc_XC893943_010,xc,XC893943,11.998911564625848,12.091791383219952,92,49,4.344,False,-2.62,5.05
xc_XC893943_011,xc,XC893943,12.283356009070292,12.30657596371882,23,49,4.63,False,-3.28,4.63
xc_XC893943_012,xc,XC893943,12.42267573696145,12.64907029478458,226,24,4.884,False,1.05,14.03
xc_XC893943_013,xc,XC893943,12.69551020408163,12.829024943310657,133,24,5.066,False,-0.11,13.51
xc_XC893943_014,xc,XC893943,12.88126984126984,13.014784580498866,133,30,5.473,False,4.57,7.94
xc_XC893943_015,xc,XC893943,13.084444444444442,13.45596371882086,371,39,5.076,False,3.63,5.86
xc_XC893943_016,xc,XC893943,13.618503401360542,13.734603174603173,116,24,5.272,False,4.02,13.26
xc_XC893943_017,xc,XC893943,13.850702947845802,14.013242630385484,162,24,4.833,False,5.55,13.82
xc_XC893943_018,xc,XC893943,17.113106575963716,17.182766439909294,69,49,5.752,False,-0.66,6.94
xc_XC893943_019,xc,XC893943,17.832925170068027,17.949024943310654,116,49,6.272,True,-1.65,5.0
xc_XC893943_020,xc,XC893943,18.41342403628117,18.55274376417233,139,47,5.429,False,1.01,2.73
xc_XC893944_000,xc,XC893944,1.3699773242630386,1.4628571428571429,92,8,5.458,False,1.71,-1.28
xc_XC893944_001,xc,XC893944,1.7356916099773243,1.7589115646258504,23,49,4.401,False,-2.4,4.56
xc_XC893944_002,xc,XC893944,1.8285714285714283,1.8517913832199544,23,-1,5.198,False,-2.42,4.56
xc_XC893944_003,xc,XC893944,1.9214512471655327,1.991111111111111,69,48,5.674,False,-2.52,4.86
xc_XC90251_000,xc,XC90251,3.424943310657596,3.4946031746031743,69,49,2.88,False,-3.09,5.08
xc_XC90251_001,xc,XC90251,4.487256235827664,4.70204081632653,214,8,3.414,False,1.5,-0.69
xc_XC90251_002,xc,XC90251,7.267845804988662,7.291065759637188,23,49,2.423,False,-2.33,5.04
xc_XC90251_003,xc,XC90251,11.517097505668936,11.673832199546483,156,-1,5.155,False,0.22,8.03
xc_XC90251_004,xc,XC90251,12.283356009070294,12.503945578231292,220,49,3.872,False,0.53,7.95
xc_XC90251_005,xc,XC90251,14.686621315192744,14.889795918367346,203,49,3.842,False,-4.92,5.97
xc_XC90251_006,xc,XC90251,15.696689342403628,15.882448979591835,185,-1,4.847,False,-0.1,7.95
xc_XC90251_007,xc,XC90251,16.62548752834467,16.80544217687075,179,49,4.629,False,0.89,8.11
xc_XC90251_008,xc,XC90251,17.22920634920635,17.438185941043084,208,49,3.868,False,0.81,7.91
xc_XC90251_009,xc,XC90251,21.45523809523809,21.501678004535147,46,-1,3.376,False,-2.89,5.05
xc_XC90251_010,xc,XC90251,22.58721088435374,22.726530612244897,139,49,4.317,False,0.29,7.96
xc_XC90251_011,xc,XC90251,24.160362811791384,24.317097505668936,156,-1,5.431,False,1.18,8.09
xc_XC90251_012,xc,XC90251,26.354648526077096,26.40108843537415,46,49,3.896,False,-1.55,5.54
xc_XC90251_013,xc,XC90251,27.190566893424037,27.237006802721087,46,49,4.743,False,-2.79,5.92
xc_XC90251_014,xc,XC90251,27.35310657596372,27.44598639455782,92,-1,2.997,False,-2.26,5.38
xc_XC90251_015,xc,XC90251,28.28190476190476,28.32834467120181,46,-1,4.006,False,-1.65,5.37
xc_XC90251_016,xc,XC90251,28.560544217687077,28.606984126984127,46,49,2.879,False,-2.57,5.24
xc_XC90252_000,xc,XC90252,0.2321995464852607,0.4411791383219953,208,8,3.066,False,1.45,-1.02
xc_XC90252_001,xc,XC90252,1.0216780045351472,1.253877551020408,232,8,3.784,False,1.7,-0.47
xc_XC90252_002,xc,XC90252,1.9446712018140584,2.223310657596372,278,49,4.023,False,0.9,8.03
xc_XC90252_003,xc,XC90252,3.1230839002267565,3.28562358276644,162,49,4.613,False,0.91,8.24
xc_XC90252_004,xc,XC90252,4.191201814058956,4.353741496598639,162,35,5.384,False,7.11,10.61
xc_XC90252_005,xc,XC90252,4.812335600907028,5.0909750566893415,278,18,4.038,False,1.33,13.81
xc_XC90252_006,xc,XC90252,5.549569160997732,5.828208616780044,278,8,3.815,False,-0.04,7.99
xc_XC90252_007,xc,XC90252,6.38548752834467,6.594467120181404,208,8,3.179,False,1.24,-1.08
xc_XC90252_008,xc,XC90252,7.244625850340135,7.53487528344671,290,8,4.064,False,1.97,-0.01
xc_XC90252_009,xc,XC90252,8.695873015873014,8.90485260770975,208,49,4.734,False,0.87,8.24
xc_XC90252_010,xc,XC90252,9.502766439909296,9.624671201814056,121,49,4.666,False,0.97,8.06
xc_XC90252_011,xc,XC90252,10.733424036281178,10.93659863945578,203,33,5.409,False,7.17,10.41
xc_XC90252_012,xc,XC90252,11.493877551020407,11.70285714285714,208,18,4.384,False,1.0,14.32
xc_XC90252_013,xc,XC90252,12.712925170068026,12.927709750566892,214,8,3.339,False,1.57,-0.91
xc_XC90252_014,xc,XC90252,13.45596371882086,13.68816326530612,232,8,3.802,False,1.61,-0.61
xc_XC90252_015,xc,XC90252,14.291882086167798,14.547301587301584,255,-1,5.024,False,0.91,8.19
xc_XC90252_016,xc,XC90252,15.168435374149658,15.33097505668934,162,49,4.988,False,0.92,8.25
xc_XC90252_017,xc,XC90252,15.90566893424036,16.230748299319725,325,-1,4.186,False,0.25,8.01
xc_XC90252_018,xc,XC90252,16.811247165532876,17.037641723356007,226,33,5.655,False,7.28,10.43
xc_XC90252_019,xc,XC90252,17.565895691609974,17.827120181405892,261,18,4.61,False,1.05,14.36
xc_XC90252_020,xc,XC90252,18.35537414965986,18.680453514739227,325,-1,4.363,False,-1.86,6.81
xc_XC90252_021,xc,XC90252,19.603446712018137,19.81242630385487,208,8,3.481,False,1.22,-1.15
xc_XC90252_022,xc,XC90252,20.433560090702944,20.71219954648526,278,8,3.523,False,1.71,-0.68
xc_XC90252_023,xc,XC90252,21.664217687074828,21.890612244897955,226,24,5.175,False,1.01,8.37
xc_XC90252_024,xc,XC90252,22.67428571428571,22.81360544217687,139,49,4.941,False,0.71,8.08
xc_XC90252_025,xc,XC90252,23.67274376417233,23.88172335600907,208,33,5.372,False,7.29,10.59
xc_XC90252_026,xc,XC90252,24.40997732426304,24.66539682539682,255,18,4.843,False,0.95,14.46
xc_XC90252_027,xc,XC90252,25.100770975056687,25.402630385487527,301,8,4.113,False,0.09,7.98
xc_XC90252_028,xc,XC90252,25.913469387755097,26.14566893424036,232,8,3.117,False,1.51,-0.95
xc_XC90252_029,xc,XC90252,26.74938775510204,27.02222222222222,272,8,3.942,False,1.81,-0.29
xc_XC90252_030,xc,XC90252,27.69560090702948,27.90458049886621,208,24,5.077,False,4.79,12.74
xc_XC90252_031,xc,XC90252,32.130612244897954,32.20607709750566,75,49,3.22,False,-2.01,5.61
xc_XC90252_032,xc,XC90252,33.23936507936507,33.262585034013604,23,49,2.166,False,-2.16,5.23
xc_XC925259_000,xc,XC925259,4.493061224489796,4.539501133786848,46,-1,5.275,False,-0.29,6.77
xc_XC925259_001,xc,XC925259,4.742675736961451,4.794920634920636,52,-1,5.458,False,-0.01,6.68
xc_XC925259_002,xc,XC925259,4.998095238095238,5.08517006802721,87,-1,5.175,False,0.09,6.87
xc_XC925259_003,xc,XC925259,5.178049886621315,5.2477097505668935,69,-1,5.927,False,0.25,6.73
xc_XC925259_004,xc,XC925259,5.317369614512471,5.38702947845805,69,-1,6.372,True,-1.33,2.36
xc_XC925259_005,xc,XC925259,5.4334693877551015,5.50312925170068,69,47,6.595,True,-1.48,2.71
xc_XC925259_006,xc,XC925259,5.572789115646258,5.735328798185941,162,28,6.101,False,8.16,8.59
xc_XC925259_007,xc,XC925259,5.787573696145125,5.944308390022676,156,9,8.181,True,5.43,11.7
xc_XC925259_008,xc,XC925259,5.9675283446712015,6.106848072562358,139,6,5.813,False,-5.2,9.2
xc_XC925259_009,xc,XC925259,6.176507936507936,6.362267573696145,185,-1,5.816,False,4.7,12.31
xc_XC925259_010,xc,XC925259,6.408707482993197,6.524807256235827,116,-1,6.002,False,6.14,13.66
xc_XC925259_011,xc,XC925259,6.687346938775511,6.867301587301587,179,37,6.078,False,7.6,4.48
xc_XC925259_012,xc,XC925259,25.570975056689345,25.704489795918366,133,8,6.171,True,1.02,-1.49
xc_XC925259_013,xc,XC925259,25.77995464852608,25.890249433106572,110,8,6.445,True,0.54,-1.05
xc_XC925259_014,xc,XC925259,25.93668934240363,26.14566893424036,208,8,5.571,False,1.19,-1.86
xc_XC925259_015,xc,XC925259,26.21532879818594,26.354648526077096,139,8,5.84,False,1.07,-1.96
xc_XC925259_016,xc,XC925259,26.4475283446712,26.58684807256236,139,8,5.97,False,1.19,-1.83
xc_XC925259_017,xc,XC925259,26.633287981859407,26.79002267573696,156,8,6.127,True,0.72,-1.72
xc_XC925259_018,xc,XC925259,26.842267573696148,27.11510204081633,272,8,5.193,False,1.05,-1.8
xc_XC925259_019,xc,XC925259,27.190566893424037,27.370521541950115,179,8,5.348,False,1.12,-1.75
xc_XC925259_020,xc,XC925259,27.486621315192743,27.602721088435374,116,8,5.62,False,0.49,-1.63
xc_XC925259_021,xc,XC925259,27.80589569160998,27.921995464852607,116,8,5.918,False,0.92,-2.03
xc_XC925259_022,xc,XC925259,28.014875283446717,28.15419501133787,139,8,5.304,False,1.14,-1.88
xc_XC925259_023,xc,XC925259,28.223854875283447,28.33995464852608,116,8,5.213,False,1.08,-1.89
xc_XC925259_024,xc,XC925259,28.386394557823127,28.54893424036281,162,8,5.166,False,-0.02,-1.45
xc_XC925259_025,xc,XC925259,28.73469387755102,28.827573696145127,92,49,5.515,False,0.34,4.75
xc_XC925259_026,xc,XC925259,29.03655328798186,29.15265306122449,116,8,5.576,False,1.0,-1.93
xc_XC925259_027,xc,XC925259,29.26875283446712,29.471927437641725,203,8,4.936,False,0.74,-1.77
xc_XC925259_028,xc,XC925259,29.5415873015873,29.68090702947846,139,8,5.306,False,0.96,-1.93
xc_XC925259_029,xc,XC925259,29.756371882086167,29.895691609977323,139,8,5.481,False,0.98,-1.77
xc_XC925259_030,xc,XC925259,29.976961451247163,30.139501133786847,162,8,5.618,False,1.25,-1.92
xc_XC925259_031,xc,XC925259,30.19174603174603,30.33106575963719,139,8,5.623,False,0.65,-1.82
xc_XC925259_032,xc,XC925259,30.400725623582765,30.55746031746032,156,8,5.376,False,0.14,-1.44
xc_XC925259_033,xc,XC925259,30.627120181405896,30.812879818594105,185,8,5.315,False,1.01,-1.69
xc_XC925259_034,xc,XC925259,30.85931972789116,31.02185941043084,162,8,5.918,False,0.96,-1.71
xc_XC925259_035,xc,XC925259,31.06829931972789,31.23083900226757,162,8,5.897,False,0.62,-1.75
xc_XC925259_036,xc,XC925259,31.30049886621315,31.463038548752834,162,8,5.244,False,0.72,-1.63
xc_XC925259_037,xc,XC925259,31.53269841269841,31.68943310657596,156,8,5.604,False,0.94,-1.8
xc_XC925259_038,xc,XC925259,31.73587301587301,31.8809977324263,145,8,5.92,False,0.21,-1.34
xc_XC925259_039,xc,XC925259,31.950657596371883,32.10739229024944,156,8,5.937,False,-0.09,-1.43
xc_XC925259_040,xc,XC925259,32.17705215419501,32.316371882086166,139,8,6.17,True,0.29,-1.45
xc_XC925259_041,xc,XC925259,32.40925170068027,32.54857142857143,139,8,5.761,False,-0.08,-1.35
xc_XC925259_042,xc,XC925259,32.641451247165534,32.774965986394555,133,8,6.045,False,-0.01,-1.43
xc_XC925259_043,xc,XC925259,32.891065759637186,33.01297052154195,121,8,5.877,False,1.17,-1.87
xc_XC925259_044,xc,XC925259,33.10585034013606,33.26839002267574,162,8,5.204,False,0.95,-1.81
xc_XC925259_045,xc,XC925259,33.44834467120181,33.56444444444445,116,8,5.679,False,0.01,-1.4
xc_XC925259_046,xc,XC925259,33.68054421768707,33.84308390022676,162,8,5.41,False,0.37,-1.49
xc_XC925259_047,xc,XC925259,33.95918367346938,34.115918367346936,156,8,5.492,False,1.1,-1.87
xc_XC925259_048,xc,XC925259,34.21460317460317,34.35392290249433,139,8,5.66,False,0.34,-1.64
xc_XC925259_049,xc,XC925259,34.47002267573696,34.603537414965984,133,8,6.104,False,1.03,-1.82
xc_XC925259_050,xc,XC925259,34.719637188208615,34.8647619047619,145,8,5.428,False,0.8,-1.9
xc_XC925259_051,xc,XC925259,35.015691609977324,35.160816326530615,145,8,5.812,False,0.49,-1.25
xc_XC925259_052,xc,XC925259,35.24789115646258,35.410430839002274,162,8,5.897,False,0.79,-1.71
xc_XC925259_053,xc,XC925259,35.485895691609976,35.64263038548753,156,8,6.039,False,0.11,-1.56
xc_XC925259_054,xc,XC925259,35.735510204081635,35.898049886621315,162,8,5.74,False,0.67,-1.63
xc_XC925259_055,xc,XC925259,35.99092970521542,36.1534693877551,162,8,5.801,False,0.21,-1.5
xc_XC925259_056,xc,XC925259,36.269569160997726,36.38566893424037,116,8,6.461,True,0.05,-1.04
xc_XC925259_057,xc,XC925259,36.52498866213152,36.65850340136055,133,8,5.58,False,0.06,-1.42
xc_XC925259_058,xc,XC925259,37.03002267573696,37.12870748299319,98,5,7.028,True,1.22,-1.7
xc_XC925259_059,xc,XC925259,37.26802721088436,37.40734693877551,139,8,5.606,False,0.31,-1.68
xc_XC925259_060,xc,XC925259,37.5350566893424,37.65696145124717,121,-1,6.429,True,0.49,-1.47
xc_XC925259_061,xc,XC925259,37.95882086167801,38.07492063492064,116,8,5.596,False,0.81,-1.68
xc_XC925259_062,xc,XC925259,38.463854875283445,38.57995464852608,116,8,5.548,False,1.2,-1.84
xc_XC925259_063,xc,XC925259,38.71927437641723,38.83537414965987,116,8,5.904,False,0.88,-1.78
xc_XC925259_064,xc,XC925259,38.951473922902494,39.10820861678005,156,8,5.966,False,0.13,-1.45
xc_XC925259_065,xc,XC925259,39.20689342403628,39.3404081632653,133,8,6.415,True,0.2,-1.28
xc_XC925259_066,xc,XC925259,39.45650793650794,39.60163265306122,145,8,5.694,False,0.09,-1.52
xc_XC925259_067,xc,XC925259,39.71192743764173,39.85124716553288,139,8,5.798,False,-0.13,-1.31
xc_XC925259_068,xc,XC925259,39.96154195011338,40.10666666666666,145,8,6.135,True,0.98,-1.72
xc_XC925259_069,xc,XC925259,40.2227664399093,40.36208616780045,139,49,5.989,False,-0.2,-1.2
xc_XC925259_070,xc,XC925259,40.54204081632653,40.68136054421768,139,8,5.833,False,0.7,-1.44
xc_XC925259_071,xc,XC925259,40.820680272108845,40.96,139,8,5.857,False,1.04,-1.83
xc_XC925259_072,xc,XC925259,41.07609977324263,41.23863945578231,162,8,5.573,False,1.0,-1.84
xc_XC925259_073,xc,XC925259,41.33151927437642,41.47083900226757,139,5,5.999,False,3.11,3.81
xc_XC925259_074,xc,XC925259,41.586938775510205,41.70303854875284,116,5,6.054,False,2.83,3.81
xc_XC925259_075,xc,XC925259,41.83655328798186,41.95845804988662,121,8,5.682,False,1.04,-1.67
xc_XC925259_076,xc,XC925259,42.07455782312925,42.21387755102041,139,8,5.797,False,0.64,-1.57
xc_XC925259_077,xc,XC925259,42.30675736961451,42.46349206349206,156,8,6.04,False,-0.05,-1.35
xc_XC925259_078,xc,XC925259,42.57378684807256,42.69569160997733,121,8,6.014,False,0.76,-1.74
xc_XC925259_079,xc,XC925259,42.80598639455783,42.945306122448976,139,8,5.772,False,0.43,-1.17
xc_XC925259_080,xc,XC925259,43.04399092970522,43.16009070294785,116,5,6.154,True,3.07,3.7
xc_XC925259_081,xc,XC925259,43.27038548752834,43.432925170068025,162,8,5.984,False,-0.23,-1.33
xc_XC925259_082,xc,XC925259,43.549024943310656,43.66512471655329,116,8,6.144,True,0.22,-1.33
xc_XC925259_083,xc,XC925259,43.80444444444444,43.9437641723356,139,8,6.027,False,0.07,-1.27
xc_XC925259_084,xc,XC925259,44.08308390022676,44.21659863945578,133,8,6.068,False,0.41,-1.35
xc_XC925259_085,xc,XC925259,44.33850340136055,44.47201814058957,133,8,6.174,True,-0.07,-1.18
xc_XC925259_086,xc,XC925259,44.59392290249433,44.72743764172336,133,8,5.819,False,0.11,-1.42
xc_XC925259_087,xc,XC925259,44.849342403628114,44.98285714285714,133,8,6.28,True,-0.13,-1.14
xc_XC925259_088,xc,XC925259,45.1221768707483,45.23827664399093,116,5,5.894,False,3.18,3.85
xc_XC925259_089,xc,XC925259,45.40081632653062,45.53433106575964,133,8,6.15,True,0.26,-1.38
xc_XC925259_090,xc,XC925259,45.65043083900227,45.7665306122449,116,8,6.174,True,1.07,-1.71
xc_XC925259_091,xc,XC925259,45.90585034013605,46.04517006802721,139,8,5.72,False,0.68,-1.64
xc_XC925259_092,xc,XC925259,46.20770975056689,46.32380952380953,116,8,5.415,False,-0.01,-1.31
xc_XC925259_093,xc,XC925259,46.46312925170068,46.57922902494332,116,5,6.512,True,2.46,3.55
xc_XC925259_094,xc,XC925259,46.69532879818594,46.82884353741496,133,8,6.333,True,0.01,-1.14
xc_XC925259_095,xc,XC925259,46.95074829931973,47.08426303854875,133,8,6.164,True,0.13,-1.42
xc_XC925259_096,xc,XC925259,47.200362811791386,47.339682539682535,139,8,6.162,True,0.33,-1.41
xc_XC925259_097,xc,XC925259,47.4790022675737,47.61832199546485,139,-1,6.218,True,0.81,-1.43
xc_XC925259_098,xc,XC925259,48.07691609977324,48.198820861678,121,8,5.528,False,1.2,-1.39
xc_XC925259_099,xc,XC925259,48.54131519274377,48.65741496598639,116,49,6.122,False,0.48,4.64
xc_XC925259_100,xc,XC925259,48.8431746031746,48.959274376417234,116,8,6.013,False,1.01,-1.87
xc_XC925259_101,xc,XC925259,49.11600907029479,49.237913832199546,121,-1,6.313,True,0.25,4.05
xc_XC925259_102,xc,XC925259,49.47011337868481,49.60362811791383,133,49,6.182,True,0.42,4.63
xc_XC925259_103,xc,XC925259,49.725532879818594,49.859047619047615,133,8,6.186,True,-0.23,-1.27
xc_XC925259_104,xc,XC925259,49.99836734693877,50.131882086167806,133,-1,6.225,True,0.4,-1.27
xc_XC925259_105,xc,XC925259,50.27120181405896,50.38730158730159,116,8,6.084,False,1.12,-1.72
xc_XC925259_106,xc,XC925259,50.53242630385488,50.6659410430839,133,8,5.995,False,0.16,-1.43
xc_XC925259_107,xc,XC925259,50.80526077097506,50.96780045351474,162,8,5.905,False,0.26,-1.51
xc_XC925259_108,xc,XC925259,51.083900226757365,51.22321995464853,139,8,5.62,False,0.72,-1.59
xc_XC925259_109,xc,XC925259,51.31609977324264,51.45541950113379,139,8,5.886,False,0.12,-1.4
xc_XC925259_110,xc,XC925259,51.57151927437642,51.68181405895692,110,8,6.161,True,0.19,-1.16
xc_XC925259_111,xc,XC925259,51.80371882086168,51.937233560090704,133,8,6.456,True,0.02,-1.43
xc_XC925259_112,xc,XC925259,52.053333333333335,52.19265306122449,139,8,6.347,True,0.69,-1.73
xc_XC925259_113,xc,XC925259,52.30875283446712,52.44807256235828,139,5,6.306,True,3.05,3.75
xc_XC925259_114,xc,XC925259,52.56417233560091,52.697687074829936,133,8,6.451,True,-0.0,-1.21
xc_XC925259_115,xc,XC925259,52.819591836734695,52.95310657596372,133,8,6.193,True,0.08,-1.4
xc_XC925259_116,xc,XC925259,53.07501133786848,53.21433106575964,139,8,5.851,False,0.04,-1.39
xc_XC925259_117,xc,XC925259,53.32462585034013,53.4639455782313,139,8,5.748,False,0.03,-1.37
xc_XC925259_118,xc,XC925259,53.58004535147392,53.71936507936508,139,8,5.549,False,0.03,-1.5
xc_XC925259_119,xc,XC925259,53.83546485260771,53.95156462585034,116,8,6.768,True,1.12,-1.79
xc_XC925259_120,xc,XC925259,54.09088435374149,54.22439909297052,133,8,6.314,True,0.17,-1.56
xc_XC925259_121,xc,XC925259,54.36371882086168,54.48562358276644,121,8,5.741,False,0.96,-1.85
xc_XC925259_122,xc,XC925259,54.61913832199546,54.74104308390023,121,8,5.815,False,0.08,-1.61
xc_XC925259_123,xc,XC925259,54.87455782312925,55.01387755102041,139,8,6.014,False,0.21,-1.49
xc_XC925259_124,xc,XC925259,55.12997732426304,55.26349206349207,133,8,5.835,False,0.69,-1.63
xc_XC925259_125,xc,XC925259,55.40861678004535,55.54213151927438,133,8,5.47,False,1.07,-1.73
xc_XC925259_126,xc,XC925259,55.658231292517,55.77433106575964,116,8,5.61,False,0.53,-1.19
xc_XC925259_127,xc,XC925259,55.93687074829932,56.07619047619048,139,8,5.951,False,1.03,-1.79
xc_XC925259_128,xc,XC925259,56.19229024943311,56.33160997732426,139,8,4.648,False,0.67,-1.66
xc_XC925259_129,xc,XC925259,56.447709750566894,56.563809523809525,116,8,5.87,False,1.09,-1.88
xc_XC925259_130,xc,XC925259,56.69732426303855,56.81922902494331,121,8,5.7,False,0.35,-1.35
xc_XC925259_131,xc,XC925259,56.95274376417234,57.07464852607709,121,8,5.6,False,0.13,-1.26
xc_XC925259_132,xc,XC925259,57.23138321995464,57.34748299319728,116,8,5.924,False,0.94,-1.73
xc_XC925259_133,xc,XC925259,57.48680272108843,57.60290249433106,116,8,5.952,False,0.24,-1.15
xc_XC925259_134,xc,XC925259,57.78285714285715,57.89895691609977,116,8,6.112,False,0.7,-1.64
xc_XC925259_135,xc,XC925259,58.03827664399093,58.15437641723356,116,-1,5.79,False,0.85,-1.63
xc_XC925259_136,xc,XC925259,58.29369614512472,58.409795918367344,116,8,5.587,False,0.59,-1.53
xc_XC925259_137,xc,XC925259,58.54911564625851,58.66521541950113,116,-1,6.33,True,0.29,-1.09
xc_XC925259_138,xc,XC925259,58.80453514739229,58.92063492063492,116,8,6.304,True,0.12,-1.3
xc_XC925259_139,xc,XC925259,59.05995464852608,59.1934693877551,133,8,6.027,False,-0.17,-1.33
xc_XC925259_140,xc,XC925259,59.33278911564626,59.45469387755102,121,8,5.962,False,0.18,-1.44
xc_XC925259_141,xc,XC925259,59.59401360544217,59.71011337868481,116,8,5.314,False,0.28,-1.41
xc_XC925259_142,xc,XC925259,59.913287981859405,60.02358276643991,110,8,6.039,False,0.12,-1.12
xc_XC925259_143,xc,XC925259,60.1687074829932,60.30222222222222,133,8,5.946,False,-0.28,-1.26
xc_XC925259_144,xc,XC925259,60.44734693877551,60.56344671201814,116,8,5.711,False,0.4,-1.03
xc_XC925259_145,xc,XC925259,60.7027664399093,60.81306122448979,110,49,5.7,False,0.24,4.66
xc_XC925259_146,xc,XC925259,60.975600907029474,61.091700680272105,116,-1,5.93,False,0.42,-0.95
xc_XC925259_147,xc,XC925259,61.30068027210885,61.41678004535147,116,8,5.533,False,0.53,-1.19
xc_XC925259_148,xc,XC925259,61.57931972789115,61.68961451247166,110,8,6.204,True,0.51,-1.18
xc_XC925259_149,xc,XC925259,61.87537414965987,61.9740589569161,98,8,5.529,False,0.72,-1.52
xc_XC925259_150,xc,XC925259,62.13079365079365,62.24689342403628,116,8,5.453,False,0.56,-1.7
xc_XC925259_151,xc,XC925259,62.40943310657596,62.519727891156464,110,8,5.893,False,0.81,-1.69
xc_XC925259_152,xc,XC925259,62.68807256235828,62.798367346938775,110,8,6.046,False,1.12,-1.98
xc_XC925259_153,xc,XC925259,62.94349206349207,63.0595918367347,116,8,5.824,False,1.05,-2.03
xc_XC925259_154,xc,XC925259,63.21632653061224,63.33242630385488,116,8,5.51,False,1.24,-1.98
xc_XC925259_155,xc,XC925259,63.49496598639456,63.61106575963719,116,49,5.878,False,0.67,-1.15
xc_XC925259_156,xc,XC925259,63.77360544217687,63.8897052154195,116,8,5.878,False,1.2,-1.97
xc_XC925259_157,xc,XC925259,64.05224489795918,64.16834467120181,116,49,5.762,False,0.37,4.65
xc_XC925259_158,xc,XC925259,64.40054421768707,64.51664399092971,116,49,5.419,False,0.28,4.56
xc_XC925259_159,xc,XC925259,64.74884353741496,64.8649433106576,116,8,5.562,False,0.15,-1.31
xc_XC925259_160,xc,XC925259,65.09133786848072,65.20163265306122,110,8,6.469,True,-0.02,-1.31
xc_XC925259_161,xc,XC925259,65.48607709750567,65.57895691609978,92,8,5.774,False,1.09,-2.06
xc_XC925259_162,xc,XC925259,65.87501133786847,65.99111111111111,116,8,5.588,False,1.03,-1.8
xc_XC925259_163,xc,XC925259,66.2465306122449,66.339410430839,92,49,5.583,False,0.2,4.52
xc_XC925259_164,xc,XC925259,66.64126984126983,66.73414965986395,92,49,5.604,False,0.18,4.23
xc_XC925259_165,xc,XC925259,67.05342403628119,67.1521088435374,98,49,5.862,False,0.21,4.36
xc_XC925259_166,xc,XC925259,67.49460317460318,67.60489795918367,110,8,5.478,False,0.02,-1.29
xc_XC925259_167,xc,XC925259,67.88934240362812,67.98222222222222,92,8,5.732,False,1.25,-1.97
xc_XC925259_168,xc,XC925259,68.2550566893424,68.34793650793651,92,8,6.278,True,1.29,-1.75
xc_XC925259_169,xc,XC925259,68.67301587301587,68.74267573696144,69,8,5.459,False,1.22,-1.72
xc_XC925259_170,xc,XC925259,69.39283446712018,69.43346938775511,40,49,4.631,False,-2.18,4.42
xc_XC925261_000,xc,XC925261,2.919909297052154,2.9605442176870747,40,49,4.306,False,-1.61,4.2
xc_XC925261_001,xc,XC925261,3.221768707482993,3.308843537414966,87,47,4.312,False,-0.89,2.24
xc_XC925261_002,xc,XC925261,3.4713832199546486,3.5410430839002265,69,47,4.863,False,-1.02,2.28
xc_XC925261_003,xc,XC925261,3.680362811791383,3.7500226757369615,69,47,6.118,False,-1.44,2.25
xc_XC925261_004,xc,XC925261,3.866122448979592,3.9357823129251694,69,47,5.638,False,-1.4,2.48
xc_XC925261_005,xc,XC925261,4.005442176870749,4.075102040816327,69,47,6.356,True,-1.39,2.81
xc_XC925261_006,xc,XC925261,4.098321995464853,4.1853968253968254,87,47,8.128,True,-1.11,1.51
xc_XC925261_007,xc,XC925261,4.255056689342404,4.423401360544218,168,28,5.884,False,8.01,8.97
xc_XC925261_008,xc,XC925261,4.487256235827664,4.632380952380952,145,-1,8.556,True,5.32,11.62
xc_XC925261_009,xc,XC925261,4.70204081632653,4.9052154195011335,203,-1,6.595,True,4.81,11.77
xc_XC925261_010,xc,XC925261,4.934240362811791,5.061950113378685,127,24,5.753,False,5.47,14.07
xc_XC925261_011,xc,XC925261,5.131609977324263,5.224489795918367,92,27,9.346,True,7.84,6.87
xc_XC925261_012,xc,XC925261,5.299954648526077,5.479909297052155,179,47,6.106,False,-0.8,2.08
xc_XC925261_013,xc,XC925261,5.572789115646258,5.642448979591837,69,47,5.895,False,-0.89,1.96
xc_XC925261_014,xc,XC925261,5.851428571428571,5.874648526077098,23,-1,4.263,False,-1.78,4.83
xc_XC925261_015,xc,XC925261,6.013968253968254,6.037188208616779,23,49,3.162,False,-2.15,4.93
xc_XC925261_016,xc,XC925261,6.106848072562358,6.130068027210884,23,49,3.318,False,-1.78,4.97
xc_XC925261_017,xc,XC925261,18.889433106575964,18.982312925170067,92,47,4.128,False,-0.79,3.18
xc_XC925261_018,xc,XC925261,19.05197278911565,19.144852607709748,92,47,5.836,False,-1.47,1.99
xc_XC925261_019,xc,XC925261,19.231927437641723,19.3015873015873,69,47,5.655,False,-1.52,2.3
xc_XC925261_020,xc,XC925261,19.35383219954649,19.440907029478456,87,-1,6.775,True,-0.08,6.09
xc_XC925261_021,xc,XC925261,19.46993197278912,19.557006802721087,87,47,7.868,True,-0.81,1.53
xc_XC925261_022,xc,XC925261,19.609251700680275,19.78920634920635,179,28,6.186,True,8.0,8.9
xc_XC925261_023,xc,XC925261,19.841451247165534,19.998185941043083,156,-1,8.527,True,5.39,11.75
xc_XC925261_024,xc,XC925261,20.06784580498866,20.25360544217687,185,-1,6.078,False,4.95,12.08
xc_XC925261_025,xc,XC925261,20.31746031746032,20.43936507936508,121,24,6.042,False,5.52,13.89
xc_XC925261_026,xc,XC925261,20.50902494331066,20.601904761904763,92,27,8.048,True,7.77,7.14
xc_XC925261_027,xc,XC925261,20.67156462585034,20.851519274376415,179,47,5.762,False,-1.0,2.23
xc_XC925261_028,xc,XC925261,20.897959183673468,21.0140589569161,116,47,5.797,False,-1.27,2.28
xc_XC925261_029,xc,XC925261,21.106938775510205,21.199818594104308,92,47,5.456,False,-1.2,2.28
xc_XC925262_000,xc,XC925262,2.6586848072562352,2.7109297052154187,52,47,5.784,False,0.35,4.15
xc_XC925262_001,xc,XC925262,2.8502494331065757,2.914104308390022,63,-1,5.366,False,-0.27,4.61
xc_XC925262_002,xc,XC925262,3.012789115646258,3.1056689342403625,92,-1,4.854,False,-0.45,4.51
xc_XC925262_003,xc,XC925262,3.192743764172335,3.268208616780045,75,-1,5.281,False,-0.19,4.53
xc_XC925262_004,xc,XC925262,3.4249433106575955,3.5178231292517004,92,8,4.98,False,0.02,4.18
xc_XC925262_005,xc,XC925262,3.703582766439909,3.796462585034013,92,8,4.595,False,1.03,-1.24
xc_XC925262_006,xc,XC925262,4.028662131519273,4.121541950113379,92,-1,5.154,False,0.05,4.32
xc_XC925262_007,xc,XC925262,4.214421768707482,4.307301587301587,92,-1,6.015,False,0.12,4.5
xc_XC925262_008,xc,XC925262,4.40018140589569,4.487256235827664,87,-1,6.25,True,0.21,4.05
xc_XC925262_009,xc,XC925262,4.603356009070294,4.70204081632653,98,-1,5.912,False,0.02,4.54
xc_XC925262_010,xc,XC925262,4.794920634920635,4.905215419501133,110,-1,5.407,False,-0.24,4.4
xc_XC925262_011,xc,XC925262,4.957460317460316,5.061950113378685,104,-1,6.019,False,0.04,4.13
xc_XC925262_012,xc,XC925262,5.20126984126984,5.294149659863945,92,-1,5.853,False,-0.44,4.69
xc_XC925262_013,xc,XC925262,5.410249433106576,5.503129251700679,92,40,6.061,False,1.44,5.66
xc_XC925262_014,xc,XC925262,5.61922902494331,5.712108843537414,92,-1,6.606,True,0.56,4.59
xc_XC925262_015,xc,XC925262,5.81079365079365,5.897868480725622,87,-1,5.965,False,0.02,4.26
xc_XC925262_016,xc,XC925262,6.013968253968253,6.130068027210883,116,-1,5.34,False,1.51,5.46
xc_XC925262_017,xc,XC925262,6.246167800453513,6.339047619047618,92,-1,5.473,False,-0.07,4.28
xc_XC925262_018,xc,XC925262,6.431927437641723,6.548027210884353,116,-1,5.537,False,0.59,4.85
xc_XC925262_019,xc,XC925262,6.640907029478457,6.72798185941043,87,-1,6.255,True,0.13,4.56
xc_XC925262_020,xc,XC925262,6.820861678004534,6.91954648526077,98,-1,5.847,False,-0.94,4.54
xc_XC925262_021,xc,XC925262,7.006621315192742,7.122721088435372,116,-1,5.49,False,0.28,4.48
xc_XC925262_022,xc,XC925262,7.221405895691609,7.314285714285713,92,-1,5.892,False,0.2,4.55
xc_XC925262_023,xc,XC925262,7.424580498866212,7.540680272108842,116,-1,5.282,False,1.01,4.93
xc_XC925262_024,xc,XC925262,7.679999999999999,7.79609977324263,116,-1,5.269,False,1.25,5.47
xc_XC925262_025,xc,XC925262,7.95283446712018,8.068934240362811,116,40,5.39,False,1.58,5.83
xc_XC925262_026,xc,XC925262,8.347573696145124,8.463673469387754,116,-1,5.244,False,0.52,4.91
xc_XC925262_027,xc,XC925262,8.649433106575962,8.742312925170067,92,-1,6.115,False,0.97,5.32
xc_XC925262_028,xc,XC925262,8.881632653061223,8.974512471655327,92,-1,6.216,True,0.42,4.46
xc_XC925262_029,xc,XC925262,9.13705215419501,9.224126984126984,87,-1,6.341,True,0.69,4.55
xc_XC925262_030,xc,XC925262,9.346031746031745,9.462131519274376,116,-1,5.736,False,0.93,5.17
xc_XC925262_031,xc,XC925262,9.5956462585034,9.688526077097505,92,-1,6.088,False,0.28,4.52
xc_XC925262_032,xc,XC925262,9.851065759637184,9.943945578231292,92,-1,6.152,True,1.19,5.4
xc_XC925262_033,xc,XC925262,10.083265306122446,10.193560090702944,110,-1,6.386,True,-0.36,4.7
xc_XC925262_034,xc,XC925262,10.269024943310656,10.385124716553284,116,-1,5.385,False,0.34,4.6
xc_XC925262_035,xc,XC925262,10.518639455782312,10.611519274376414,92,-1,6.38,True,0.77,5.41
xc_XC925262_036,xc,XC925262,10.756643990929703,10.843718820861676,87,-1,6.04,False,0.17,4.53
xc_XC925262_037,xc,XC925262,11.00625850340136,11.099138321995463,92,-1,5.697,False,0.32,4.33
xc_XC925262_038,xc,XC925262,11.215238095238094,11.331337868480723,116,-1,5.427,False,0.58,4.83
xc_XC925262_039,xc,XC925262,11.424217687074828,11.540317460317455,116,-1,5.251,False,0.59,4.75
xc_XC925262_040,xc,XC925262,11.673832199546483,11.77251700680272,98,-1,6.2,True,1.04,5.41
xc_XC925262_041,xc,XC925262,11.906031746031744,12.022131519274376,116,-1,5.968,False,1.81,5.62
xc_XC925262_042,xc,XC925262,12.138231292517004,12.254331065759636,116,-1,6.236,True,0.73,5.32
xc_XC925262_043,xc,XC925262,12.35301587301587,12.486530612244897,133,-1,5.647,False,0.69,4.84
xc_XC925262_044,xc,XC925262,12.602630385487526,12.718730158730157,116,-1,5.552,False,0.88,4.87
xc_XC925262_045,xc,XC925262,12.88126984126984,12.997369614512468,116,-1,5.603,False,0.83,5.09
xc_XC925262_046,xc,XC925262,13.177324263038546,13.270204081632652,92,-1,6.025,False,-0.5,4.46
xc_XC925262_047,xc,XC925262,13.386303854875282,13.502403628117913,116,-1,5.599,False,-0.31,4.37
xc_XC925262_048,xc,XC925262,13.618503401360542,13.734603174603173,116,-1,5.806,False,-0.1,4.15
xc_XC925262_049,xc,XC925262,13.850702947845802,13.966802721088436,116,-1,5.788,False,0.02,4.43
xc_XC925262_050,xc,XC925262,14.059682539682536,14.169977324263035,110,-1,6.402,True,0.15,4.43
xc_XC925262_051,xc,XC925262,14.268662131519273,14.37895691609977,110,-1,6.534,True,0.48,4.94
xc_XC925262_052,xc,XC925262,14.477641723356006,14.593741496598636,116,-1,6.106,False,0.68,4.79
xc_XC925262_053,xc,XC925262,14.68081632653061,14.849160997732424,168,8,5.489,False,2.51,6.26
xc_XC925262_054,xc,XC925262,14.918820861678004,14.976870748299318,58,49,4.929,False,-0.22,6.2
xc_XC925262_055,xc,XC925262,15.005895691609972,15.121995464852606,116,8,5.741,False,0.06,-1.1
xc_XC925262_056,xc,XC925262,15.191655328798184,15.33097505668934,139,28,5.355,False,7.91,8.78
xc_XC925262_057,xc,XC925262,15.400634920634918,15.557369614512467,156,13,6.943,True,7.61,5.85
xc_XC925262_058,xc,XC925262,15.650249433106572,15.952108843537411,301,-1,6.112,False,4.54,12.12
xc_XC925262_059,xc,XC925262,16.230748299319725,16.32362811791383,92,-1,6.001,False,0.67,5.82
xc_XC925262_060,xc,XC925262,16.532607709750565,16.764807256235823,232,24,5.072,False,5.46,13.52
xc_XC925262_061,xc,XC925262,16.99700680272109,17.10730158730158,110,-1,5.907,False,0.44,4.7
xc_XC925262_062,xc,XC925262,17.26984126984127,17.368526077097503,98,-1,5.418,False,1.43,5.46
xc_XC925262_063,xc,XC925262,17.914195011337867,17.989659863945576,75,-1,5.204,False,0.19,4.51
xc_XC925262_064,xc,XC925262,18.19863945578231,18.30893424036281,110,-1,5.44,False,0.84,5.14
xc_XC925262_065,xc,XC925262,18.517913832199547,18.61079365079365,92,-1,5.678,False,0.06,4.53
xc_XC925262_066,xc,XC925262,18.88943310657596,18.982312925170067,92,40,5.419,False,1.35,5.48
xc_XC925262_067,xc,XC925262,19.12163265306122,19.23192743764172,110,-1,6.245,True,0.58,4.85
xc_XC925262_068,xc,XC925262,19.37705215419501,19.487346938775502,110,-1,6.192,True,0.18,4.41
xc_XC925262_069,xc,XC925262,19.632471655328796,19.742766439909293,110,-1,6.265,True,0.38,4.74
xc_XC925262_070,xc,XC925262,19.887891156462583,20.01560090702948,127,-1,5.548,False,0.31,4.5
xc_XC925262_071,xc,XC925262,20.17814058956916,20.294240362811788,116,-1,5.614,False,0.68,5.16
xc_XC925262_072,xc,XC925262,20.509024943310656,20.619319727891156,110,40,5.67,False,1.34,5.36
xc_XC925262_073,xc,XC925262,21.01405895691609,21.13015873015873,116,-1,5.424,False,0.19,4.52
xc_XC925262_074,xc,XC925262,21.501678004535144,21.57133786848072,69,47,5.378,False,-1.23,2.98
xc_XC925262_075,xc,XC925262,21.89641723356009,21.98349206349206,87,47,5.545,False,-1.28,2.76
xc_XC925262_076,xc,XC925262,22.192471655328795,22.244716553287976,52,-1,5.607,False,-1.13,2.81
xc_XC925262_077,xc,XC925262,22.38403628117913,22.447891156462585,63,-1,4.914,False,-0.04,5.64
xc_XC925262_078,xc,XC925262,22.534965986394557,22.581405895691606,46,49,3.739,False,-0.67,6.26
xc_XC925262_079,xc,XC925262,22.656870748299315,22.68009070294784,23,49,3.049,False,-1.73,5.22
xc_XC925262_080,xc,XC925262,22.796190476190475,22.86004535147392,63,-1,4.841,False,-0.31,5.89
xc_XC925262_081,xc,XC925262,22.958730158730155,23.045804988662127,87,-1,5.092,False,-0.27,4.66
xc_XC925262_082,xc,XC925262,23.16190476190476,23.231564625850336,69,-1,5.387,False,-0.05,5.86
xc_XC925262_083,xc,XC925262,23.301224489795917,23.347664399092967,46,-1,5.247,False,0.14,6.14
xc_XC925262_084,xc,XC925262,23.39410430839002,23.48698412698412,92,47,6.593,True,-1.0,2.58
xc_XC925262_085,xc,XC925262,23.57986394557823,23.74240362811791,162,28,5.259,False,7.91,8.75
xc_XC925262_086,xc,XC925262,23.835283446712012,23.97460317460317,139,-1,6.851,True,2.69,6.69
xc_XC925262_087,xc,XC925262,24.0907029478458,24.224217687074827,133,21,4.59,False,4.74,10.53
xc_XC925262_088,xc,XC925262,24.363537414965982,24.39256235827664,29,49,4.429,False,-1.9,4.78
xc_XC925262_089,xc,XC925262,24.578321995464847,24.61895691609977,40,49,5.477,False,-0.61,5.89
xc_XC925262_090,xc,XC925262,25.565170068027207,25.65804988662131,92,47,4.707,False,0.74,-0.29
xc_XC925262_091,xc,XC925262,25.68126984126984,25.797369614512466,116,8,5.061,False,0.84,-0.33
xc_XC925262_092,xc,XC925262,25.867029478458047,25.936689342403625,69,47,6.15,True,-1.17,2.45
xc_XC925262_093,xc,XC925262,25.95990929705215,26.168888888888883,208,28,5.754,False,7.92,8.79
xc_XC925262_094,xc,XC925262,26.238548752834465,26.401088435374145,162,45,7.507,True,2.8,6.78
xc_XC925262_095,xc,XC925262,26.470748299319723,26.67392290249433,203,23,6.018,False,5.15,14.08
xc_XC925262_096,xc,XC925262,26.72616780045351,26.859682539682534,133,8,5.254,False,1.0,-2.14
xc_XC925262_097,xc,XC925262,26.95836734693877,27.045442176870743,87,37,6.6,True,1.73,6.85
xc_XC925262_098,xc,XC925262,27.13832199546485,27.207981859410424,69,47,5.089,False,-1.19,2.55
xc_XC925263_000,xc,XC925263,4.005442176870749,4.051882086167801,46,47,4.289,False,-1.01,3.02
xc_XC925263_001,xc,XC925263,4.237641723356009,4.324716553287982,87,47,4.985,False,-1.24,2.88
xc_XC925263_002,xc,XC925263,4.446621315192744,4.533696145124716,87,-1,5.513,False,-0.45,6.71
xc_XC925263_003,xc,XC925263,4.649795918367347,4.7194557823129255,69,47,5.58,False,-1.4,2.79
xc_XC925263_004,xc,XC925263,4.81814058956916,4.881995464852607,63,-1,6.501,True,-1.45,2.25
xc_XC925263_005,xc,XC925263,4.92843537414966,5.015510204081632,87,47,6.836,True,-1.01,1.6
xc_XC925263_006,xc,XC925263,5.08517006802721,5.224489795918367,139,28,5.918,False,8.02,9.19
xc_XC925263_007,xc,XC925263,5.299954648526077,5.456689342403628,156,-1,7.902,True,5.26,11.71
xc_XC925263_008,xc,XC925263,5.526349206349207,5.712108843537415,185,-1,5.215,False,5.09,11.84
xc_XC925263_009,xc,XC925263,5.764353741496598,5.851428571428571,87,24,6.955,True,5.5,13.95
xc_XC925263_010,xc,XC925263,5.9675283446712015,6.060408163265306,92,27,7.742,True,7.66,6.93
xc_XC925263_011,xc,XC925263,15.09297052154195,15.116190476190477,23,49,3.715,False,-1.65,4.8
xc_XC925263_012,xc,XC925263,15.261315192743766,15.307755102040815,46,-1,5.679,False,-0.61,4.85
xc_XC925263_013,xc,XC925263,15.40063492063492,15.487709750566893,87,-1,5.198,False,-0.11,4.29
xc_XC925263_014,xc,XC925263,15.563174603174602,15.650249433106575,87,49,5.623,False,0.22,4.81
xc_XC925263_015,xc,XC925263,15.70249433106576,15.789569160997733,87,49,5.809,False,0.33,4.87
xc_XC925263_016,xc,XC925263,15.836009070294784,15.928888888888888,92,49,5.562,False,0.25,4.8
xc_XC925263_017,xc,XC925263,15.998548752834468,16.09142857142857,92,49,5.799,False,0.41,4.81
xc_XC925263_018,xc,XC925263,16.137868480725622,16.23074829931973,92,8,5.59,False,-0.18,-1.11
xc_XC925263_019,xc,XC925263,16.27718820861678,16.416507936507937,139,8,5.317,False,0.79,-1.79
xc_XC925263_020,xc,XC925263,16.46294784580499,16.555827664399093,92,-1,5.699,False,0.09,4.56
xc_XC925263_021,xc,XC925263,16.602267573696146,16.69514739229025,92,8,5.656,False,0.14,3.52
xc_XC925263_022,xc,XC925263,16.741587301587302,16.851882086167798,110,49,5.71,False,0.17,4.59
xc_XC925263_023,xc,XC925263,16.904126984126982,16.99700680272109,92,49,5.733,False,0.16,4.48
xc_XC925263_024,xc,XC925263,17.066666666666666,17.15954648526077,92,49,6.026,False,0.18,4.81
xc_XC925263_025,xc,XC925263,17.22920634920635,17.368526077097503,139,49,5.426,False,0.1,4.44
xc_XC925263_026,xc,XC925263,17.43238095238095,17.525260770975056,92,8,5.9,False,-0.14,-1.23
xc_XC925263_027,xc,XC925263,17.57170068027211,17.705215419501137,133,-1,6.678,True,0.07,4.21
xc_XC925263_028,xc,XC925263,17.77487528344671,17.867755102040817,92,49,5.923,False,0.07,4.54
xc_XC925263_029,xc,XC925263,17.92,18.05931972789116,139,-1,5.774,False,-0.43,3.34
xc_XC925263_030,xc,XC925263,18.10575963718821,18.26249433106576,156,5,5.961,False,0.17,-0.93
xc_XC925263_031,xc,XC925263,18.30893424036281,18.425034013605444,116,49,5.378,False,0.24,-1.23
xc_XC925263_032,xc,XC925263,18.471473922902494,18.61079365079365,139,-1,5.975,False,-0.01,4.15
xc_XC925263_033,xc,XC925263,18.680453514739227,18.79655328798186,116,-1,5.544,False,0.14,4.31
xc_XC925263_034,xc,XC925263,18.889433106575964,18.982312925170067,92,-1,5.909,False,0.1,4.55
xc_XC925263_035,xc,XC925263,19.075192743764173,19.16807256235828,92,49,5.846,False,0.13,4.67
xc_XC925263_036,xc,XC925263,19.23773242630385,19.37124716553288,133,5,5.951,False,0.77,4.26
xc_XC925263_037,xc,XC925263,19.440907029478456,19.539591836734694,98,49,6.088,False,0.19,4.59
xc_XC925263_038,xc,XC925263,19.62666666666667,19.719546485260768,92,47,6.617,True,0.37,3.97
xc_XC925263_039,xc,XC925263,19.812426303854878,19.911111111111108,98,49,6.111,False,0.4,4.57
xc_XC925263_040,xc,XC925263,20.01560090702948,20.114285714285717,98,-1,6.442,True,0.1,4.1
xc_XC925263_041,xc,XC925263,20.20136054421769,20.31746031746032,116,8,5.867,False,0.04,-1.21
xc_XC925263_042,xc,XC925263,20.392925170068025,20.503219954648525,110,-1,5.99,False,0.1,4.41
xc_XC925263_043,xc,XC925263,20.572879818594107,20.694784580498865,121,49,5.782,False,0.13,4.12
xc_XC925263_044,xc,XC925263,20.78185941043084,20.874739229024943,92,-1,6.088,False,0.21,4.42
xc_XC925263_045,xc,XC925263,20.96761904761905,21.060498866213152,92,-1,6.651,True,-0.18,4.24
xc_XC925263_046,xc,XC925263,21.17659863945578,21.269478458049885,92,-1,6.534,True,0.25,4.52
xc_XC925263_047,xc,XC925263,21.38557823129252,21.501678004535147,116,49,5.642,False,0.3,4.64
xc_XC925263_048,xc,XC925263,21.594557823129254,21.70485260770975,110,49,5.732,False,0.14,4.58
xc_XC925263_049,xc,XC925263,21.803537414965987,21.913832199546487,110,-1,6.648,True,0.35,4.61
xc_XC925263_050,xc,XC925263,22.03573696145125,22.146031746031746,110,49,6.119,False,0.25,4.6
xc_XC925263_051,xc,XC925263,22.31437641723356,22.424671201814057,110,49,6.544,True,0.28,4.72
xc_XC925263_052,xc,XC925263,22.54077097505669,22.651065759637188,110,49,6.952,True,0.28,4.39
xc_XC925263_053,xc,XC925263,22.726530612244897,22.842630385487528,116,8,6.269,True,0.19,4.26
xc_XC925263_054,xc,XC925263,22.93551020408163,23.04580498866213,110,5,6.37,True,0.29,4.06
xc_XC925263_055,xc,XC925263,23.161904761904765,23.254784580498864,92,-1,6.937,True,0.57,4.42
xc_XC925263_056,xc,XC925263,23.34766439909297,23.4637641723356,116,49,6.787,True,0.27,4.7
xc_XC925263_057,xc,XC925263,23.556643990929704,23.67274376417233,116,49,6.853,True,0.26,4.52
xc_XC925263_058,xc,XC925263,23.76562358276644,23.881723356009072,116,49,5.988,False,0.03,4.51
xc_XC925263_059,xc,XC925263,23.97460317460317,24.09070294784581,116,8,5.898,False,-0.23,-1.16
xc_XC925263_060,xc,XC925263,24.160362811791384,24.270657596371883,110,49,6.733,True,0.29,4.57
xc_XC925263_061,xc,XC925263,24.36934240362812,24.485442176870748,116,49,6.493,True,0.31,4.54
xc_XC925263_062,xc,XC925263,24.57832199546485,24.69442176870748,116,8,5.974,False,0.26,4.56
xc_XC925263_063,xc,XC925263,24.80471655328798,24.897596371882084,92,-1,6.25,True,0.37,4.41
xc_XC925263_064,xc,XC925263,25.013696145124715,25.12399092970521,110,49,6.483,True,0.26,4.59
xc_XC925263_065,xc,XC925263,25.269115646258506,25.379410430839,110,49,6.381,True,0.1,4.51
xc_XC925263_066,xc,XC925263,25.52453514739229,25.611609977324264,87,-1,6.305,True,0.14,4.44
xc_XC925263_067,xc,XC925263,25.75092970521542,25.84380952380952,92,-1,6.327,True,-0.08,4.44
xc_XC925263_068,xc,XC925263,25.959909297052157,26.076009070294784,116,49,6.015,False,0.14,4.42
xc_XC925263_069,xc,XC925263,26.19210884353741,26.308208616780043,116,49,6.438,True,0.29,4.57
xc_XC925263_070,xc,XC925263,26.40108843537415,26.51718820861678,116,-1,6.4,True,-0.14,-0.82
xc_XC925263_071,xc,XC925263,26.633287981859407,26.743582766439907,110,49,6.447,True,0.19,4.54
xc_XC925263_072,xc,XC925263,26.86548752834467,26.97578231292517,110,49,5.925,False,0.23,4.73
xc_XC925263_073,xc,XC925263,27.12090702947846,27.23120181405896,110,49,5.922,False,0.26,4.67
xc_XC925263_074,xc,XC925263,27.399546485260768,27.509841269841267,110,8,6.466,True,-0.3,-1.11
xc_XC925263_075,xc,XC925263,27.625941043083905,27.7362358276644,110,-1,6.39,True,0.14,4.07
xc_XC925263_076,xc,XC925263,27.85233560090703,27.951020408163263,98,49,6.076,False,0.26,4.49
xc_XC925263_077,xc,XC925263,28.223854875283447,28.316734693877557,92,49,5.307,False,0.04,4.57
xc_XC925263_078,xc,XC925263,29.19909297052154,29.286167800453512,87,49,6.272,True,0.28,4.9
xc_XC925263_079,xc,XC925263,29.50095238095238,29.61124716553288,110,49,4.892,False,0.67,-1.55
xc_XC925263_080,xc,XC925263,30.116281179138323,30.14530612244898,29,49,3.676,False,-1.36,4.59
xc_XC925263_081,xc,XC925263,36.08380952380953,36.107029478458045,23,-1,6.707,True,-1.4,4.37
xc_XC925263_082,xc,XC925263,36.96616780045351,37.169342403628114,203,21,5.248,False,4.85,10.91
xc_XC925265_000,xc,XC925265,46.64888888888889,46.689523809523806,40,49,4.63,False,-2.87,5.78
xc_XC925265_001,xc,XC925265,78.65759637188208,78.72725623582767,69,49,4.557,False,-2.01,6.18
xc_XC925265_002,xc,XC925265,78.84335600907029,78.95945578231293,116,8,5.281,False,2.96,1.07
xc_XC925265_003,xc,XC925265,79.09877551020408,79.30775510204082,208,8,3.931,False,2.34,-1.11
xc_XC925265_004,xc,XC925265,207.6908843537415,207.71410430839003,23,-1,4.859,False,-2.51,5.39
xc_XC925265_005,xc,XC925265,212.9618140589569,213.19401360544217,232,8,4.68,False,0.05,-2.35
xc_XC925265_006,xc,XC925265,217.7509297052154,217.9831292517007,232,8,3.75,False,0.47,-2.03
xc_XC925265_007,xc,XC925265,220.00907029478455,220.2877097505669,278,3,5.729,False,-4.85,0.35
xc_XC925265_008,xc,XC925265,221.0771882086168,221.262947845805,185,8,3.829,False,0.3,-2.07
xc_XC925265_009,xc,XC925265,221.93052154195013,221.97696145124715,46,49,5.03,False,-1.96,5.26
xc_XC925265_010,xc,XC925265,222.8825396825397,222.92317460317457,40,49,3.645,False,-2.49,5.61
xc_XC925265_011,xc,XC925265,222.9928344671202,223.1785941043084,185,7,3.355,False,-1.92,6.59
xc_XC925265_012,xc,XC925265,223.294693877551,223.52689342403627,232,8,3.806,False,2.39,-0.95
xc_XC925265_013,xc,XC925265,223.7823129251701,223.80553287981857,23,49,5.437,False,-2.47,5.71
xc_XC925265_014,xc,XC925265,224.1712471655329,224.40925170068027,238,8,3.767,False,0.36,-2.15
xc_XC925265_015,xc,XC925265,224.68208616780043,224.74594104308392,63,49,4.169,False,-1.4,6.32
xc_XC925265_016,xc,XC925265,225.16390022675736,225.23356009070292,69,49,3.845,False,-1.62,5.79
xc_XC925265_017,xc,XC925265,225.48897959183677,225.51219954648528,23,49,4.18,False,-2.53,4.79
xc_XC925265_018,xc,XC925265,226.59773242630385,226.88217687074828,284,24,5.731,False,-4.77,0.39
xc_XC925265_019,xc,XC925265,227.59038548752835,227.8225850340136,232,8,3.405,False,2.31,-1.28
xc_XC925265_020,xc,XC925265,228.47274376417235,228.56562358276645,92,49,3.804,False,-1.29,5.95
xc_XC925265_021,xc,XC925265,229.20997732426304,229.32607709750567,116,-1,3.757,False,-2.11,5.9
xc_XC925265_022,xc,XC925265,229.4653968253968,229.69179138321996,226,8,3.718,False,2.03,-0.92
xc_XC925265_023,xc,XC925265,229.7150113378685,229.76145124716552,46,49,6.305,True,-2.71,7.4
xc_XC925265_024,xc,XC925265,230.78312925170067,230.99210884353744,208,8,3.901,False,0.63,-2.07
xc_XC925265_025,xc,XC925265,232.30403628117915,232.5594557823129,255,-1,5.677,False,0.34,12.8
xc_XC925265_026,xc,XC925265,233.047074829932,233.3489342403628,301,-1,5.948,False,5.51,9.15
xc_XC925265_027,xc,XC925265,233.4418140589569,233.65079365079364,208,7,3.591,False,-5.48,5.72
xc_XC925265_028,xc,XC925265,234.13841269841268,234.3415873015873,203,18,4.379,False,1.19,15.37
xc_XC925265_029,xc,XC925265,234.44027210884352,234.5795918367347,139,-1,6.59,True,6.48,9.83
xc_XC925265_030,xc,XC925265,235.93795918367343,235.961179138322,23,49,4.044,False,-1.54,5.24
xc_XC925265_031,xc,XC925265,237.9290702947846,238.01614512471653,87,21,8.244,True,3.68,10.66
xc_XC925265_032,xc,XC925265,240.62839002267572,240.90702947845804,278,3,6.055,False,-4.69,0.23
xc_XC925265_033,xc,XC925265,241.4875283446712,241.73714285714283,249,8,3.748,False,0.59,-2.06
xc_XC925265_034,xc,XC925265,242.404716553288,242.7065759637188,301,24,4.464,False,5.61,14.09
xc_XC925265_035,xc,XC925265,243.19419501133788,243.4960544217687,301,11,5.722,False,1.67,12.2
xc_XC925265_036,xc,XC925265,243.56571428571428,243.79791383219955,232,7,3.656,False,-5.57,5.61
xc_XC925265_037,xc,XC925265,244.23909297052157,244.4016326530612,162,18,4.447,False,1.22,15.31
xc_XC925265_038,xc,XC925265,244.49451247165533,244.62802721088437,133,35,6.912,True,6.98,9.94
xc_XC925265_039,xc,XC925265,244.69768707482996,244.9298866213152,232,3,5.884,False,-4.74,0.31
xc_XC925265_040,xc,XC925265,245.6903401360544,245.92253968253968,232,8,3.734,False,0.36,-2.16
xc_XC925265_041,xc,XC925265,248.5347845804989,248.60444444444445,69,49,3.822,False,-1.92,5.68
xc_XC925265_042,xc,XC925265,249.3242630385488,249.6841723356009,359,39,3.734,False,3.8,1.3
xc_XC925265_043,xc,XC925265,249.94539682539684,250.15437641723355,208,7,6.151,True,1.93,3.97
xc_XC925265_044,xc,XC925265,251.4663038548753,251.49532879818597,29,49,3.849,False,-1.69,4.74
xc_XC925265_045,xc,XC925265,251.82040816326528,252.00036281179135,179,47,5.284,False,2.68,5.66
xc_XC925265_046,xc,XC925265,252.0061678004535,252.1861224489796,179,7,6.043,False,2.3,14.47
xc_XC925265_047,xc,XC925265,252.2557823129252,252.41251700680272,156,8,4.729,False,2.55,-0.87
xc_XC925265_048,xc,XC925265,252.94657596371883,253.17877551020408,232,39,4.768,False,3.84,1.7
xc_XC925265_049,xc,XC925265,253.8289342403628,253.8985941043084,69,47,4.947,False,-1.06,4.41
xc_XC925265_050,xc,XC925265,253.92181405895693,253.968253968254,46,47,4.834,False,0.92,2.38
xc_XC925265_051,xc,XC925265,254.014693877551,254.1946485260771,179,49,5.467,False,0.92,7.56
xc_XC925265_052,xc,XC925265,254.22367346938776,254.40362811791385,179,32,7.687,True,0.34,10.34
xc_XC925265_053,xc,XC925265,254.49650793650792,254.58938775510205,92,7,5.148,False,-5.21,5.62
xc_XC925265_054,xc,XC925265,255.21052154195013,255.37886621315192,168,18,4.617,False,1.25,15.53
xc_XC925265_055,xc,XC925265,255.44272108843535,255.558820861678,116,35,6.608,True,7.02,10.56
xc_XC925265_056,xc,XC925265,255.6517006802721,255.9071201814059,255,3,6.182,True,-4.78,0.34
xc_XC925265_057,xc,XC925265,256.2321995464853,256.7662585034014,534,38,3.938,False,3.81,6.06
xc_XC925265_058,xc,XC925265,257.02167800453515,257.06231292517003,40,49,3.713,False,-1.71,4.46
xc_XC925265_059,xc,XC925265,257.13197278911565,257.2422675736961,110,25,5.235,False,10.45,8.4
xc_XC925265_060,xc,XC925265,257.6602267573696,257.96208616780046,301,-1,4.427,False,0.56,8.76
xc_XC925265_061,xc,XC925265,258.4032653061225,258.6354648526077,232,21,6.844,True,4.88,9.63
xc_XC925265_062,xc,XC925265,259.33206349206347,259.58167800453515,249,8,3.849,False,0.24,-2.15
xc_XC925265_063,xc,XC925265,260.0692970521542,260.5743310657596,505,24,4.878,False,5.48,13.96
xc_XC925265_064,xc,XC925265,260.9922902494331,261.340589569161,348,-1,5.811,False,6.02,8.69
xc_XC925265_065,xc,XC925265,261.47410430839005,261.6656689342404,191,7,4.156,False,-4.98,5.72
xc_XC925265_066,xc,XC925265,262.1184580498866,262.2809977324263,162,18,4.61,False,1.25,15.29
xc_XC925265_067,xc,XC925265,262.3506575963719,262.489977324263,139,34,7.291,True,7.1,9.73
xc_XC925265_068,xc,XC925265,262.5364172335601,262.79183673469385,255,24,5.992,False,5.69,14.06
xc_XC925265_069,xc,XC925265,263.51165532879816,263.74385487528343,232,8,3.968,False,0.1,-2.25
xc_XC925265_070,xc,XC925265,264.5101133786848,264.5971882086168,87,-1,5.635,False,-1.84,4.71
xc_XC925265_071,xc,XC925265,265.4273015873016,265.7059410430839,278,-1,5.629,False,5.6,9.44
xc_XC925265_072,xc,XC925265,266.54185941043085,266.74503401360545,203,18,4.984,False,1.41,14.93
xc_XC925265_073,xc,XC925265,266.83791383219955,266.9540136054422,116,35,6.795,True,6.74,10.8
xc_XC925265_074,xc,XC925265,266.98303854875286,267.2326530612245,249,3,6.569,True,-4.76,0.22
xc_XC925265_075,xc,XC925265,267.9234467120182,268.225306122449,301,8,3.564,False,2.78,-3.77
xc_XC925265_076,xc,XC925265,269.0147845804989,269.5198185941043,505,24,5.898,False,5.29,13.91
xc_XC925265_077,xc,XC925265,269.9087528344671,270.0712925170068,162,-1,7.229,True,0.64,10.61
xc_XC925265_078,xc,XC925265,270.0945124716553,270.30349206349206,208,11,6.268,True,1.25,11.75
xc_XC925265_079,xc,XC925265,270.7678911564626,270.95365079365075,185,18,5.145,False,1.22,15.24
xc_XC925265_080,xc,XC925265,271.0465306122449,271.1626303854875,116,35,7.71,True,6.98,10.41
xc_XC925265_081,xc,XC925265,271.23229024943305,271.4354648526077,203,8,7.053,True,2.08,-3.55
xc_XC925265_082,xc,XC925265,272.0159637188209,272.242358276644,226,8,4.165,False,2.01,-3.65
xc_XC925265_083,xc,XC925265,272.79963718820864,272.98539682539683,185,-1,6.218,True,3.35,6.61
xc_XC925265_084,xc,XC925265,274.1173696145125,274.27990929705214,162,8,4.241,False,1.71,-0.73
xc_XC925265_085,xc,XC925265,275.0461678004535,275.18548752834465,139,8,3.772,False,1.13,-2.12
xc_XC925265_086,xc,XC925265,275.4815419501133,275.597641723356,116,24,6.856,True,6.29,14.42
xc_XC925265_087,xc,XC925265,276.2710204081633,276.29424036281176,23,49,4.473,False,-2.25,4.73
xc_XC925265_088,xc,XC925265,276.34068027210884,276.41034013605446,69,41,6.467,True,-0.91,8.88
xc_XC925265_089,xc,XC925265,276.43356009070294,276.4567800453515,23,49,5.166,False,-2.44,4.65
xc_XC925265_090,xc,XC925265,277.0721088435374,277.17079365079366,98,-1,8.537,True,2.88,9.88
xc_XC925265_091,xc,XC925265,277.2636734693877,277.4668480725624,203,7,4.002,False,-5.27,5.71
xc_XC925265_092,xc,XC925265,277.9080272108844,278.3492063492063,441,-1,7.366,True,6.56,11.23
xc_XC925265_093,xc,XC925265,278.39564625850335,278.67428571428576,278,3,5.95,False,-4.92,0.31
xc_XC925265_094,xc,XC925265,278.9064852607709,279.2257596371882,319,10,5.256,False,-0.74,11.47
xc_XC925265_095,xc,XC925265,280.8453514739229,281.10077097505666,255,3,6.077,False,-4.8,0.26
xc_XC925265_096,xc,XC925265,281.7277097505669,281.9366893424036,208,8,4.23,False,1.96,-1.94
xc_XC925265_097,xc,XC925265,282.2327437641723,282.44172335600905,208,8,3.991,False,0.08,-2.25
xc_XC925265_098,xc,XC925265,283.27183673469386,283.6201360544218,348,-1,6.442,True,3.92,9.45
xc_XC925265_099,xc,XC925265,283.7130158730159,283.8987755102041,185,7,5.366,False,-5.24,6.0
xc_XC925265_100,xc,XC925265,284.38058956916103,284.54312925170063,162,35,7.761,True,6.49,10.57
xc_XC925265_101,xc,XC925265,284.58376417233563,284.7695238095238,185,35,7.502,True,6.79,10.83
xc_XC925265_102,xc,XC925265,284.82176870748305,285.0539682539682,232,3,6.982,True,-4.65,0.23
xc_XC925265_103,xc,XC925265,285.1468480725624,285.3558276643991,208,8,3.829,False,1.78,-1.33
xc_XC925265_104,xc,XC925265,285.837641723356,286.0698412698412,232,8,4.04,False,0.16,-2.5
xc_XC925265_105,xc,XC925265,286.11628117913835,286.13950113378684,23,49,4.906,False,-1.51,4.63
xc_XC925265_106,xc,XC925265,286.1859410430839,286.2962358276644,110,8,4.131,False,2.34,-1.0
xc_XC925265_107,xc,XC925265,286.95219954648525,287.42820861678007,476,24,5.607,False,5.76,14.02
xc_XC925265_108,xc,XC925265,287.8287528344671,288.21768707482994,388,-1,5.888,False,6.31,9.82
xc_XC925265_109,xc,XC925265,288.8214058956916,288.9607256235828,139,18,4.835,False,1.3,15.43
xc_XC925265_110,xc,XC925265,288.9839455782313,289.16390022675733,179,-1,7.796,True,7.32,10.02
xc_XC925265_111,xc,XC925265,289.2393650793651,289.42512471655334,185,2,7.223,True,6.89,-2.93
xc_XC925265_112,xc,XC925265,289.4715646258504,289.6747392290249,203,8,6.689,True,2.3,-1.43
xc_XC925265_113,xc,XC925265,290.3481179138322,290.5977324263038,249,8,3.569,False,-0.37,-2.66
xc_XC925265_114,xc,XC925265,291.68326530612245,292.3566439909297,673,24,5.522,False,5.51,14.33
xc_XC925265_115,xc,XC925265,292.7978231292517,292.97777777777776,179,8,3.939,False,1.75,-2.89
xc_XC925265_116,xc,XC925265,293.73823129251696,294.46385487528346,725,11,5.731,False,2.0,12.68
xc_XC925265_117,xc,XC925265,294.8005442176871,295.5435827664399,743,-1,6.434,True,3.26,14.46
xc_XC925265_118,xc,XC925265,296.1705215419501,296.35047619047623,179,8,4.046,False,-0.06,-1.75
xc_XC925265_119,xc,XC925265,296.4027210884354,296.60589569161,203,8,3.21,False,-0.03,-2.03
xc_XC925265_120,xc,XC925265,297.6740136054422,297.9468480725624,272,-1,5.661,False,5.78,12.34
xc_XC925265_121,xc,XC925265,298.01650793650794,298.06294784580496,46,49,3.763,False,-1.6,4.3
xc_XC925265_122,xc,XC925265,299.01496598639454,299.0556009070295,40,-1,6.64,True,-2.52,4.78
xc_XC925265_123,xc,XC925265,299.1484807256236,299.29360544217684,145,35,6.986,True,6.71,11.05
xc_XC925265_124,xc,XC925265,299.3632653061224,299.52,156,8,5.891,False,1.75,-2.54
xc_XC925265_125,xc,XC925265,299.9321541950114,300.3094784580499,377,8,4.84,False,2.29,-3.8
xc_XC925265_126,xc,XC925265,301.4878911564626,301.73750566893426,249,35,5.83,False,6.76,10.2
xc_XC925265_127,xc,XC925265,301.812970521542,301.9987301587301,185,7,5.318,False,-5.47,5.75
xc_XC925265_128,xc,XC925265,302.8926984126984,302.91591836734693,23,49,5.307,False,-2.56,4.74
xc_XC925265_129,xc,XC925265,303.0320181405896,303.1481179138322,116,15,6.177,True,7.09,11.96
xc_XC925265_130,xc,XC925265,303.403537414966,303.51963718820866,116,7,5.816,False,-5.68,5.66
xc_XC925265_131,xc,XC925265,303.93179138321995,304.1407709750567,208,24,6.501,True,1.98,14.41
xc_XC925265_132,xc,XC925265,304.21043083900224,304.35555555555555,145,-1,7.452,True,7.37,10.31
xc_XC925265_133,xc,XC925265,304.4426303854875,304.6748299319728,232,-1,6.879,True,-4.6,0.3
xc_XC925265_134,xc,XC925265,305.3191836734694,305.5281632653061,208,8,3.512,False,-0.11,-1.85
xc_XC925265_135,xc,XC925265,306.24217687074827,306.7065759637188,464,24,5.761,False,5.43,13.88
xc_XC925265_136,xc,XC925265,307.11873015873016,307.420589569161,301,-1,6.18,True,6.94,10.37
xc_XC925265_137,xc,XC925265,307.53668934240363,307.774693877551,238,-1,6.104,False,5.68,9.75
xc_XC925265_138,xc,XC925265,307.93142857142857,308.3726077097506,441,18,4.426,False,1.36,14.86
xc_XC925265_139,xc,XC925265,308.41904761904766,308.5583673469388,139,35,6.909,True,7.28,10.37
xc_XC925265_140,xc,XC925265,308.6048072562358,308.9473015873016,342,-1,6.781,True,6.0,12.36
xc_XC925265_141,xc,XC925265,309.0227664399093,309.231746031746,208,3,6.156,True,-4.75,0.24
xc_XC925265_142,xc,XC925265,309.73678004535145,309.893514739229,156,8,3.698,False,-0.05,-1.69
xc_XC925265_143,xc,XC925265,310.4507936507937,310.6365532879818,185,8,3.84,False,0.1,-2.32
xc_XC925265_144,xc,XC925265,311.3099319727891,311.61179138321995,301,24,5.13,False,5.73,14.07
xc_XC925265_145,xc,XC925265,311.63501133786843,311.8614058956916,226,3,6.937,True,-4.78,0.25
xc_XC925265_146,xc,XC925265,312.25034013605443,312.50575963718825,255,-1,6.482,True,5.97,10.07
xc_XC925265_147,xc,XC925265,312.5754195011338,312.5986394557823,23,49,3.994,False,-2.0,4.9
xc_XC925265_148,xc,XC925265,312.6044444444444,312.6508843537415,46,24,6.972,True,2.37,14.41
xc_XC925265_149,xc,XC925265,313.2952380952381,313.50421768707486,208,24,6.012,False,3.38,13.73
xc_XC925265_150,xc,XC925265,313.5274376417234,313.7073922902494,179,35,7.416,True,6.83,10.15
xc_XC925265_151,xc,XC925265,313.78285714285715,313.9453968253968,162,-1,6.761,True,5.62,13.4
xc_XC925265_152,xc,XC925265,314.3865759637188,314.52009070294787,133,18,4.827,False,1.24,15.65
xc_XC925265_153,xc,XC925265,314.60716553287983,314.7232653061224,116,35,7.255,True,6.58,10.85
xc_XC925265_154,xc,XC925265,314.79873015873017,314.9844897959184,185,3,6.443,True,4.92,14.81
xc_XC925265_155,xc,XC925265,316.3486621315193,316.5112018140589,162,29,7.179,True,7.32,13.5
xc_XC925265_156,xc,XC925265,316.55183673469384,316.67374149659867,121,24,7.346,True,5.6,14.2
xc_XC925265_157,xc,XC925265,316.71437641723355,316.9001360544217,185,-1,7.72,True,6.68,8.04
xc_XC925265_158,xc,XC925265,316.94657596371883,317.0568707482993,110,2,8.636,True,5.98,-3.36
xc_XC925265_159,xc,XC925265,317.132335600907,317.34131519274376,208,24,7.764,True,5.29,15.33
xc_XC925265_160,xc,XC925265,318.14820861678004,318.3571882086168,208,8,4.442,False,2.56,-3.94
xc_XC925265_161,xc,XC925265,318.79836734693873,319.2859863945578,487,24,5.328,False,5.44,13.84
xc_XC925265_162,xc,XC925265,319.7445804988662,320.0406349206349,296,-1,6.268,True,7.29,10.29
xc_XC925265_163,xc,XC925265,320.1625396825397,320.36571428571426,203,7,4.473,False,-5.62,5.55
xc_XC925265_164,xc,XC925265,320.41215419501134,320.59791383219954,185,8,3.877,False,0.36,-2.28
xc_XC925265_165,xc,XC925265,320.76045351473925,320.9926530612245,232,24,6.072,False,1.63,14.7
xc_XC925265_166,xc,XC925265,321.06231292517003,321.1784126984127,116,35,7.449,True,7.12,10.08
xc_XC925265_167,xc,XC925265,321.2712925170068,321.49768707483,226,3,6.906,True,-4.84,0.27
xc_XC925265_168,xc,XC925265,321.9678911564626,322.19428571428574,226,8,3.402,False,-0.13,-2.37
xc_XC925265_169,xc,XC925265,322.35102040816327,322.4032653061224,52,49,4.951,False,-2.17,5.19
xc_XC925265_170,xc,XC925265,322.86185941043084,323.2333786848073,371,24,5.288,False,5.5,14.15
xc_XC925265_171,xc,XC925265,323.67455782312925,323.95319727891155,278,-1,6.702,True,6.4,10.52
xc_XC925265_172,xc,XC925265,324.0925170068027,324.324716553288,232,7,3.659,False,-5.79,5.49
xc_XC925265_173,xc,XC925265,324.4175963718821,324.61496598639457,197,24,6.387,True,6.06,14.8
xc_XC925265_174,xc,XC925265,324.7368707482993,324.9632653061224,226,24,5.61,False,1.74,14.58
xc_XC925265_175,xc,XC925265,325.0561451247166,325.1722448979592,116,34,7.687,True,6.96,9.41
xc_XC925265_176,xc,XC925265,325.27092970521545,325.520544217687,249,8,6.711,True,1.39,-3.15
xc_XC925265_177,xc,XC925265,325.84562358276645,326.5190022675737,673,8,4.469,False,1.98,-3.32
xc_XC925265_178,xc,XC925265,327.2562358276644,327.459410430839,203,8,3.411,False,-0.08,-2.0
xc_XC925265_179,xc,XC925265,328.22566893424033,328.73070294784577,505,-1,5.454,False,5.56,14.03
xc_XC925265_180,xc,XC925265,329.0615873015873,329.5201814058957,458,11,5.794,False,1.59,11.95
xc_XC925265_181,xc,XC925265,330.4431746031746,330.6521541950113,208,18,4.64,False,1.3,15.49
xc_XC925265_182,xc,XC925265,330.6985941043084,330.83791383219955,139,-1,7.632,True,7.13,10.21
xc_XC925265_183,xc,XC925265,330.93079365079365,331.1397732426304,208,3,6.723,True,-4.77,0.26
xc_XC925265_184,xc,XC925265,331.9524716553288,332.1266213151927,174,8,3.808,False,0.04,-2.09
xc_XC925265_185,xc,XC925265,333.1715192743764,333.241179138322,69,-1,6.802,True,5.43,13.92
xc_XC925265_186,xc,XC925265,333.3108390022676,333.4501587301587,139,23,6.057,False,4.55,14.19
xc_XC925265_187,xc,XC925265,336.5500226757369,336.77641723356004,226,8,3.796,False,-0.35,-2.62
xc_XC925265_188,xc,XC925265,337.699410430839,337.79229024943305,92,18,5.441,False,1.0,14.96
xc_XC925265_189,xc,XC925265,337.8851700680272,338.00126984126985,116,23,6.157,True,5.06,14.14
xc_XC925265_190,xc,XC925265,338.46566893424034,338.99972789115645,534,-1,5.864,False,5.72,8.83
xc_XC925265_191,xc,XC925265,339.597641723356,339.7834013605442,185,-1,5.626,False,1.85,14.66
xc_XC925265_192,xc,XC925265,339.8530612244897,339.9923809523809,139,-1,7.205,True,7.18,10.37
xc_XC925265_193,xc,XC925265,340.038820861678,340.54385487528344,505,3,6.003,False,-4.94,0.36
xc_XC925265_194,xc,XC925265,341.10113378684804,341.3971882086168,296,8,3.853,False,-0.27,-2.6
xc_XC925265_195,xc,XC925265,341.7512925170068,342.48272108843537,731,24,5.432,False,5.18,13.98
xc_XC925265_196,xc,XC925265,342.60462585034014,342.90068027210884,296,24,6.082,False,7.26,11.26
xc_XC925265_197,xc,XC925265,342.99356009070294,343.5043990929705,510,24,5.956,False,2.21,12.61
xc_XC925265_198,xc,XC925265,343.5508390022676,343.7598185941044,208,24,5.995,False,1.59,14.84
xc_XC925265_199,xc,XC925265,343.8004535147392,343.91655328798186,116,35,7.935,True,6.99,11.17
xc_XC925265_200,xc,XC925265,343.9920181405896,344.33451247165533,342,8,5.781,False,2.43,-3.36
xc_XC925265_201,xc,XC925265,344.7524716553288,345.0020861678005,249,8,3.455,False,-0.09,-2.45
xc_XC925265_202,xc,XC925265,345.07174603174604,345.0949659863946,23,-1,4.337,False,-1.99,4.69
xc_XC925265_203,xc,XC925265,347.2253968253968,347.27183673469386,46,41,6.954,True,-2.13,8.94
xc_XC925265_204,xc,XC925265,347.5504761904762,347.6665759637188,116,35,8.658,True,6.96,11.03
xc_XC925265_205,xc,XC925265,347.9626303854875,348.0090702947846,46,49,5.987,False,-2.1,5.27
xc_XC925265_206,xc,XC925265,348.6360090702948,348.9320634920635,296,8,3.422,False,0.06,-2.41
xc_XC925265_207,xc,XC925265,349.69251700680275,349.7157369614512,23,49,4.839,False,-2.13,5.08
xc_XC925265_208,xc,XC925265,349.73895691609977,349.76798185941044,29,49,4.665,False,-2.49,4.99
xc_XC925265_209,xc,XC925265,349.83183673469387,349.9305215419501,98,-1,6.281,True,4.73,14.03
xc_XC925265_210,xc,XC925265,349.9479365079365,350.11628117913835,168,23,6.074,False,5.14,14.09
xc_XC925265_211,xc,XC925265,350.43555555555554,350.87673469387755,441,-1,5.918,False,1.87,12.13
xc_XC925265_212,xc,XC925265,351.3121088435374,351.54430839002265,232,18,5.069,False,1.44,15.06
xc_XC925265_213,xc,XC925265,351.6139682539682,351.7532879818594,139,35,6.946,True,6.76,10.83
xc_XC925265_214,xc,XC925265,351.7765079365079,352.03192743764174,255,-1,6.989,True,5.97,12.32
xc_XC925265_215,xc,XC925265,352.1015873015873,352.3512018140589,249,3,6.41,True,-4.8,0.22
xc_XC925265_216,xc,XC925265,352.79238095238094,353.0245804988662,232,8,3.382,False,-0.27,-2.58
xc_XC925265_217,xc,XC925265,353.2103401360544,353.4425396825397,232,8,3.671,False,0.36,-2.7
xc_XC925265_218,xc,XC925265,353.6224943310657,353.8140589569161,191,8,3.745,False,0.87,-1.99
xc_XC925265_219,xc,XC925265,353.9243537414966,354.1333333333333,208,8,3.469,False,-0.23,-2.44
xc_XC925265_220,xc,XC925265,355.2885260770975,355.5207256235828,232,24,5.843,False,5.85,14.09
xc_XC925265_221,xc,XC925265,356.4030839002268,356.7746031746032,371,8,3.481,False,-0.18,-2.51
xc_XC925265_222,xc,XC925265,357.41315192743764,357.8311111111111,417,24,5.655,False,5.56,14.17
xc_XC925265_223,xc,XC925265,358.29551020408167,358.5973696145125,301,33,5.986,False,7.5,10.37
xc_XC925265_224,xc,XC925265,358.7366893424036,358.9921088435374,255,7,5.209,False,-5.38,5.92
xc_XC925265_225,xc,XC925265,359.3578231292517,359.5668027210884,208,24,4.632,False,1.76,14.54
xc_XC925265_226,xc,XC925265,359.6132426303855,359.75256235827663,139,35,7.05,True,7.19,10.14
xc_XC925265_227,xc,XC925265,359.8222222222222,360.0718367346939,249,3,6.716,True,-4.88,0.37
xc_XC925265_228,xc,XC925265,360.60589569161,360.8613151927438,255,3,6.547,True,-4.85,0.22
xc_XC925265_229,xc,XC925265,360.9774149659864,361.180589569161,203,8,3.851,False,0.88,-1.86
xc_XC925265_230,xc,XC925265,361.5579138321995,361.7146485260771,156,8,5.243,False,0.08,-1.68
xc_XC925265_231,xc,XC925265,362.0861678004535,362.1326077097506,46,47,6.308,True,0.96,2.76
xc_XC925265_232,xc,XC925265,362.1732426303855,362.34158730158725,168,-1,7.116,True,0.81,10.45
xc_XC925265_233,xc,XC925265,362.45768707483,362.6840816326531,226,7,5.186,False,-5.36,6.11
xc_XC925265_234,xc,XC925265,363.1020408163265,363.2181405895692,116,18,5.831,False,1.4,15.01
xc_XC925265_235,xc,XC925265,363.4967800453515,363.6128798185941,116,-1,7.249,True,6.07,12.5
xc_XC925265_236,xc,XC925265,363.65351473922897,363.6999546485261,46,-1,5.545,False,1.72,-0.31
xc_XC925265_237,xc,XC925265,364.1701587301587,364.3965532879818,226,8,3.557,False,1.19,-1.56
xc_XC925265_238,xc,XC925265,364.4662131519274,364.7448526077098,278,8,3.34,False,1.91,-1.46
xc_XC925265_239,xc,XC925265,365.5285260770975,365.992925170068,464,24,5.643,False,5.28,13.81
xc_XC925265_240,xc,XC925265,366.0393650793651,366.2715646258504,232,8,3.623,False,1.72,-1.38
xc_XC925265_241,xc,XC925265,366.521179138322,366.82884353741497,307,-1,5.358,False,6.16,11.46
xc_XC925265_242,xc,XC925265,367.1423129251701,367.2584126984127,116,-1,5.494,False,1.17,13.96
xc_XC925265_243,xc,XC925265,367.537052154195,367.6357369614512,98,18,4.35,False,1.12,15.42
xc_XC925265_244,xc,XC925265,367.7286167800453,367.8621315192744,133,35,7.729,True,7.11,10.15
xc_XC925265_245,xc,XC925265,367.93179138322,368.0711111111111,139,35,6.246,True,6.89,11.11
xc_XC925265_246,xc,XC925265,368.1407709750567,368.5122902494331,371,8,5.231,False,2.52,-2.54
xc_XC925265_247,xc,XC925265,368.9999092970521,369.1392290249433,139,8,3.876,False,-0.16,-1.47
xc_XC925265_248,xc,XC925265,369.2088888888889,369.5049433106576,296,8,3.442,False,0.84,-2.26
xc_XC925265_249,xc,XC925265,370.2653968253968,370.2886167800453,23,49,4.915,False,-2.4,5.27
xc_XC925265_250,xc,XC925265,370.3118367346938,370.6833560090703,371,24,5.414,False,5.41,14.08
xc_XC925265_251,xc,XC925265,371.2406349206349,371.5192743764172,278,33,6.033,False,7.51,10.4
xc_XC925265_252,xc,XC925265,371.7050340136054,371.9256235827664,220,7,4.265,False,-5.24,5.89
xc_XC925265_253,xc,XC925265,372.0939682539682,372.4829024943311,388,3,5.562,False,-4.97,0.33
xc_XC925265_254,xc,XC925265,372.4887074829932,372.5525623582767,63,40,7.053,True,-1.01,2.68
xc_XC925265_255,xc,XC925265,372.99374149659866,373.17950113378686,185,8,3.4,False,0.26,-2.14
xc_XC925265_256,xc,XC925265,373.27238095238096,373.4349206349207,162,8,3.887,False,-0.02,-2.15
xc_XC925265_257,xc,XC925265,374.0618594104308,374.6133333333333,551,24,5.583,False,5.35,13.57
xc_XC925265_258,xc,XC925265,374.84553287981856,375.12417233560086,278,33,5.749,False,7.1,10.22
xc_XC925265_259,xc,XC925265,375.2402721088436,375.4434467120181,203,24,6.455,True,6.04,14.35
xc_XC925265_260,xc,XC925265,375.8381859410431,376.0239455782313,185,18,4.998,False,1.52,15.2
xc_XC925265_261,xc,XC925265,376.1168253968254,376.2793650793651,162,35,6.602,True,7.13,11.2
xc_XC925265_262,xc,XC925265,376.3432199546485,376.55219954648527,208,8,5.905,False,2.28,-1.46
xc_XC925265_263,xc,XC925265,377.1791383219954,377.50421768707486,325,8,3.348,False,1.8,-2.75
xc_XC925265_264,xc,XC925265,377.777052154195,378.0092517006803,232,8,3.579,False,2.02,-1.45
xc_XC925265_265,xc,XC925265,378.5200907029479,378.705850340136,185,23,4.958,False,5.14,14.07
xc_XC925265_266,xc,XC925265,378.9844897959184,379.2108843537415,226,3,5.929,False,1.63,-3.31
xc_XC925265_267,xc,XC925265,379.3502040816327,379.5765986394558,226,35,5.1,False,6.36,10.24
xc_XC925265_268,xc,XC925265,379.8552380952381,379.9016780045352,46,47,7.81,True,0.94,2.85
xc_XC925265_269,xc,XC925265,381.4806349206349,381.7534693877551,272,5,4.847,False,3.79,5.32
xc_XC925265_270,xc,XC925265,381.8753741496599,381.9160090702948,40,49,5.214,False,-1.11,5.34
xc_XC925265_271,xc,XC925265,381.9566439909297,382.0495238095238,92,8,4.549,False,2.36,-1.06
xc_XC925265_272,xc,XC925265,382.4907029478458,382.5371428571429,46,8,5.305,False,1.07,-2.04
xc_XC925265_273,xc,XC925265,382.5661678004535,382.630022675737,63,8,5.487,False,2.08,-1.18
xc_XC925265_274,xc,XC925265,383.2337414965986,383.6284807256236,394,24,5.261,False,5.45,13.84
xc_XC925265_275,xc,XC925265,384.1567346938776,384.42956916099774,272,-1,6.851,True,6.7,10.14
xc_XC925265_276,xc,XC925265,384.9404081632653,385.20163265306127,261,3,6.367,True,-4.86,0.4
xc_XC925265_277,xc,XC925265,385.56734693877553,385.6834467120181,116,35,6.857,True,6.09,-3.52
xc_XC925265_278,xc,XC925265,385.8227664399093,386.0085260770976,185,-1,5.836,False,5.26,13.86
xc_XC925265_279,xc,XC925265,386.53678004535146,386.8212244897959,284,-1,5.971,False,0.92,10.28
xc_XC925265_280,xc,XC925265,386.9024943310657,387.1172789115646,214,8,4.149,False,2.27,-1.33
xc_XC925265_281,xc,XC925265,387.442358276644,387.6455328798186,203,18,4.528,False,1.22,15.38
xc_XC925265_282,xc,XC925265,387.7151927437641,387.8545124716553,139,35,6.96,True,7.07,10.45
xc_XC925265_283,xc,XC925265,387.9241723356009,388.1331519274376,208,-1,6.691,True,-1.36,-0.36
xc_XC925265_284,xc,XC925265,388.41179138322,388.5743310657596,162,8,3.948,False,0.08,-1.9
xc_XC925265_285,xc,XC925265,388.6439909297052,388.6846258503401,40,49,4.462,False,-1.69,4.79
xc_XC925265_286,xc,XC925265,388.7078458049887,388.8007256235828,92,8,5.0,False,1.99,-1.48
xc_XC925265_287,xc,XC925265,390.30421768707487,390.7686167800453,464,35,5.892,False,6.31,10.34
xc_XC925265_288,xc,XC925265,391.3026757369614,391.48263038548754,179,18,3.978,False,1.24,15.32
xc_XC925265_289,xc,XC925265,391.5522902494331,391.6916099773243,139,2,7.536,True,7.24,10.33
xc_XC925265_290,xc,XC925265,391.767074829932,391.900589569161,133,35,7.443,True,7.29,11.18
xc_XC925265_291,xc,XC925265,392.080544217687,392.12698412698415,46,-1,6.884,True,-1.75,4.58
xc_XC925265_292,xc,XC925265,392.15020408163264,392.1734240362812,23,49,3.659,False,-2.33,4.81
xc_XC925265_293,xc,XC925265,392.870022675737,393.21832199546486,348,8,3.526,False,0.26,-2.5
xc_XC925265_294,xc,XC925265,393.4273015873016,393.6536961451248,226,8,3.846,False,1.63,-1.44
xc_XC925265_295,xc,XC925265,393.88589569161,394.1180952380952,232,8,3.759,False,-0.14,-2.33
xc_XC925265_296,xc,XC925265,394.79147392290247,394.8379138321996,46,49,4.541,False,-1.45,5.33
xc_XC925265_297,xc,XC925265,395.6680272108843,395.85378684807256,185,8,3.61,False,0.06,-2.18
xc_XC925265_298,xc,XC925265,396.0627664399093,396.3181859410431,255,8,6.319,True,5.04,13.37
xc_XC925265_299,xc,XC925265,397.0728344671202,397.3108390022676,238,8,4.125,False,-0.16,-2.11
xc_XC925265_300,xc,XC925265,400.4048979591837,400.77641723356,371,-1,5.19,False,2.12,9.11
xc_XC925265_301,xc,XC925265,401.56589569161,401.75165532879817,185,8,3.842,False,0.59,-1.99
xc_XC925265_302,xc,XC925265,401.9316099773243,401.9780498866213,46,47,4.434,False,-2.7,5.58
xc_XC925265_303,xc,XC925265,402.0244897959183,402.3727891156463,348,-1,4.532,False,2.7,8.45
xc_XC925265_304,xc,XC925265,402.4366439909297,402.52952380952377,92,41,5.312,False,-1.08,8.36
xc_XC925265_305,xc,XC925265,402.58176870748304,402.761723356009,179,21,5.158,False,3.4,11.05
xc_XC925265_306,xc,XC925265,403.4118820861678,403.7834013605442,371,-1,5.357,False,5.82,8.9
xc_XC925265_307,xc,XC925265,403.9169160997732,404.12589569161,208,7,5.141,False,-5.17,5.86
xc_XC925265_308,xc,XC925265,404.4509750566893,404.63092970521546,179,18,5.329,False,1.35,15.27
xc_XC925265_309,xc,XC925265,404.7063945578232,404.83990929705215,133,35,7.36,True,7.16,10.31
xc_XC925265_310,xc,XC925265,404.90956916099776,405.1185487528344,208,-1,6.404,True,-1.28,-0.4
xc_XC925265_311,xc,XC925265,405.3971882086168,405.55972789115646,162,8,4.244,False,0.92,-2.02
xc_XC925265_312,xc,XC925265,405.7454875283447,405.9544671201815,208,8,4.401,False,2.14,-1.55
xc_XC925265_313,xc,XC925265,406.1634467120181,406.7381405895692,574,-1,4.734,False,1.73,8.44
xc_XC925265_314,xc,XC925265,408.26485260770977,408.54349206349207,278,3,6.509,True,4.95,15.5
xc_XC925265_315,xc,XC925265,408.630566893424,408.8221315192744,191,8,6.649,True,2.4,-3.12
xc_XC925265_316,xc,XC925265,409.7915646258504,409.8554195011338,63,47,6.44,True,-0.37,3.28
xc_XC925265_317,xc,XC925265,409.9482993197279,410.2037188208616,255,-1,6.019,False,5.73,9.03
xc_XC925265_318,xc,XC925265,410.36625850340135,410.6681179138322,301,-1,5.422,False,1.72,8.15
xc_XC925265_319,xc,XC925265,410.8770975056689,411.0628571428572,185,24,5.358,False,2.01,14.69
xc_XC925265_320,xc,XC925265,411.13251700680274,411.27183673469386,139,33,7.356,True,7.22,10.46
xc_XC925265_321,xc,XC925265,411.364716553288,411.5911111111111,226,-1,6.471,True,-4.53,0.25
xc_XC925265_322,xc,XC925265,414.78385487528345,415.1785941043084,394,8,4.011,False,2.46,-2.48
xc_XC925265_323,xc,XC925265,415.6139682539682,415.7765079365079,162,8,4.029,False,1.03,-2.03
xc_XC925265_324,xc,XC925265,416.37442176870746,416.5427664399093,168,8,3.608,False,0.02,-1.72
xc_XC925265_325,xc,XC925265,419.6136054421769,419.8632199546485,249,3,6.727,True,5.51,13.55
xc_XC925265_326,xc,XC925265,420.5830385487528,420.7687981859411,185,8,3.995,False,1.85,-1.97
xc_XC925265_327,xc,XC925265,421.1577324263038,421.6221315192744,464,24,4.79,False,4.53,13.52
xc_XC925265_328,xc,XC925265,422.0400907029479,422.31292517006807,272,35,6.038,False,7.04,10.52
xc_XC925265_329,xc,XC925265,422.4522448979592,422.6380045351474,185,7,6.134,True,-5.39,5.99
xc_XC925265_330,xc,XC925265,423.0327437641723,423.1720634920635,139,18,4.801,False,1.47,15.34
xc_XC925265_331,xc,XC925265,423.24172335600906,423.3578231292517,116,35,7.177,True,7.11,10.67
xc_XC925265_332,xc,XC925265,423.4507029478458,423.7003174603175,249,3,6.976,True,5.99,12.19
xc_XC925265_333,xc,XC925265,424.51301587301583,424.739410430839,226,8,3.708,False,0.31,-2.15
xc_XC925265_334,xc,XC925265,425.3895691609977,425.8307482993197,441,24,5.297,False,5.3,13.87
xc_XC925265_335,xc,XC925265,426.2487074829932,426.5273469387755,278,-1,5.86,False,6.89,10.39
xc_XC925265_336,xc,XC925265,426.6898866213152,426.8872562358277,197,7,4.555,False,-5.37,5.79
xc_XC925265_337,xc,XC925265,427.1020408163265,427.4213151927438,319,24,5.228,False,2.03,14.49
xc_XC925265_338,xc,XC925265,427.4967800453515,427.6302947845805,133,34,7.473,True,7.36,9.65
xc_XC925265_339,xc,XC925265,427.6767346938776,427.9321541950114,255,3,6.597,True,-4.63,0.21
xc_XC925265_340,xc,XC925265,428.44299319727895,428.7448526077098,301,8,3.553,False,1.59,-2.71
xc_XC925265_341,xc,XC925265,431.00299319727895,431.2584126984127,255,8,4.145,False,0.03,-2.35
xc_XC925265_342,xc,XC925265,432.4426303854875,432.7154648526077,272,8,4.911,False,-0.0,-2.47
xc_XC925265_343,xc,XC925265,433.2959637188208,433.5746031746032,278,8,4.333,False,1.88,-3.4
xc_XC925265_344,xc,XC925265,434.0796371882087,434.53823129251697,458,-1,5.552,False,5.28,13.89
xc_XC925265_345,xc,XC925265,434.9155555555556,435.1651700680272,249,33,5.834,False,7.23,10.25
xc_XC925265_346,xc,XC925265,435.3277097505669,435.5366893424036,208,7,4.232,False,-5.46,5.75
xc_XC925265_347,xc,XC925265,435.9082086167801,436.0707482993197,162,18,5.553,False,1.35,15.76
xc_XC925265_348,xc,XC925265,436.18104308390025,436.2797278911564,98,35,7.665,True,6.97,10.82
xc_XC925265_349,xc,XC925265,436.3726077097505,436.5583673469388,185,3,6.365,True,-4.75,0.3
xc_XC925265_350,xc,XC925265,437.1098412698413,437.42911564625854,319,8,3.541,False,1.76,-2.54
xc_XC925265_351,xc,XC925265,437.75419501133786,437.8006349206349,46,49,5.133,False,-1.64,4.26
xc_XC925265_352,xc,XC925265,437.847074829932,437.9167346938776,69,49,4.779,False,-1.43,4.37
xc_XC925265_353,xc,XC925265,437.9399546485261,438.38113378684807,441,24,5.621,False,5.1,13.54
xc_XC925265_354,xc,XC925265,438.9384126984127,439.2344671201814,296,-1,5.665,False,3.41,9.73
xc_XC925265_355,xc,XC925265,439.97170068027214,440.1574603174603,185,18,6.321,True,1.42,15.84
xc_XC925265_356,xc,XC925265,440.4593197278911,440.64507936507937,185,-1,6.869,True,-1.44,-0.45
xc_XC925265_357,xc,XC925265,441.4345578231293,441.7073922902494,272,8,3.872,False,1.57,-2.8
xc_XC925265_358,xc,XC925265,442.4039909297052,442.60716553287983,203,8,3.843,False,0.32,-2.36
xc_XC925265_359,xc,XC925265,444.691156462585,445.172970521542,481,24,5.372,False,4.49,13.77
xc_XC925265_360,xc,XC925265,445.9392290249433,446.2178684807256,278,8,6.03,False,4.04,1.25
xc_XC925265_361,xc,XC925265,446.4268480725624,446.63582766439913,208,7,4.886,False,-5.44,6.0
xc_XC925265_362,xc,XC925265,446.9028571428572,447.18149659863946,278,24,6.525,True,3.35,14.59
xc_XC925265_363,xc,XC925265,447.2569614512472,447.3962811791383,139,-1,6.764,True,7.07,10.6
xc_XC925265_364,xc,XC925265,447.4427210884354,447.66911564625855,226,3,6.904,True,-4.68,0.28
xc_XC925265_365,xc,XC925265,447.7387755102041,447.9709750566893,232,8,4.456,False,-0.27,-2.66
xc_XC925265_366,xc,XC925265,448.41215419501134,448.61532879818594,203,8,3.737,False,0.05,-1.83
xc_XC925265_367,xc,XC925265,448.76045351473925,449.015873015873,255,8,4.308,False,0.05,-2.63
xc_XC925265_368,xc,XC925265,450.606439909297,450.6528798185941,46,-1,8.975,True,-1.93,7.83
xc_XC925265_369,xc,XC925265,451.5816780045352,451.74421768707487,162,35,7.069,True,7.03,10.66
xc_XC925265_370,xc,XC925265,451.78485260770975,451.8080725623583,23,-1,5.284,False,-2.14,4.73
xc_XC925265_371,xc,XC925265,451.91836734693874,451.9415873015873,23,-1,5.826,False,-2.28,4.48
xc_XC925265_372,xc,XC925265,452.150566893424,452.2202267573696,69,8,6.294,True,2.17,-0.29
xc_XC925265_373,xc,XC925265,452.84716553287984,452.89360544217686,46,47,6.507,True,-0.81,2.4
xc_XC925265_374,xc,XC925265,452.9168253968254,453.0561451247166,139,8,4.75,False,2.32,-1.09
xc_XC925265_375,xc,XC925265,453.3812244897959,453.427664399093,46,-1,5.733,False,-0.97,4.72
xc_XC925265_376,xc,XC925265,453.47410430839,453.5379591836735,63,25,6.51,True,10.67,8.56
xc_XC925265_377,xc,XC925265,454.3680725623583,454.5364172335601,168,8,4.091,False,0.81,-2.18
xc_XC925265_378,xc,XC925265,454.5828571428572,454.8324716553288,249,8,4.19,False,0.37,-2.46
xc_XC925265_379,xc,XC925265,457.97877551020406,458.0019954648526,23,49,4.67,False,-2.16,4.77
xc_XC925265_380,xc,XC925265,458.07165532879816,458.1180952380952,46,-1,6.506,True,-2.51,4.42
xc_XC925265_381,xc,XC925265,458.2341950113379,458.3038548752834,69,-1,6.727,True,5.51,13.92
xc_XC925265_382,xc,XC925265,458.35029478458046,458.4199546485261,69,-1,5.313,False,-1.72,5.37
xc_XC925265_383,xc,XC925265,458.768253968254,458.9540136054422,185,49,5.451,False,1.55,8.53
xc_XC925265_384,xc,XC925265,458.9714285714286,459.0004535147392,29,49,4.819,False,-2.12,5.28
xc_XC925265_385,xc,XC925265,460.38204081632654,460.61424036281176,232,8,3.925,False,-0.21,-2.51
xc_XC925265_386,xc,XC925265,460.7303401360545,460.9799546485261,249,8,3.985,False,-0.17,-2.45
xc_XC925265_387,xc,XC925265,461.5198185941043,462.02485260770976,505,24,5.359,False,5.73,13.82
xc_XC925265_388,xc,XC925265,462.4834467120181,462.8781859410431,394,-1,5.872,False,3.66,9.38
xc_XC925265_389,xc,XC925265,462.9710657596372,463.1800453514739,208,7,4.355,False,-5.35,5.91
xc_XC925265_390,xc,XC925265,463.5980045351474,463.98693877551017,388,-1,6.558,True,6.26,12.03
xc_XC925265_391,xc,XC925265,464.0565986394558,464.2713832199546,214,-1,6.948,True,-0.55,-1.12
xc_XC925265_392,xc,XC925265,464.81705215419504,465.2117913832199,394,8,4.805,False,2.2,-3.57
xc_XC925265_393,xc,XC925265,465.5136507936508,465.6065306122449,92,47,5.065,False,0.42,3.95
xc_XC925265_394,xc,XC925265,465.65297052154193,465.76907029478457,116,31,6.346,True,3.22,8.33
xc_XC925265_395,xc,XC925265,465.79229024943305,466.1173696145125,325,10,5.867,False,-0.44,12.0
xc_XC925265_396,xc,XC925265,466.581768707483,466.8720181405896,290,-1,6.178,True,6.8,9.9
xc_XC925265_397,xc,XC925265,467.05777777777774,467.1042176870749,46,49,4.583,False,-1.84,5.2
xc_XC925265_398,xc,XC925265,467.8936961451248,467.9169160997732,23,49,4.873,False,-1.69,4.86
xc_XC925265_399,xc,XC925265,469.0024489795919,469.28108843537416,278,8,4.079,False,1.8,-2.94
xc_XC925265_400,xc,XC925265,471.01097505668935,471.0632199546485,52,-1,6.885,True,-1.4,4.45
xc_XC925265_401,xc,XC925265,471.086439909297,471.4057142857143,319,-1,6.613,True,1.91,12.73
xc_XC925265_402,xc,XC925265,471.6901587301587,471.8875283446712,197,18,5.104,False,1.41,15.06
xc_XC925265_403,xc,XC925265,471.9571882086168,472.0965079365079,139,2,7.531,True,5.96,-3.45
xc_XC925265_404,xc,XC925265,472.1719727891156,472.3287074829932,156,-1,7.536,True,6.85,11.0
xc_XC925265_405,xc,XC925265,472.42739229024943,472.630566893424,203,8,6.336,True,1.84,-3.36
xc_XC925265_406,xc,XC925265,473.16462585034014,473.35038548752834,185,8,4.126,False,0.34,-2.23
xc_XC925265_407,xc,XC925265,473.5071201814059,473.5593650793651,52,8,6.215,True,1.48,-0.5
xc_XC925265_408,xc,XC925265,475.21959183673465,475.2660317460317,46,-1,8.624,True,0.41,9.67
xc_XC925265_409,xc,XC925265,476.31092970521536,476.7927437641723,481,3,6.766,True,2.85,-3.53
xc_XC925265_410,xc,XC925265,477.3732426303855,477.7157369614512,342,8,3.794,False,1.81,-2.85
xc_XC925265_411,xc,XC925265,478.24979591836734,478.4761904761905,226,8,4.062,False,1.53,-2.86
xc_XC925265_412,xc,XC925265,479.7010430839002,479.869387755102,168,24,7.787,True,5.87,14.1
xc_XC925265_413,xc,XC925265,479.9854875283447,480.2583219954648,272,8,3.666,False,2.04,-2.32
xc_XC925265_414,xc,XC925265,482.59192743764174,482.82412698412696,232,8,4.265,False,-0.22,-2.53
xc_XC925265_415,xc,XC925265,483.2420861678005,483.6774603174603,435,-1,6.125,True,5.84,9.21
xc_XC925265_416,xc,XC925265,483.7993650793651,483.9793197278912,179,30,5.41,False,4.29,8.23
xc_XC925265_417,xc,XC925265,484.0547845804989,484.1882993197279,133,34,7.553,True,6.97,10.1
xc_XC925265_418,xc,XC925265,484.2579591836735,484.4669387755102,208,24,6.86,True,2.48,14.64
xc_XC925265_419,xc,XC925265,484.5540136054422,484.6701133786848,116,35,7.591,True,6.73,10.39
xc_XC925265_420,xc,XC925265,484.7629931972789,485.0648526077098,301,8,6.033,False,1.89,-3.21
xc_XC925265_421,xc,XC925265,485.69179138322,485.73823129251696,46,-1,4.707,False,-1.83,4.12
xc_XC925265_422,xc,XC925265,485.7614512471655,485.9414058956916,179,8,5.266,False,2.4,-1.07
xc_XC925265_423,xc,XC925265,486.66702947845806,486.9108390022676,243,-1,6.797,True,5.33,13.57
xc_XC925265_424,xc,XC925265,487.0791836734694,487.25913832199547,179,8,4.355,False,0.12,-2.19
xc_XC925265_425,xc,XC925265,487.4971428571428,487.6538775510204,156,8,4.281,False,1.51,-2.18
xc_XC925265_426,xc,XC925265,488.21115646258505,488.3272562358276,116,8,5.11,False,1.51,-2.37
xc_XC925265_427,xc,XC925265,489.0412698412698,489.3663492063492,325,24,5.562,False,5.12,13.76
xc_XC925265_428,xc,XC925265,489.4127891156463,489.64498866213154,232,-1,6.817,True,1.59,11.68
xc_XC925265_429,xc,XC925265,489.8075283446712,490.0107029478458,203,35,7.134,True,7.11,10.45
xc_XC925265_430,xc,XC925265,490.21968253968254,490.4751020408164,255,8,6.81,True,2.64,-3.61
xc_XC925265_431,xc,XC925265,490.8698412698412,490.9162811791384,46,49,6.046,False,-2.74,4.95
xc_XC925265_432,xc,XC925265,491.0091609977324,491.3342403628118,325,15,7.006,True,7.03,12.15
xc_XC925265_433,xc,XC925265,492.14113378684806,492.3210884353741,179,8,4.435,False,0.34,-1.84
xc_XC925265_434,xc,XC925265,492.8087074829932,493.0873469387755,278,-1,5.378,False,6.02,9.35
xc_XC925265_435,xc,XC925265,493.1802267573696,493.3659863945578,185,26,5.185,False,5.14,9.11
xc_XC925265_436,xc,XC925265,493.6214058956916,493.91746031746027,296,3,6.144,True,-4.77,0.17
xc_XC925265_437,xc,XC925265,494.6140589569161,494.86947845804985,255,8,3.949,False,-0.12,-2.47
xc_XC925265_438,xc,XC925265,495.0320181405896,495.3280725623583,296,8,3.731,False,0.38,-2.39
xc_XC925265_439,xc,XC925265,496.2046258503401,496.2510657596372,46,49,7.426,True,0.2,5.25
xc_XC925265_440,xc,XC925265,496.2975056689343,496.3497505668934,52,47,8.167,True,0.39,3.18
xc_XC925265_441,xc,XC925265,499.6295691609977,499.6992290249433,69,49,8.726,True,0.34,7.58
xc_XC925265_442,xc,XC925265,499.902403628118,499.93142857142857,29,49,3.706,False,-1.66,4.31
xc_XC925265_443,xc,XC925265,500.3435827664399,500.5525623582767,208,8,7.246,True,2.73,-3.35
xc_XC925265_444,xc,XC925265,501.3420408163265,501.4987755102041,156,8,3.538,False,-0.13,-1.59
xc_XC925265_445,xc,XC925265,501.50458049886623,501.56843537414966,63,-1,7.395,True,0.3,6.51
xc_XC925265_446,xc,XC925265,502.2360090702948,502.7932879818594,557,24,5.077,False,5.44,13.84
xc_XC925265_447,xc,XC925265,503.09514739229024,503.5827664399093,487,12,5.523,False,5.12,3.35
xc_XC925265_448,xc,XC925265,503.6698412698413,503.8381859410431,168,26,7.234,True,5.19,9.16
xc_XC925265_449,xc,XC925265,503.9078458049887,503.9949206349207,87,34,8.733,True,7.01,9.55
xc_XC925265_450,xc,XC925265,504.32,504.4999546485261,179,8,3.803,False,1.81,-2.93
xc_XC925265_451,xc,XC925265,505.2197732426304,505.4984126984127,278,8,3.398,False,-0.16,-2.43
xc_XC925265_452,xc,XC925265,505.68417233560086,505.7073922902494,23,49,4.37,False,-2.09,5.51
xc_XC925265_453,xc,XC925265,505.89315192743766,505.9337868480725,40,49,4.356,False,-2.22,4.87
xc_XC925265_454,xc,XC925265,506.5200907029478,506.7232653061224,203,8,4.442,False,-0.17,-2.28
xc_XC925265_455,xc,XC925265,506.76390022675736,506.792925170068,29,49,3.974,False,-1.87,4.75
xc_XC925265_456,xc,XC925265,507.0019047619047,507.0425396825397,40,-1,5.032,False,-2.02,4.97
xc_XC925265_457,xc,XC925265,507.1180045351474,507.1586394557823,40,49,4.364,False,-1.9,4.53
xc_XC925265_458,xc,XC925265,507.94811791383216,508.0874376417234,139,35,7.191,True,6.33,10.42
xc_XC925265_459,xc,XC925265,508.1338775510204,508.3196371882086,185,2,7.028,True,6.07,-3.53
xc_XC925265_460,xc,XC925265,508.3892970521542,508.5750566893424,185,8,6.793,True,2.16,-1.55
xc_XC925265_461,xc,XC925265,509.352925170068,509.3761451247166,23,-1,4.871,False,-1.85,4.69
xc_XC925265_462,xc,XC925265,511.605260770975,511.84907029478455,243,3,6.266,True,-4.78,0.27
xc_XC925265_463,xc,XC925265,512.0638548752835,512.1973696145125,133,8,4.306,False,-0.27,-1.43
xc_XC925265_464,xc,XC925265,515.0650340136054,515.2507936507936,185,-1,6.956,True,4.42,6.92
xc_XC925265_465,xc,XC925265,515.3204535147393,515.529433106576,208,3,5.732,False,-4.71,0.24
xc_XC925265_466,xc,XC925265,515.6687528344671,515.7384126984126,69,47,6.189,True,0.72,3.4
xc_XC925265_467,xc,XC925265,515.7848526077098,515.9009523809524,116,49,4.336,False,-1.53,5.83
xc_XC925265_468,xc,XC925265,517.5379591836735,517.8165986394558,278,-1,5.438,False,4.12,9.24
xc_XC925265_469,xc,XC925265,517.955918367347,518.6234920634921,667,35,5.404,False,5.96,8.78
xc_XC925265_470,xc,XC925265,518.6699319727891,518.8324716553288,162,35,6.396,True,6.58,10.28
xc_XC925265_471,xc,XC925265,518.884716553288,519.1111111111111,226,-1,6.219,True,5.24,13.17
xc_XC925265_472,xc,XC925265,519.2678458049886,519.6625850340137,394,37,5.158,False,6.73,4.73
xc_XC925265_473,xc,XC925265,521.0093424036281,521.3518367346938,342,8,5.326,False,1.79,-3.59
xc_XC925265_474,xc,XC925265,522.0019954648526,522.1819501133787,179,8,3.894,False,0.87,-2.15
xc_XC925265_475,xc,XC925265,523.1804081632653,523.3197278911565,139,26,6.561,True,4.87,9.31
xc_XC925265_476,xc,XC925265,523.3835827664399,523.4532426303855,69,-1,8.566,True,7.14,11.18
xc_XC925265_477,xc,XC925265,523.5229024943311,523.5461224489795,23,49,5.892,False,-2.14,4.49
xc_XC925265_478,xc,XC925265,523.7609070294785,523.8073469387755,46,-1,8.322,True,5.68,13.58
xc_XC925265_479,xc,XC925265,524.3356009070295,524.4691156462585,133,-1,6.482,True,4.08,5.1
xc_XC925265_480,xc,XC925265,524.5155555555555,524.5910204081633,75,49,7.119,True,0.04,4.56
xc_XC925265_481,xc,XC925265,524.6142403628119,524.7303401360545,116,8,4.987,False,2.23,-0.83
xc_XC925265_482,xc,XC925265,525.3050340136055,525.4907936507936,185,8,4.305,False,1.22,-2.81
xc_XC925265_483,xc,XC925265,526.344126984127,526.5763265306122,232,10,5.696,False,-0.44,11.7
xc_XC925265_484,xc,XC925265,526.5995464852607,526.6924263038549,92,24,5.611,False,5.42,14.14
xc_XC925265_485,xc,XC925265,526.8085260770976,526.9884807256235,179,-1,6.808,True,5.86,8.79
xc_XC925265_486,xc,XC925265,527.1510204081633,527.4760997732426,325,7,4.539,False,-5.25,5.94
xc_XC925265_487,xc,XC925265,527.6154195011337,528.0333786848072,417,24,6.912,True,2.0,14.49
xc_XC925265_488,xc,XC925265,528.0565986394557,528.2191383219955,162,35,7.007,True,6.64,10.88
xc_XC925265_489,xc,XC925265,528.2887981859411,528.4919727891156,203,8,5.722,False,1.8,-2.17
xc_XC925265_490,xc,XC925265,528.7938321995465,528.9795918367347,185,-1,4.626,False,3.26,6.47
xc_XC925265_491,xc,XC925265,529.3278911564626,529.6297505668933,301,-1,5.083,False,0.55,9.11
xc_XC925265_492,xc,XC925265,530.5063038548752,530.6920634920634,185,8,4.062,False,0.55,-1.84
xc_XC925265_493,xc,XC925265,530.9010430839003,531.1042176870748,203,8,4.308,False,0.55,-1.99
xc_XC925265_494,xc,XC925265,531.1796825396825,531.3828571428571,203,8,3.83,False,2.02,-1.41
xc_XC925265_495,xc,XC925265,531.4351020408163,531.6614965986394,226,24,6.244,True,5.85,14.17
xc_XC925265_496,xc,XC925265,532.2361904761904,532.4219501133787,185,8,3.849,False,0.94,-2.06
xc_XC925265_497,xc,XC925265,533.6758276643991,534.0183219954648,342,-1,5.633,False,5.34,8.82
xc_XC925265_498,xc,XC925265,534.0473469387755,534.1982766439909,150,35,5.664,False,6.22,10.22
xc_XC925265_499,xc,XC925265,534.6220408163265,534.8078004535147,185,18,4.913,False,1.95,14.0
xc_XC925265_500,xc,XC925265,534.9006802721088,535.0109750566894,110,34,7.383,True,7.05,9.66
xc_XC925265_501,xc,XC925265,535.0574149659864,535.1967346938775,139,8,6.837,True,4.3,6.01
xc_XC925265_502,xc,XC925265,535.2663945578231,535.3360544217687,69,-1,6.972,True,5.48,13.63
xc_XC925265_503,xc,XC925265,535.4057142857143,535.4985941043084,92,-1,5.653,False,5.4,13.81
xc_XC925265_504,xc,XC925265,535.614693877551,536.2880725623583,673,-1,4.453,False,4.13,5.9
xc_XC925265_505,xc,XC925265,536.4448072562359,536.584126984127,139,26,4.744,False,5.33,9.22
xc_XC925265_506,xc,XC925265,536.8627664399094,536.9266213151927,63,49,8.35,True,-0.43,4.58
xc_XC925265_507,xc,XC925265,536.9498412698413,537.0427210884354,92,8,6.544,True,1.57,-1.65
xc_XC925265_508,xc,XC925265,537.0485260770976,537.1356009070295,87,8,5.375,False,2.64,0.93
xc_XC925265_509,xc,XC925265,537.8321995464852,537.9715192743764,139,8,4.265,False,2.48,-1.13
xc_XC925265_510,xc,XC925265,538.5229931972789,538.5520181405896,29,49,5.32,False,-1.63,5.32
xc_XC925265_511,xc,XC925265,538.6913378684807,538.7551927437642,63,-1,6.446,True,-0.86,7.02
xc_XC925265_512,xc,XC925265,541.2977777777777,541.4893424036281,191,4,7.434,True,-4.33,-0.29
xc_XC925265_513,xc,XC925265,541.8318367346939,541.8724716553288,40,49,4.19,False,-1.51,4.92
xc_XC925265_514,xc,XC925265,545.7850340136055,545.901133786848,116,8,4.455,False,1.22,-2.39
xc_XC925265_515,xc,XC925265,546.4990476190476,547.05052154195,551,8,4.766,False,1.99,-3.03
xc_XC925265_516,xc,XC925265,547.5381405895691,547.8632199546486,325,-1,5.928,False,4.42,9.35
xc_XC925265_517,xc,XC925265,547.9560997732426,548.3043990929706,348,-1,5.646,False,3.82,9.24
xc_XC925265_518,xc,XC925265,548.6526984126984,548.8790929705216,226,24,5.438,False,0.3,13.98
xc_XC925265_519,xc,XC925265,548.9313378684807,549.3609070294784,429,-1,7.013,True,6.43,11.62
xc_XC925265_520,xc,XC925265,550.0110657596372,550.1271655328798,116,8,4.684,False,-0.25,-1.5
xc_XC925265_521,xc,XC925265,550.1503854875283,550.4754648526077,325,8,3.61,False,2.23,-1.62
xc_XC925265_522,xc,XC925265,550.707664399093,550.9340589569161,226,8,3.959,False,0.75,-1.94
xc_XC925265_523,xc,XC925265,551.3578231292518,551.6945124716552,336,24,5.132,False,5.23,13.91
xc_XC925265_524,xc,XC925265,551.7177324263039,551.7409523809524,23,49,4.68,False,-1.97,5.0
xc_XC925265_525,xc,XC925265,551.7699773242631,552.0718367346939,301,24,5.24,False,5.18,14.01
xc_XC925265_526,xc,XC925265,552.1182766439908,552.5536507936507,435,-1,5.558,False,5.9,8.5
xc_XC925265_527,xc,XC925265,552.7626303854876,553.2502494331067,487,3,6.918,True,6.69,11.13
xc_XC925265_528,xc,XC925265,553.31410430839,553.5230839002268,208,2,6.656,True,1.82,-3.23
xc_XC925265_529,xc,XC925265,553.5927437641723,553.8017233560091,208,3,6.446,True,-4.67,0.22
xc_XC925265_530,xc,XC925265,553.8771882086168,554.1442176870748,267,3,5.51,False,-4.76,0.21
xc_XC925265_531,xc,XC925265,554.4692970521542,554.9627210884354,493,8,3.669,False,2.12,-2.47
xc_XC925265_532,xc,XC925265,559.6937868480726,559.7228117913832,29,49,3.816,False,-2.25,4.84
xc_XC925265_533,xc,XC925265,559.7924716553288,559.8156916099773,23,49,4.344,False,-2.5,5.11
xc_XC925265_534,xc,XC925265,560.5297052154195,560.5761451247166,46,14,6.202,True,12.58,12.46
xc_XC925265_535,xc,XC925265,560.6922448979592,560.8954195011337,203,8,3.51,False,1.29,-1.27
xc_XC925265_536,xc,XC925265,562.3292517006803,562.538231292517,208,8,4.047,False,2.48,-1.14
xc_XC925265_537,xc,XC925265,563.6934240362812,563.8849886621315,191,-1,7.23,True,6.05,11.98
xc_XC925265_538,xc,XC925265,563.9488435374149,564.1113832199546,162,-1,6.45,True,5.13,13.25
xc_XC925265_539,xc,XC925265,564.5757823129252,564.5990022675737,23,49,4.531,False,-1.91,5.55
xc_XC925265_540,xc,XC925265,564.6164172335601,564.7325170068027,116,-1,5.619,False,2.99,5.48
xc_XC925265_541,xc,XC925265,565.3130158730158,565.498775510204,185,8,3.897,False,1.25,-1.84
xc_XC925265_542,xc,XC925265,565.8006349206349,565.8644897959183,63,47,5.017,False,0.9,2.63
xc_XC925265_543,xc,XC925265,565.8877097505668,566.1721541950113,284,-1,5.495,False,4.16,9.31
xc_XC925265_544,xc,XC925265,566.3288888888889,566.5204535147392,191,7,4.366,False,-5.43,5.83
xc_XC925265_545,xc,XC925265,566.9035827664399,567.0893424036282,185,24,6.594,True,5.86,14.33
xc_XC925265_546,xc,XC925265,567.1880272108843,567.304126984127,116,35,7.118,True,6.52,10.08
xc_XC925265_547,xc,XC925265,567.4202267573696,567.6001814058957,179,-1,6.207,True,1.59,-2.9
xc_XC925265_548,xc,XC925265,569.0572335600907,569.0804535147391,23,-1,4.408,False,-1.78,4.85
xc_XC925265_549,xc,XC925265,569.8931519274377,569.9163718820862,23,49,6.011,False,-2.14,4.35
xc_XC925265_550,xc,XC925265,569.9802267573696,570.0034467120181,23,-1,5.653,False,-2.59,4.55
xc_XC925265_551,xc,XC925265,570.3517460317461,570.5375056689342,185,24,6.246,True,5.3,13.53
xc_XC925265_552,xc,XC925265,571.0715646258503,571.2747392290249,203,8,4.305,False,0.79,-2.2
xc_XC925265_553,xc,XC925265,573.3297052154195,573.5677097505669,238,8,4.677,False,-0.12,-2.51
xc_XC925265_554,xc,XC925265,574.3455782312925,574.4152380952381,69,-1,8.899,True,8.66,7.2
xc_XC925265_555,xc,XC925265,575.692335600907,575.738775510204,46,8,6.225,True,1.97,-0.69
xc_XC925265_556,xc,XC925265,577.8169614512472,578.0956009070295,278,-1,6.545,True,6.53,9.22
xc_XC925265_557,xc,XC925265,578.1884807256235,578.4148752834467,226,24,6.261,True,1.98,-1.59
xc_XC925265_558,xc,XC925265,580.2202267573696,580.2666666666667,46,49,7.286,True,-0.01,7.74
xc_XC925265_559,xc,XC925265,580.3131065759636,580.6149659863945,301,39,6.49,True,3.54,6.43
xc_XC925265_560,xc,XC925265,580.8471655328798,581.1722448979592,325,49,5.406,False,1.79,8.3
xc_XC925265_561,xc,XC925265,581.1954648526076,581.2360997732426,40,49,4.426,False,-1.88,4.24
xc_XC925265_562,xc,XC925265,581.2825396825397,581.3289795918367,46,49,4.943,False,-1.0,5.47
xc_XC925265_563,xc,XC925265,581.5379591836735,581.561179138322,23,49,3.497,False,-2.02,4.63
xc_XC925265_564,xc,XC925265,581.8804535147392,582.042993197279,162,8,4.939,False,1.75,-2.85
xc_XC925265_565,xc,XC925265,582.4377324263039,582.9485714285714,510,38,4.738,False,4.25,5.65
xc_XC925265_566,xc,XC925265,583.0646712018141,583.4129705215419,348,8,4.998,False,2.08,-3.12
xc_XC925265_567,xc,XC925265,583.5058503401361,583.7148299319728,208,8,3.494,False,0.85,-2.13
xc_XC925265_568,xc,XC925265,583.7786848072562,583.9412244897959,162,8,3.964,False,-0.07,-1.59
xc_XC925265_569,xc,XC925265,583.9702494331066,584.1443990929705,174,8,3.808,False,1.59,-2.25
xc_XC925265_570,xc,XC925265,584.3533786848072,584.6552380952381,301,10,5.673,False,-0.84,11.62
xc_XC925265_571,xc,XC925265,585.1428571428571,585.4214965986395,278,-1,5.377,False,5.67,8.61
xc_XC925265_572,xc,XC925265,585.5608163265307,585.7697959183673,208,7,5.044,False,-5.42,5.87
xc_XC925265_573,xc,XC925265,585.7872108843537,585.9729705215419,185,18,4.599,False,1.29,15.45
xc_XC925265_574,xc,XC925265,586.0426303854875,586.1587301587301,116,35,6.765,True,6.82,10.27
xc_XC925265_575,xc,XC925265,586.2283900226757,586.373514739229,145,24,6.585,True,1.94,14.95
xc_XC925265_576,xc,XC925265,586.3967346938775,586.5360544217688,139,35,6.16,True,6.86,10.25
xc_XC925265_577,xc,XC925265,586.6173242630385,586.9017687074829,284,8,6.195,True,1.72,-2.46
xc_XC925265_578,xc,XC925265,587.1281632653062,587.3835827664399,255,-1,4.245,False,2.51,5.67
xc_XC925265_579,xc,XC925265,587.4532426303855,587.5461224489795,92,49,5.356,False,-1.26,5.26
xc_XC925265_580,xc,XC925265,587.964081632653,588.0105215419501,46,47,5.051,False,-0.04,3.45
xc_XC925265_581,xc,XC925265,588.1034013605442,588.2659410430839,162,8,3.954,False,0.98,-2.23
xc_XC925265_582,xc,XC925265,588.3065759637188,588.3530158730158,46,49,4.183,False,-1.56,4.33
xc_XC925265_583,xc,XC925265,590.4602267573696,590.5298866213152,69,47,8.129,True,0.79,4.0
xc_XC925265_584,xc,XC925265,591.4122448979592,591.586394557823,174,35,6.977,True,6.76,10.42
xc_XC925265_585,xc,XC925265,591.6386394557823,591.8708390022675,232,8,6.372,True,2.04,-2.6
xc_XC925265_586,xc,XC925265,592.4919727891156,592.9331519274376,441,8,3.756,False,2.0,-2.4
xc_XC925265_587,xc,XC925265,593.9490249433106,594.0883446712018,139,24,6.678,True,6.06,13.79
xc_XC925265_588,xc,XC925265,595.5918367346939,595.6847165532879,92,-1,7.338,True,-1.79,3.85
xc_XC925265_589,xc,XC925265,595.77179138322,595.8008163265306,29,49,6.226,True,-1.86,4.33
xc_XC925265_590,xc,XC925265,595.8240362811791,595.8704761904762,46,-1,7.863,True,-2.32,4.4
xc_XC925265_591,xc,XC925265,597.5539229024943,597.6932426303855,139,8,4.653,False,2.53,-1.33
xc_XC925265_592,xc,XC925265,598.5001360544218,598.8078004535147,307,-1,6.21,True,4.62,9.22
xc_XC925265_593,xc,XC925265,598.9006802721088,599.2141496598639,313,24,5.62,False,2.06,13.03
xc_XC925265_594,xc,XC925265,599.4231292517007,599.4695691609977,46,49,4.266,False,-1.34,4.74
xc_XC925265_595,xc,XC925265,599.5392290249433,600.0268480725624,487,-1,7.314,True,2.31,14.4
xc_XC925265_596,xc,XC925265,600.0732879818594,600.2590476190476,185,-1,7.234,True,5.51,13.86
xc_XC925265_597,xc,XC925265,600.3287074829931,600.4912471655329,162,-1,5.682,False,1.7,-3.08
xc_XC925265_598,xc,XC925265,600.5144671201814,600.677006802721,162,8,3.842,False,1.68,-2.26
xc_XC925265_599,xc,XC925265,601.0485260770976,601.2284807256235,179,8,3.576,False,-0.2,-1.51
xc_XC925265_600,xc,XC925265,601.5361451247165,601.7625396825397,226,8,4.086,False,0.77,-1.87
xc_XC925265_601,xc,XC925265,601.9424943310657,602.0585941043084,116,21,4.885,False,3.64,10.11
xc_XC925265_602,xc,XC925265,602.9641723356009,603.1963718820862,232,8,3.573,False,-0.11,-2.41
xc_XC925265_603,xc,XC925265,606.2962358276644,606.4297505668934,133,35,7.153,True,7.09,10.1
xc_XC925265_604,xc,XC925265,606.5052154195012,606.632925170068,127,-1,6.893,True,5.66,13.52
xc_XC925265_605,xc,XC925265,606.7316099773243,606.9638095238095,232,8,6.715,True,1.7,-3.17
xc_XC925265_606,xc,XC925265,607.7707029478458,608.002902494331,232,8,3.505,False,1.28,-2.18
xc_XC925265_607,xc,XC925265,611.1492063492063,611.1956462585034,46,47,6.849,True,0.31,2.7
xc_XC925265_608,xc,XC925265,611.2130612244898,611.2362811791384,23,49,3.94,False,-2.42,4.85
xc_XC925265_609,xc,XC925265,611.3523809523809,611.3756009070295,23,-1,5.331,False,-1.91,4.46
xc_XC925265_610,xc,XC925265,611.398820861678,611.5381405895691,139,35,6.735,True,6.45,10.39
xc_XC925265_611,xc,XC925265,611.5845804988661,611.7180952380953,133,-1,7.189,True,-1.44,9.63
xc_XC925265_612,xc,XC925265,611.7471201814059,611.9096598639455,162,21,6.488,True,3.63,11.19
xc_XC925265_613,xc,XC925265,611.973514739229,612.1186394557823,145,35,7.678,True,6.7,10.89
xc_XC925265_614,xc,XC925265,612.2115192743764,612.4379138321996,226,-1,6.5,True,5.25,13.31
xc_XC925267_000,xc,XC925267,9.74077097505669,9.804625850340138,63,24,7.033,True,5.54,13.92
xc_XC925267_001,xc,XC925267,14.291882086167805,14.332517006802725,40,10,4.462,False,-1.5,11.0
xc_XC925267_002,xc,XC925267,15.185850340136057,15.423854875283448,238,49,4.432,False,0.78,7.08
xc_XC925267_003,xc,XC925267,15.92888888888889,16.068208616780048,139,49,4.109,False,0.14,6.6
xc_XC925267_004,xc,XC925267,16.23074829931973,16.370068027210888,139,-1,4.271,False,0.8,6.42
xc_XC925267_005,xc,XC925267,16.48616780045352,16.6487074829932,162,49,4.047,False,1.61,6.96
xc_XC925267_006,xc,XC925267,17.11310657596372,17.1827664399093,69,41,5.211,False,-1.26,8.03
xc_XC925267_007,xc,XC925267,18.51791383219955,18.657233560090702,139,10,4.372,False,-2.37,12.21
xc_XC925267_008,xc,XC925267,18.98231292517007,19.028752834467124,46,49,5.232,False,-0.42,5.83
xc_XC925267_009,xc,XC925267,20.480000000000004,20.549659863945585,69,49,4.715,False,-1.32,5.04
xc_XC925267_010,xc,XC925267,25.983129251700685,26.05278911564626,69,25,6.741,True,10.23,8.45
xc_XC925267_011,xc,XC925267,26.859682539682545,27.09768707482994,238,-1,5.159,False,4.77,4.78
xc_XC925267_012,xc,XC925267,29.56480725623583,29.640272108843543,75,49,5.164,False,-0.31,6.48
xc_XC925267_013,xc,XC925267,29.680907029478465,29.750566893424043,69,-1,4.888,False,-0.45,6.42
xc_XC925267_014,xc,XC925267,35.04471655328799,35.15501133786849,110,-1,5.008,False,4.0,9.8
xc_XC925267_015,xc,XC925267,35.31755102040817,35.45687074829932,139,19,6.026,False,2.62,12.33
xc_XC925267_016,xc,XC925267,35.526530612244905,35.642630385487536,116,-1,6.487,True,3.56,9.23
xc_XC925267_017,xc,XC925267,35.67165532879819,35.78195011337869,110,40,6.593,True,1.8,6.54
xc_XC925267_018,xc,XC925267,35.851609977324266,35.92126984126985,69,29,6.484,True,6.28,12.93
xc_XC925267_019,xc,XC925267,35.94448979591837,36.03736961451248,92,-1,6.468,True,1.85,7.28
xc_XC925267_020,xc,XC925267,36.13024943310658,36.24634920634921,116,-1,5.662,False,0.66,7.09
xc_XC925267_021,xc,XC925267,37.98204081632654,38.13877551020409,156,10,4.419,False,-1.52,11.07
xc_XC925267_022,xc,XC925267,38.34775510204082,38.37097505668935,23,49,4.078,False,-1.57,5.67
xc_XC925267_023,xc,XC925267,38.4174149659864,38.48707482993198,69,49,4.239,False,-1.21,5.26
xc_XC925267_024,xc,XC925267,38.5102947845805,38.57995464852608,69,49,4.384,False,-0.98,5.48
xc_XC925267_025,xc,XC925267,38.9514739229025,39.13142857142858,179,49,5.026,False,2.01,7.74
xc_XC925267_026,xc,XC925267,40.07764172335602,40.153106575963726,75,21,6.361,True,4.29,10.21
xc_XC925267_027,xc,XC925267,40.17632653061225,40.3330612244898,156,-1,6.1,False,-0.39,8.77
xc_XC925267_028,xc,XC925267,41.40117913832201,41.51727891156463,116,49,5.917,False,1.21,8.3
xc_XC925267_029,xc,XC925267,47.5892970521542,47.658956916099775,69,47,6.069,False,-0.82,2.57
xc_XC925267_030,xc,XC925267,47.72861678004536,47.79827664399094,69,-1,7.361,True,7.39,9.2
xc_XC925267_031,xc,XC925267,47.86793650793651,48.00725623582767,139,-1,5.979,False,2.85,10.21
xc_XC925267_032,xc,XC925267,48.17560090702949,48.262675736961455,87,47,6.657,True,3.81,7.52
xc_XC925267_033,xc,XC925267,48.35555555555556,48.51809523809524,162,46,6.123,False,2.53,6.67
xc_XC925267_034,xc,XC925267,48.61097505668935,48.77351473922903,162,-1,6.201,True,6.18,9.31
xc_XC925267_035,xc,XC925267,48.88961451247167,48.95927437641724,69,35,6.342,True,6.45,10.3
xc_XC925267_036,xc,XC925267,49.70231292517008,49.81260770975058,110,40,7.005,True,1.89,6.97
xc_XC925267_037,xc,XC925267,49.88807256235828,49.9461224489796,58,29,7.504,True,6.55,12.6
xc_XC925267_038,xc,XC925267,60.58666666666668,60.673741496598645,87,47,5.828,False,0.12,5.59
xc_XC925267_039,xc,XC925267,61.41678004535148,61.46321995464854,46,47,4.775,False,-0.76,3.25
xc_XC925267_040,xc,XC925267,61.55609977324264,61.74185941043085,185,-1,6.159,True,5.37,13.17
xc_XC925267_041,xc,XC925267,64.41795918367347,64.46439909297054,46,6,6.192,True,-2.32,5.98
xc_XC925267_042,xc,XC925267,77.68816326530614,77.73460317460318,46,-1,5.237,False,-0.48,5.97
xc_XC925267_043,xc,XC925267,78.54149659863947,78.63437641723357,92,19,5.178,False,2.19,11.62
xc_XC925267_044,xc,XC925267,79.60961451247167,79.65024943310658,40,49,6.047,False,-1.31,5.09
xc_XC925267_045,xc,XC925267,86.99936507936509,87.09804988662133,98,-1,4.288,False,0.24,6.38
xc_XC925267_046,xc,XC925267,87.27800453514742,87.30702947845806,29,-1,5.181,False,-1.89,5.03
xc_XC925267_047,xc,XC925267,88.75827664399095,88.80471655328799,46,-1,4.913,False,-0.11,5.93
xc_XC925267_048,xc,XC925267,89.24589569160999,89.28653061224492,40,49,4.211,False,-1.36,4.72
xc_XC925267_049,xc,XC925267,89.40263038548754,89.4316553287982,29,49,4.024,False,-1.58,4.54
xc_XC925267_050,xc,XC925267,89.59419501133789,89.6348299319728,40,49,4.174,False,-1.98,5.24
xc_XC925267_051,xc,XC925267,98.18557823129252,98.39455782312926,208,24,4.805,False,2.52,12.11
xc_XC925267_052,xc,XC925267,98.44099773242633,98.53387755102042,92,49,6.35,True,0.05,5.96
xc_XC925267_053,xc,XC925267,98.603537414966,98.64997732426303,46,29,6.793,True,6.34,12.31
xc_XC925267_054,xc,XC925267,98.6964172335601,98.76607709750569,69,30,6.538,True,3.5,7.94
xc_XC925267_055,xc,XC925267,99.48589569160998,99.54975056689344,63,-1,6.929,True,0.04,5.36
xc_XC925267_056,xc,XC925267,99.59619047619049,99.8748299319728,278,-1,6.149,True,4.95,13.13
xc_XC925267_057,xc,XC925267,100.060589569161,100.147664399093,87,35,6.876,True,6.87,11.4
xc_XC925267_058,xc,XC925267,100.19410430839004,100.29278911564629,98,30,5.927,False,2.8,8.0
xc_XC925267_059,xc,XC925267,100.3334240362812,100.47274376417236,139,40,6.352,True,1.39,6.68
xc_XC925267_060,xc,XC925267,100.5191836734694,100.61206349206353,92,-1,6.348,True,5.94,13.2
xc_XC925267_061,xc,XC925267,100.6643083900227,100.72816326530614,63,-1,6.663,True,5.54,13.77
xc_XC925267_062,xc,XC925267,100.82104308390024,100.8907029478458,69,47,5.302,False,-0.65,3.29
xc_XC925267_063,xc,XC925267,100.91392290249436,101.0532426303855,139,-1,5.636,False,2.43,5.07
xc_XC925267_064,xc,XC925267,101.12290249433109,101.44798185941043,325,-1,5.564,False,1.6,7.38
xc_XC925267_065,xc,XC925267,101.74403628117916,101.79628117913836,52,49,5.505,False,-1.13,6.27
xc_XC925267_066,xc,XC925267,102.2142403628118,102.27809523809525,63,49,6.52,True,-0.49,5.84
xc_XC925267_067,xc,XC925267,102.30712018140592,102.3419501133787,34,-1,4.124,False,-1.39,4.87
xc_XC925267_068,xc,XC925267,102.55092970521542,102.620589569161,69,-1,6.294,True,5.49,11.23
xc_XC925267_069,xc,XC925267,114.2944217687075,114.31764172335602,23,49,4.778,False,-1.46,5.87
xc_XC925267_070,xc,XC925267,119.59437641723358,119.64081632653064,46,47,5.799,False,0.41,3.13
xc_XC925267_071,xc,XC925267,120.05297052154197,120.14585034013606,92,-1,7.045,True,6.46,13.91
xc_XC925267_072,xc,XC925267,120.97596371882088,121.02240362811791,46,-1,4.958,False,-0.14,5.57
xc_XC925267_073,xc,XC925267,121.55065759637188,121.6957823129252,145,24,5.999,False,5.87,14.24
xc_XC925267_074,xc,XC925267,125.5096598639456,125.68961451247168,179,-1,5.806,False,5.64,13.4
xc_XC925267_075,xc,XC925267,129.02167800453518,129.31773242630388,296,24,5.323,False,2.5,13.77
xc_XC925267_076,xc,XC925267,129.36997732426306,129.43383219954652,63,29,7.9,True,6.64,12.23
xc_XC925267_077,xc,XC925267,129.48027210884354,129.53251700680275,52,30,7.406,True,3.16,7.79
xc_XC925267_078,xc,XC925267,129.6195918367347,129.71827664399095,98,24,6.293,True,-0.15,13.16
xc_XC925267_079,xc,XC925267,129.7821315192744,129.8924263038549,110,24,6.731,True,6.01,13.54
xc_XC925267_080,xc,XC925267,129.93886621315195,130.01433106575965,75,23,7.408,True,4.72,14.55
xc_XC925267_081,xc,XC925267,134.52480725623585,134.5886621315193,63,40,6.005,False,1.33,6.31
xc_XC925267_082,xc,XC925267,137.34022675736963,137.38086167800455,40,-1,3.852,False,-1.41,5.01
xc_XC925267_083,xc,XC925267,138.1239002267574,138.24000000000004,116,49,3.953,False,-0.4,5.97
xc_XC925267_084,xc,XC925267,138.3096598639456,138.54185941043085,232,-1,4.62,False,0.29,6.7
xc_XC925267_085,xc,XC925267,138.5882993197279,138.65795918367348,69,-1,4.841,False,0.09,6.61
xc_XC925267_086,xc,XC925267,138.70439909297053,138.79727891156463,92,-1,5.497,False,5.23,12.71
xc_XC925267_087,xc,XC925267,138.82049886621317,138.91337868480727,92,31,5.003,False,3.45,7.9
xc_XC925267_088,xc,XC925267,138.97723356009072,139.07591836734696,98,-1,4.232,False,-1.57,4.97
xc_XC925267_089,xc,XC925267,139.16299319727892,139.23845804988662,75,-1,5.665,False,4.55,12.6
xc_XC925267_090,xc,XC925267,139.3081179138322,139.6041723356009,296,49,4.077,False,1.43,7.2
xc_XC925267_091,xc,XC925267,142.22222222222226,142.26866213151928,46,-1,4.68,False,0.17,5.89
xc_XC925267_092,xc,XC925267,144.15528344671205,144.20172335600907,46,18,6.028,False,0.94,14.69
xc_XC925267_093,xc,XC925267,144.43392290249434,144.45714285714286,23,-1,4.838,False,-1.15,6.43
xc_XC925267_094,xc,XC925267,146.84299319727893,147.022947845805,179,30,4.546,False,3.54,8.06
xc_XC925267_095,xc,XC925267,147.80662131519276,147.85306122448984,46,-1,5.463,False,-0.35,6.35
xc_XC925267_096,xc,XC925267,148.57287981859412,148.6193197278912,46,-1,6.746,True,5.29,13.42
xc_XC925267_097,xc,XC925267,154.836462585034,154.9931972789116,156,-1,4.678,False,-0.51,5.21
xc_XC925267_098,xc,XC925267,155.0918820861678,155.2718367346939,179,-1,4.774,False,3.02,9.51
xc_XC925267_099,xc,XC925267,155.85233560090705,155.92199546485264,69,-1,6.092,False,3.88,12.32
xc_XC925267_100,xc,XC925267,156.01487528344674,156.0613151927438,46,-1,6.291,True,-0.88,8.2
xc_XC925267_101,xc,XC925267,156.75791383219956,157.03074829931975,272,-1,4.732,False,0.41,7.46
xc_XC925267_102,xc,XC925267,159.27147392290252,159.3237188208617,52,49,4.847,False,-0.37,6.57
xc_XC925267_103,xc,XC925267,159.37015873015875,159.4340136054422,63,-1,7.268,True,5.65,13.36
xc_XC925267_104,xc,XC925267,162.13913832199546,162.18557823129254,46,-1,6.02,False,-1.39,6.35
xc_XC925267_105,xc,XC925267,163.82839002267576,163.89804988662132,69,49,4.905,False,0.32,6.75
xc_XC925267_106,xc,XC925267,164.54820861678007,164.75138321995468,203,-1,3.825,False,0.69,6.5
xc_XC925267_107,xc,XC925267,165.79047619047623,165.83691609977325,46,49,6.162,True,-0.16,6.68
xc_XC925267_108,xc,XC925267,165.86013605442182,165.92979591836738,69,-1,6.396,True,5.86,13.68
xc_XC925267_109,xc,XC925267,182.94421768707485,183.1009523809524,156,-1,5.941,False,5.55,13.48
xc_XC925267_110,xc,XC925267,189.7824943310658,189.80571428571432,23,-1,4.808,False,-1.5,5.63
xc_XC925267_111,xc,XC925267,190.1714285714286,190.3629931972789,191,24,4.492,False,0.11,13.29
xc_XC925267_112,xc,XC925267,191.21632653061224,191.3962811791384,179,25,4.731,False,10.27,8.47
xc_XC925267_113,xc,XC925267,191.61106575963723,191.6342857142857,23,49,5.511,False,-1.98,4.86
xc_XC925267_114,xc,XC925267,192.0232199546485,192.2321995464853,208,-1,5.008,False,1.9,7.57
xc_XC925267_115,xc,XC925267,192.66757369614515,192.9520181405896,284,24,4.719,False,-0.09,13.25
xc_XC925267_116,xc,XC925267,194.42648526077105,194.4555102040817,29,-1,4.824,False,-1.65,5.41
xc_XC925267_117,xc,XC925267,194.5019501133787,194.63546485260773,133,-1,4.171,False,-0.35,5.97
xc_XC925267_118,xc,XC925267,195.0534240362812,195.21015873015875,156,24,5.604,False,-1.68,7.59
xc_XC925267_119,xc,XC925267,195.3262585034014,195.4249433106576,98,29,6.897,True,6.9,13.54
xc_XC925267_120,xc,XC925267,195.9531972789116,196.18539682539685,232,49,5.107,False,1.87,7.68
xc_XC925267_121,xc,XC925267,196.9458503401361,197.10839002267576,162,-1,4.75,False,0.38,6.75
xc_XC925267_122,xc,XC925267,205.6126984126984,205.79845804988665,185,24,6.509,True,5.81,14.27
xc_XC925267_123,xc,XC925267,213.95446712018145,214.0009070294785,46,49,6.284,True,-1.69,4.51
xc_XC925267_124,xc,XC925267,217.65804988662137,217.7044897959184,46,-1,5.895,False,-0.51,6.45
xc_XC925267_125,xc,XC925267,221.39646258503404,221.4951473922903,98,-1,5.106,False,-1.33,4.37
xc_XC925267_126,xc,XC925267,222.0466213151928,222.09306122448984,46,-1,6.251,True,-2.42,4.86
xc_XC925267_127,xc,XC925267,224.45569160997735,224.57179138322,116,49,4.518,False,-1.64,4.59
xc_XC925267_128,xc,XC925267,228.17088435374157,228.2405442176871,69,-1,5.884,False,1.67,7.15
xc_XC925267_129,xc,XC925267,238.4805442176871,238.7127437641724,232,44,4.481,False,2.22,7.08
xc_XC925267_130,xc,XC925267,241.76036281179145,241.78358276643996,23,49,4.961,False,-1.99,4.71
xc_XC925267_131,xc,XC925267,253.08589569161,253.13233560090708,46,-1,6.905,True,5.21,12.66
xc_XC925267_132,xc,XC925267,253.2252154195012,253.31809523809525,92,-1,6.483,True,5.96,13.43
xc_XC925267_133,xc,XC925267,254.28752834467124,254.38621315192748,98,-1,5.14,False,0.18,5.81
xc_XC925267_134,xc,XC925267,255.09442176870752,255.1408616780046,46,24,7.208,True,5.84,13.85
xc_XC925267_135,xc,XC925267,255.3962811791384,255.42530612244903,29,-1,4.967,False,-1.38,5.31
xc_XC925267_136,xc,XC925267,255.53560090702956,255.65170068027217,116,-1,5.344,False,1.81,7.49
xc_XC925267_137,xc,XC925267,255.81424036281183,255.8839002267574,69,-1,5.534,False,0.01,5.27
xc_XC925267_138,xc,XC925267,256.00000000000006,256.02321995464854,23,-1,4.622,False,-1.5,4.85
xc_XC925267_139,xc,XC925267,256.18575963718826,256.2554195011338,69,-1,5.789,False,1.17,6.56
xc_XC925267_140,xc,XC925267,256.37151927437645,256.41215419501134,40,49,4.903,False,-0.28,5.9
xc_XC925267_141,xc,XC925267,256.528253968254,256.5979138321996,69,-1,5.712,False,0.52,6.17
xc_XC925267_142,xc,XC925267,256.6907936507937,256.7662585034014,75,-1,5.439,False,-0.59,4.53
xc_XC925267_143,xc,XC925267,256.882358276644,256.969433106576,87,-1,4.818,False,0.57,6.29
xc_XC925267_144,xc,XC925267,257.08553287981863,257.1261678004536,40,49,4.203,False,-0.33,5.62
xc_XC925267_145,xc,XC925267,257.52671201814064,257.5499319727891,23,-1,5.083,False,-1.04,5.04
xc_XC925267_146,xc,XC925267,257.7356916099774,257.7995464852608,63,49,6.54,True,0.33,7.11
xc_XC925267_147,xc,XC925267,257.9620861678005,258.05496598639456,92,-1,5.627,False,2.24,6.62
xc_XC925267_148,xc,XC925267,258.3336054421769,258.4032653061225,69,-1,4.944,False,1.09,5.81
xc_XC925267_149,xc,XC925267,258.9082993197279,259.001179138322,92,-1,4.745,False,1.37,6.23
xc_XC925267_150,xc,XC925267,259.47138321995465,259.55845804988667,87,40,4.777,False,1.81,6.7
xc_XC925267_151,xc,XC925267,259.74421768707487,259.83129251700683,87,40,5.092,False,1.15,6.29
xc_XC925267_152,xc,XC925267,260.0170521541951,260.08671201814064,69,-1,5.276,False,0.28,6.22
xc_XC925267_153,xc,XC925267,260.7136507936508,260.7833106575964,69,-1,5.09,False,0.61,6.38
xc_XC925267_154,xc,XC925267,261.1548299319728,261.2012698412699,46,-1,5.465,False,0.27,6.15
xc_XC925267_155,xc,XC925267,261.3347845804989,261.42766439909303,92,-1,4.85,False,0.03,6.3
xc_XC925267_156,xc,XC925267,261.47410430839005,261.54376417233567,69,-1,5.566,False,0.87,5.13
xc_XC925267_157,xc,XC925267,261.64244897959185,261.6830839002268,40,-1,5.081,False,-1.61,4.95
xc_XC925267_158,xc,XC925267,261.7759637188209,261.89786848072566,121,-1,5.58,False,1.95,6.99
xc_XC925267_159,xc,XC925267,263.0704761904762,263.1401360544218,69,-1,5.999,False,0.48,5.62
xc_XC925267_160,xc,XC925267,263.53487528344675,263.6045351473923,69,-1,5.227,False,-0.1,5.95
xc_XC925267_161,xc,XC925267,263.81351473922905,263.854149659864,40,-1,5.083,False,-0.85,5.45
xc_XC925267_162,xc,XC925267,264.1385941043084,264.20825396825404,69,-1,4.99,False,0.03,6.01
xc_XC925267_163,xc,XC925267,264.5101133786849,264.59138321995465,81,-1,5.163,False,0.44,5.61
xc_XC925267_164,xc,XC925267,264.96870748299324,265.1312471655329,162,-1,5.25,False,3.59,9.63
xc_XC925267_165,xc,XC925267,265.79882086167805,266.03102040816333,232,-1,5.545,False,1.87,7.42
xc_XC925267_166,xc,XC925267,276.2013605442178,276.22458049886626,23,49,4.398,False,-1.65,5.26
xc_XC925267_167,xc,XC925267,277.008253968254,277.0721088435375,63,-1,6.335,True,-2.08,5.66
xc_XC925267_168,xc,XC925267,280.8685714285715,281.1007709750567,232,35,5.605,False,6.74,10.62
xc_XC925267_169,xc,XC925267,281.1472108843538,281.2807256235828,133,-1,6.148,True,0.62,6.19
xc_XC925267_170,xc,XC925267,281.420045351474,281.5187301587302,98,35,6.287,True,4.29,8.88
xc_XC925267_171,xc,XC925267,281.5883900226758,281.8147845804989,226,49,5.126,False,0.98,7.2
xc_XC925267_172,xc,XC925267,281.8670294784581,281.9541043083901,87,14,5.571,False,12.6,12.42
xc_XC925267_173,xc,XC925267,281.9773242630385,282.05278911564625,75,29,7.54,True,6.9,12.04
xc_XC925267_174,xc,XC925267,282.1166439909298,282.2037188208617,87,35,6.084,False,6.38,10.65
xc_XC925267_175,xc,XC925267,282.2965986394558,282.7668027210885,470,49,4.443,False,1.72,7.47
xc_XC925267_176,xc,XC925267,283.364716553288,283.5504761904762,185,-1,5.595,False,5.03,13.05
xc_XC925267_177,xc,XC925267,284.58956916099777,284.6592290249434,69,-1,5.263,False,0.2,5.9
xc_XC925267_178,xc,XC925267,285.2339229024944,285.4196825396826,185,-1,5.874,False,5.03,12.85
xc_XC925267_179,xc,XC925267,287.0624943310658,287.1553741496599,92,-1,5.414,False,0.67,6.13
xc_XC925267_180,xc,XC925267,287.19600907029485,287.2656689342404,69,-1,6.908,True,5.82,13.63
xc_XC925267_181,xc,XC925267,287.3585487528345,287.4340136054422,75,-1,5.908,False,2.12,6.28
xc_XC925267_182,xc,XC925267,287.66040816326534,287.71265306122456,52,-1,5.353,False,-0.33,4.96
xc_XC925267_183,xc,XC925267,287.80553287981866,288.00870748299326,203,-1,5.961,False,5.54,13.34
xc_XC925267_184,xc,XC925267,291.706485260771,291.7819501133787,75,-1,6.893,True,5.95,13.72
xc_XC925267_185,xc,XC925267,293.46539682539685,293.6511564625851,185,-1,5.415,False,5.48,12.87
xc_XC925267_186,xc,XC925267,295.77578231292523,295.9151020408164,139,-1,5.788,False,5.4,13.35
xc_XC925267_187,xc,XC925267,297.1167346938776,297.25605442176874,139,-1,5.481,False,3.52,12.62
xc_XC925267_188,xc,XC925267,300.51265306122457,300.62875283446715,116,-1,5.849,False,5.49,13.34
xc_XC925267_189,xc,XC925267,305.4120634920636,305.5978231292517,185,-1,5.564,False,4.89,12.67
xc_XC925267_190,xc,XC925267,310.96163265306126,311.10095238095244,139,-1,5.537,False,3.09,11.45
xc_XC925267_191,xc,XC925267,312.581224489796,312.7669841269842,185,7,4.272,False,0.27,6.52
xc_XC925267_192,xc,XC925267,313.13269841269846,313.22557823129256,92,-1,6.284,True,6.21,14.08
xc_XC925267_193,xc,XC925267,313.5274376417234,313.5738775510205,46,47,5.816,False,0.58,4.56
xc_XC925267_194,xc,XC925267,313.8757369614513,314.0789115646259,203,-1,5.452,False,3.71,9.84
xc_XC925267_195,xc,XC925267,315.1470294784581,315.2108843537416,63,47,5.32,False,0.45,3.89
xc_XC925267_196,xc,XC925267,315.51274376417234,315.6985034013606,185,-1,5.17,False,4.68,12.28
xc_XC925267_197,xc,XC925267,318.0785487528345,318.3339682539683,255,-1,5.523,False,5.29,13.31
xc_XC925267_198,xc,XC925267,320.5514739229025,320.5979138321996,46,-1,5.802,False,0.2,4.14
xc_XC925267_199,xc,XC925267,320.83011337868487,320.8765532879819,46,-1,4.827,False,0.31,6.11
xc_XC925267_200,xc,XC925267,321.08553287981863,321.1726077097506,87,24,6.803,True,5.93,13.8
xc_XC925267_201,xc,XC925267,321.8459863945579,321.9388662131519,92,-1,6.073,False,3.33,12.82
xc_XC925267_202,xc,XC925267,325.75274376417235,325.822403628118,69,-1,6.747,True,6.07,13.26
xc_XC925267_203,xc,XC925267,326.1010430839003,326.14748299319734,46,40,5.716,False,1.13,6.37
xc_XC925267_204,xc,XC925267,326.3738775510205,326.4203174603175,46,-1,5.302,False,-0.93,5.16
xc_XC925267_205,xc,XC925267,327.0414512471656,327.0936961451248,52,-1,5.34,False,0.54,4.67
xc_XC925267_206,xc,XC925267,327.4361904761905,327.5058503401361,69,-1,4.666,False,0.74,6.39
xc_XC925267_207,xc,XC925267,327.81351473922905,327.854149659864,40,-1,4.345,False,-1.29,4.94
xc_XC925267_208,xc,XC925267,328.1095691609977,328.3185487528345,208,49,4.713,False,1.62,7.42
xc_XC925267_209,xc,XC925267,328.5739682539683,328.6204081632653,46,-1,5.378,False,0.08,5.88
xc_XC925267_210,xc,XC925267,328.87582766439914,329.0383673469388,162,-1,5.679,False,5.71,13.69
xc_XC925267_211,xc,XC925267,332.9393197278912,332.9625396825397,23,49,4.722,False,-1.82,4.87
xc_XC925267_212,xc,XC925267,334.57632653061233,334.5995464852608,23,49,4.72,False,-0.98,5.46
xc_XC925267_213,xc,XC925267,334.9942857142857,335.04653061224496,52,40,4.838,False,1.1,6.26
xc_XC925267_214,xc,XC925267,335.3658049886622,335.6444444444445,278,-1,4.916,False,3.59,12.04
xc_XC925267_215,xc,XC925267,336.0856235827665,336.28879818594106,203,-1,4.908,False,3.4,9.59
xc_XC925267_216,xc,XC925267,337.4497959183674,337.51945578231295,69,40,5.091,False,1.16,6.18
xc_XC925267_217,xc,XC925267,337.7690702947846,337.83873015873024,69,-1,4.861,False,1.12,6.09
xc_XC925267_218,xc,XC925267,339.0403628117914,339.2319274376418,191,-1,5.608,False,4.08,9.73
xc_XC925267_219,xc,XC925267,340.8689342403628,340.93859410430844,69,-1,4.776,False,0.55,6.1
xc_XC925267_220,xc,XC925267,341.2578684807257,341.28689342403635,29,49,4.741,False,-1.14,5.08
xc_XC925267_221,xc,XC925267,341.5190929705216,341.7048526077098,185,-1,5.063,False,3.51,12.68
xc_XC925267_222,xc,XC925267,347.48081632653066,347.5736961451248,92,-1,5.069,False,0.64,6.04
xc_XC925267_223,xc,XC925267,347.8697505668935,347.91619047619054,46,-1,7.412,True,5.49,13.15
xc_XC925267_224,xc,XC925267,350.87673469387755,350.9463945578232,69,-1,7.083,True,5.56,11.46
xc_XC925267_225,xc,XC925267,354.4351927437642,354.6151473922903,179,49,5.045,False,1.95,7.7
xc_XC925267_226,xc,XC925267,355.1492063492064,355.4046258503401,255,-1,5.577,False,3.22,9.26
xc_XC925267_227,xc,XC925267,355.79936507936515,356.0083446712019,208,-1,5.402,False,5.44,13.18
xc_XC925267_228,xc,XC925267,357.0416326530613,357.22739229024944,185,25,5.185,False,10.33,8.37
xc_XC925267_229,xc,XC925267,358.15619047619055,358.2258503401361,69,-1,6.931,True,6.44,12.69
xc_XC925267_230,xc,XC925267,358.6438095238096,358.8005442176871,156,24,5.01,False,0.04,13.33
xc_XC925267_231,xc,XC925267,362.7769614512473,362.9162811791384,139,49,5.226,False,1.36,7.51
xc_XC925267_232,xc,XC925267,363.00916099773247,363.0556009070296,46,40,6.32,True,1.44,6.55
xc_XC925267_233,xc,XC925267,363.10204081632656,363.24136054421774,139,-1,4.833,False,1.2,6.98
xc_XC925267_234,xc,XC925267,364.5068480725624,364.6751927437642,168,-1,5.075,False,4.59,12.6
xc_XC925267_235,xc,XC925267,364.7622675736962,364.8377324263039,75,49,5.917,False,-0.14,7.83
xc_XC925267_236,xc,XC925267,366.0393650793652,366.1090249433107,69,-1,5.894,False,4.39,12.75
xc_XC925267_237,xc,XC925267,367.2584126984127,367.4209523809524,162,-1,4.493,False,-4.71,6.68
xc_XC925267_238,xc,XC925267,367.6125170068028,367.6357369614513,23,49,4.234,False,-1.67,4.89
xc_XC925267_239,xc,XC925267,368.1175510204082,368.30331065759646,185,-1,5.437,False,4.54,12.81
xc_XC925267_240,xc,XC925267,368.3497505668935,368.51229024943314,162,-1,4.341,False,-0.11,6.47
xc_XC925267_241,xc,XC925267,368.9941043083901,369.1798639455783,185,24,5.819,False,5.42,13.76
xc_XC925267_242,xc,XC925267,382.31074829931976,382.5197278911565,208,-1,4.948,False,2.36,8.5
xc_XC925267_243,xc,XC925267,383.9941950113379,384.1799546485262,185,-1,5.45,False,3.42,9.96
xc_XC925267_244,xc,XC925267,386.0085260770976,386.1652607709751,156,-1,5.461,False,3.56,12.68
xc_XC925267_245,xc,XC925267,388.5917460317461,388.7775056689344,185,24,5.555,False,5.76,14.05
xc_XC925267_246,xc,XC925267,390.60607709750576,390.72217687074834,116,-1,6.584,True,5.36,13.26
xc_XC925267_247,xc,XC925267,396.2020861678005,396.3646258503402,162,-1,5.92,False,0.33,8.95
xc_XC925267_248,xc,XC925267,398.76789115646267,398.9710657596372,203,6,4.92,False,-4.84,6.58
xc_XC925267_249,xc,XC925267,401.6994104308391,401.87936507936513,179,-1,5.372,False,4.44,12.62
xc_XC925267_250,xc,XC925267,403.7311564625851,403.8066213151928,75,49,5.124,False,-1.32,4.85
xc_XC925267_251,xc,XC925267,407.6901587301588,407.7307936507937,40,49,4.671,False,-1.74,4.6
xc_XC925267_252,xc,XC925267,408.1023129251701,408.19519274376427,92,-1,4.781,False,0.54,6.79
xc_XC925267_253,xc,XC925267,410.7377777777778,410.7842176870749,46,49,7.783,True,1.44,7.55
xc_XC925267_254,xc,XC925267,411.8871655328799,412.1251700680273,238,49,4.668,False,1.62,7.72
xc_XC925267_255,xc,XC925267,424.07764172335607,424.5768707482994,499,49,4.735,False,2.14,6.26
xc_XC925267_256,xc,XC925267,424.69877551020414,424.8555102040817,156,-1,4.562,False,4.08,7.63
xc_XC925267_257,xc,XC925267,424.9483900226758,425.2502494331066,301,49,5.292,False,2.29,7.7
xc_XC925267_258,xc,XC925267,425.3431292517008,425.52888888888896,185,6,4.46,False,-4.76,8.77
xc_XC925267_259,xc,XC925267,425.80752834467125,425.8771882086169,69,-1,6.541,True,5.67,13.53
xc_XC925267_260,xc,XC925267,425.9468480725624,426.01070294784586,63,-1,6.748,True,-0.45,7.74
xc_XC925267_261,xc,XC925267,427.1426757369616,427.3110204081633,168,-1,5.127,False,3.59,9.77
xc_XC925267_262,xc,XC925267,427.8857142857143,428.048253968254,162,25,4.807,False,10.3,8.55
xc_XC925267_263,xc,XC925267,428.80870748299327,428.8377324263039,29,-1,4.982,False,-1.66,4.79
xc_XC925267_264,xc,XC925267,428.88417233560097,429.0002721088436,116,49,4.416,False,0.12,6.56
xc_XC925267_265,xc,XC925267,429.8303854875284,429.900045351474,69,49,5.432,False,-0.71,6.31
xc_XC925267_266,xc,XC925267,443.1644444444445,443.3502040816328,185,-1,5.407,False,4.8,12.21
xc_XC925267_267,xc,XC925267,447.87809523809534,448.087074829932,208,-1,5.564,False,5.04,12.53
xc_XC925267_268,xc,XC925267,449.3583673469388,449.3990022675738,40,-1,5.114,False,-1.52,4.84
xc_XC925267_269,xc,XC925267,449.4918820861679,449.5383219954649,46,49,5.195,False,-0.35,6.64
xc_XC925267_270,xc,XC925267,449.9156462585035,450.0491609977325,133,49,5.321,False,1.62,7.64
xc_XC925267_271,xc,XC925267,460.8232199546486,460.98575963718827,162,-1,5.516,False,5.1,13.2
xc_XC925267_272,xc,XC925267,465.5833106575964,465.7226303854876,139,49,4.498,False,-0.7,6.36
xc_XC925267_273,xc,XC925267,465.8619501133788,465.9083900226758,46,49,5.968,False,-0.16,7.61
xc_XC925267_274,xc,XC925267,465.9722448979592,466.047709750567,75,49,4.207,False,0.15,6.18
xc_XC925267_275,xc,XC925267,466.181224489796,466.2334693877551,52,49,4.543,False,-0.61,6.24
xc_XC925267_276,xc,XC925267,466.3727891156464,466.55854875283455,185,-1,5.478,False,4.75,12.23
xc_XC925267_277,xc,XC925267,471.0864399092971,471.1735147392291,87,47,5.477,False,-0.9,2.49
xc_XC925267_278,xc,XC925267,471.2431746031747,471.5508390022677,307,-1,6.329,True,3.17,7.09
xc_XC925267_279,xc,XC925267,471.5972789115647,471.6843537414967,87,24,7.329,True,5.93,14.09
xc_XC925267_280,xc,XC925267,471.6901587301588,471.7772335600908,87,-1,8.424,True,4.55,7.28
xc_XC925267_281,xc,XC925267,491.2123356009071,491.3806802721089,168,-1,5.307,False,3.53,13.19
xc_XC925267_282,xc,XC925267,491.5896598639456,491.74058956916105,150,-1,5.354,False,2.56,9.36
xc_XC925267_283,xc,XC925267,493.87682539682544,493.9406802721089,63,-1,6.044,False,3.06,9.26
xc_XC925267_284,xc,XC925267,494.0393650793652,494.08,40,49,4.604,False,-1.48,4.38
xc_XC925267_285,xc,XC925267,494.428299319728,494.4689342403629,40,49,5.639,False,-1.74,4.76
xc_XC925267_286,xc,XC925267,494.91011337868485,495.07265306122457,162,-1,4.613,False,1.34,7.2
xc_XC925267_287,xc,XC925267,495.1423129251701,495.1887528344672,46,-1,6.912,True,3.04,9.55
xc_XC925267_288,xc,XC925267,499.4147845804989,499.6005442176872,185,-1,5.416,False,5.51,11.65
xc_XC925267_289,xc,XC925267,500.2971428571429,500.34358276644,46,-1,5.066,False,-1.55,5.07
xc_XC925267_290,xc,XC925267,500.3668027210885,500.4596825396826,92,-1,5.831,False,5.61,12.97
xc_XC925267_291,xc,XC925267,502.4914285714286,502.5378684807257,46,49,4.523,False,-0.36,6.15
xc_XC925267_292,xc,XC925267,502.8861678004536,502.9093877551021,23,49,3.748,False,-1.81,5.26
xc_XC925267_293,xc,XC925267,502.9558276643992,503.0487074829933,92,-1,6.221,True,5.69,13.85
xc_XC925267_294,xc,XC925267,510.1191836734695,510.2817233560092,162,-1,5.184,False,4.06,13.09
xc_XC925267_295,xc,XC925267,511.111836734694,511.28018140589575,168,-1,5.573,False,5.29,13.36
xc_XC925267_296,xc,XC925267,513.1726077097507,513.1958276643992,23,49,4.3,False,-1.37,5.21
xc_XC925267_297,xc,XC925267,521.4679365079365,521.6769160997733,208,24,5.438,False,4.58,13.02
xc_XC925267_298,xc,XC925267,523.1339682539683,523.3197278911565,185,24,5.386,False,4.05,12.84
xc_XC925267_299,xc,XC925267,525.1192743764173,525.3282539682541,208,7,4.452,False,0.53,6.58
xc_XC925267_300,xc,XC925267,526.2338321995466,526.3963718820862,162,-1,5.763,False,5.09,13.25
xc_XC925267_301,xc,XC925267,528.6080725623583,528.6777324263039,69,-1,6.188,True,3.62,9.5
xc_XC925267_302,xc,XC925267,530.3437641723356,530.4366439909298,92,49,4.276,False,-0.24,6.21
xc_XC925267_303,xc,XC925267,530.5295238095239,530.7617233560092,232,8,3.727,False,1.15,-0.33
xc_XC925267_304,xc,XC925267,530.8313832199547,531.0345578231294,203,45,5.29,False,2.48,5.7
xc_XC925267_305,xc,XC925267,531.4118820861679,531.5221768707484,110,-1,6.304,True,3.59,9.32
xc_XC925267_306,xc,XC925267,533.9544671201816,534.0009070294785,46,-1,5.437,False,-0.1,6.33
xc_XC925267_307,xc,XC925267,536.050068027211,536.0732879818595,23,49,4.305,False,-1.57,5.35
xc_XC925267_308,xc,XC925267,536.53768707483,536.5609070294786,23,49,5.452,False,-1.37,4.95
xc_XC925267_309,xc,XC925267,536.5667120181407,536.6073469387757,40,-1,5.702,False,-2.01,4.63
xc_XC925267_310,xc,XC925267,546.9402267573697,547.0969614512472,156,-1,5.806,False,5.48,13.47
xc_XC925267_311,xc,XC925267,551.8338321995465,552.0195918367348,185,-1,5.577,False,4.89,12.78
xc_XC925267_312,xc,XC925267,552.646530612245,552.739410430839,92,-1,6.139,True,6.05,13.86
xc_XC925267_313,xc,XC925267,559.7228117913833,559.7924716553289,69,-1,5.733,False,0.25,6.36
xc_XC925267_314,xc,XC925267,559.8098866213153,559.9027664399093,92,-1,5.585,False,5.66,13.78
xc_XC925267_315,xc,XC925267,560.3439455782313,560.4832653061225,139,-1,5.721,False,5.36,13.35
xc_XC925267_316,xc,XC925267,562.1957369614513,562.4279365079366,232,-1,4.821,False,3.6,9.53
xc_XC925267_317,xc,XC925267,564.4829024943311,564.6396371882087,156,-1,5.583,False,3.41,12.62
xc_XC925267_318,xc,XC925267,567.1125623582767,567.298321995465,185,-1,5.688,False,5.01,13.09
xc_XC925267_319,xc,XC925267,577.8634013605442,577.9562811791385,92,49,5.097,False,-0.06,5.73
xc_XC925267_320,xc,XC925267,579.8080725623583,580.0112471655331,203,49,4.033,False,1.45,7.27
xc_XC925267_321,xc,XC925267,585.839455782313,586.0426303854875,203,-1,6.439,True,5.44,12.97
xc_XC925267_322,xc,XC925267,586.808888888889,586.9714285714286,162,24,5.334,False,3.64,12.7
xc_XC925267_323,xc,XC925267,591.2439002267574,591.3600000000001,116,49,4.018,False,0.05,5.95
xc_XC925267_324,xc,XC925267,593.0492517006803,593.21179138322,162,-1,5.185,False,4.38,12.27
xc_XC925267_325,xc,XC925267,598.2505215419502,598.4304761904764,179,-1,5.237,False,4.72,12.36
xc_XC925267_326,xc,XC925267,604.7695238095239,604.9030385487529,133,-1,5.845,False,4.03,11.88
xc_XC925267_327,xc,XC925267,608.0493424036282,608.2292970521543,179,-1,5.33,False,4.65,12.46
xc_XC925267_328,xc,XC925267,612.6468934240363,612.9023129251701,255,-1,5.089,False,3.26,12.59
xc_XC925267_329,xc,XC925267,615.9731519274377,616.0195918367348,46,-1,7.547,True,2.26,7.12
xc_XC925267_330,xc,XC925267,623.4441723356009,623.6299319727892,185,24,5.626,False,5.21,13.18
xc_XC925267_331,xc,XC925267,627.327709750567,627.3683446712018,40,49,4.378,False,-1.67,4.94
xc_XC925267_332,xc,XC925267,627.8327437641724,627.9256235827665,92,-1,6.224,True,4.36,12.64
xc_XC925267_333,xc,XC925267,637.0046258503403,637.0568707482994,52,-1,6.396,True,4.98,12.94
xc_XC925267_334,xc,XC925267,637.3297052154196,637.3761451247167,46,49,5.721,False,-0.38,6.35
xc_XC925267_335,xc,XC925267,637.4922448979593,637.5386848072563,46,49,5.783,False,-0.39,6.97
xc_XC925267_336,xc,XC925267,637.6315646258504,637.6780045351475,46,-1,5.169,False,-0.83,6.59
xc_XC925267_337,xc,XC925267,637.747664399093,637.8173242630387,69,-1,4.829,False,-1.2,4.82
xc_XC925267_338,xc,XC925267,638.537142857143,638.8622222222224,325,49,3.611,False,1.34,7.09
xc_XC925267_339,xc,XC925267,650.8495238095239,651.0178684807257,168,-1,5.394,False,5.32,13.43
xc_XC925267_340,xc,XC925267,656.9737868480727,657.0202267573698,46,-1,8.39,True,0.59,6.42
xc_XC925267_341,xc,XC925267,663.3824943310658,663.5450340136056,162,24,5.053,False,4.96,13.03
xc_XC925267_342,xc,XC925267,672.6008163265307,672.879455782313,278,7,4.129,False,1.29,7.11
xc_XC925267_343,xc,XC925267,673.7327891156464,673.9417687074831,208,-1,5.773,False,5.08,12.79
xc_XC925267_344,xc,XC925267,674.121723356009,674.2610430839004,139,-1,4.984,False,-1.86,4.39
xc_XC925267_345,xc,XC925267,680.9716099773244,681.0180498866214,46,47,7.264,True,2.09,4.06
xc_XC925267_346,xc,XC925267,683.7928344671202,683.8160544217687,23,-1,4.712,False,-1.61,4.52
xc_XC925267_347,xc,XC925267,691.7863038548754,691.8559637188209,69,49,5.117,False,-0.39,6.18
xc_XC925267_348,xc,XC925267,691.8733786848073,691.995283446712,121,49,4.252,False,0.39,6.81
xc_XC925267_349,xc,XC925267,692.2913378684808,692.4306575963719,139,-1,6.134,True,3.7,12.64
xc_XC925267_350,xc,XC925267,729.7567346938777,729.9657142857144,208,7,3.806,False,1.06,7.12
xc_XC925267_351,xc,XC925267,730.2211337868482,730.8422675736962,621,49,3.666,False,1.39,7.11
xc_XC925267_352,xc,XC925267,730.958367346939,731.1034920634922,145,-1,5.631,False,5.31,13.25
xc_XC925267_353,xc,XC925267,735.3063038548754,735.329523809524,23,49,4.639,False,-1.64,5.02
xc_XC925267_354,xc,XC925267,746.3125623582768,746.3938321995466,81,-1,4.665,False,-0.91,4.98
xc_XC925267_355,xc,XC925267,746.5795918367348,746.6028117913833,23,49,3.992,False,-1.69,4.76
xc_XC925267_356,xc,XC925267,748.2514285714286,748.4313832199548,179,24,5.495,False,3.86,12.89
xc_XC925267_357,xc,XC925267,750.1670748299321,750.2135147392291,46,-1,7.555,True,5.64,12.96
xc_XC925267_358,xc,XC925267,751.0262131519275,751.2061678004536,179,-1,5.486,False,4.93,12.97
xc_XC925267_359,xc,XC925267,759.344761904762,759.3853968253969,40,-1,4.597,False,-0.67,5.97
xc_XC925267_360,xc,XC925267,767.3382312925172,767.4311111111112,92,10,4.939,False,-2.29,11.93
xc_XC925267_361,xc,XC925267,767.8026303854876,767.9825850340137,179,-1,5.309,False,4.21,12.48
xc_XC925267_362,xc,XC925267,768.9810430839003,769.3699773242632,388,-1,4.668,False,2.46,8.89
xc_XC925267_363,xc,XC925267,808.1821315192744,808.2227664399095,40,49,3.508,False,-1.6,5.25
xc_XC925267_364,xc,XC925267,809.0064399092971,809.0760997732427,69,-1,7.201,True,5.78,13.47
xc_XC925267_365,xc,XC925267,813.679455782313,813.7026757369615,23,49,6.373,True,-1.73,4.81
xc_XC925267_366,xc,XC925267,816.1117460317462,816.152380952381,40,49,4.801,False,-1.98,4.57
xc_XC925267_367,xc,XC925267,816.8954195011338,816.9360544217689,40,49,3.782,False,-1.38,4.93
xc_XC925267_368,xc,XC925267,817.3075736961453,817.423673469388,116,-1,5.766,False,4.6,13.18
xc_XC925267_369,xc,XC925267,818.0738321995466,818.1609070294786,87,-1,6.827,True,6.03,13.56
xc_XC925267_370,xc,XC925267,819.4554195011339,819.4786394557825,23,49,3.998,False,-1.54,5.16
xc_XC925267_371,xc,XC925267,819.8501587301588,819.8965986394559,46,49,5.521,False,-1.61,4.95
xc_XC925267_372,xc,XC925267,820.8486167800454,820.8950566893425,46,47,6.707,True,0.36,3.38
xc_XC925267_373,xc,XC925267,821.1272562358278,821.1678911564627,40,-1,4.863,False,-0.83,5.03
xc_XC925267_374,xc,XC925267,824.360634920635,824.4244897959185,63,-1,6.358,True,0.74,6.84
xc_XC925267_375,xc,XC925267,825.3939229024944,825.4403628117915,46,49,4.505,False,-0.36,6.35
xc_XC925267_376,xc,XC925267,825.8641269841271,826.0440816326532,179,-1,4.668,False,1.51,7.62
xc_XC925267_377,xc,XC925267,827.222494331066,827.3850340136056,162,24,5.286,False,3.51,12.97
xc_XC925267_378,xc,XC925267,832.4469841269843,832.6095238095239,162,-1,5.53,False,4.93,13.19
xc_XC925267_379,xc,XC925267,834.9431292517008,835.0592290249434,116,-1,5.902,False,5.18,12.34
xc_XC925267_380,xc,XC925267,837.5785941043085,837.7643537414967,185,-1,5.571,False,5.35,13.23
xc_XC925267_381,xc,XC925267,839.0066213151929,839.145941043084,139,6,4.371,False,-5.71,8.53
xc_XC925267_382,xc,XC925267,848.3990929705217,848.5848526077099,185,24,5.179,False,4.98,13.27
xc_XC925267_383,xc,XC925267,855.1444897959185,855.3302494331067,185,-1,6.136,True,5.45,12.68
xc_XC925267_384,xc,XC925267,859.1673469387756,859.1905668934241,23,49,4.506,False,-1.24,4.89
xc_XC925267_385,xc,XC925267,861.3558276643992,861.564807256236,208,38,5.268,False,4.59,4.9
xc_XC925267_386,xc,XC925267,861.8028117913833,861.8260317460318,23,-1,5.364,False,-1.23,4.89
xc_XC925267_387,xc,XC925267,862.0988662131521,862.1685260770977,69,49,4.562,False,-0.77,4.85
xc_XC925267_388,xc,XC925267,864.3221768707484,864.4614965986395,139,49,4.016,False,1.01,6.61
xc_XC925267_389,xc,XC925267,864.6646712018141,864.8272108843538,162,49,3.979,False,0.3,6.26
xc_XC925267_390,xc,XC925267,865.0361904761907,865.1755102040818,139,49,3.957,False,0.32,6.19
xc_XC925267_391,xc,XC925267,865.3786848072564,865.541224489796,162,-1,4.419,False,1.7,7.05
xc_XC925267_392,xc,XC925267,865.6863492063493,865.8198639455784,133,49,4.005,False,0.9,6.89
xc_XC925267_393,xc,XC925267,866.0114285714286,866.1913832199548,179,49,4.156,False,0.41,6.17
xc_XC925267_394,xc,XC925267,866.4003628117915,866.6093424036283,208,49,4.299,False,1.56,7.5
xc_XC925267_395,xc,XC925267,866.7254421768708,866.8415419501135,116,-1,4.085,False,-0.16,6.12
xc_XC925267_396,xc,XC925267,866.998276643991,867.1608163265307,162,-1,4.213,False,-0.9,4.79
xc_XC925267_397,xc,XC925267,867.3233560090704,867.439455782313,116,-1,4.372,False,0.32,5.79
xc_XC925267_398,xc,XC925267,867.6484353741498,867.7645351473924,116,-1,3.931,False,-0.29,5.95
xc_XC925267_399,xc,XC925267,867.7877551020409,867.8516099773244,63,49,4.226,False,-1.03,5.04
xc_XC925267_400,xc,XC925267,867.9444897959185,868.0896145124718,145,-1,3.864,False,0.53,6.43
xc_XC925267_401,xc,XC925267,868.2985941043086,868.4321088435375,133,8,4.375,False,0.85,5.89
xc_XC925267_402,xc,XC925267,868.6236734693879,868.7107482993199,87,-1,4.447,False,0.04,5.89
xc_XC925267_403,xc,XC925267,868.9197278911565,869.0590476190476,139,-1,4.118,False,0.51,6.18
xc_XC925267_404,xc,XC925267,869.291247165533,869.4015419501135,110,49,4.245,False,0.09,6.42
xc_XC925267_405,xc,XC925267,869.6569614512473,869.7962811791384,139,49,4.6,False,0.59,6.88
xc_XC925267_406,xc,XC925267,869.9123809523811,869.9588208616781,46,49,5.877,False,-0.27,7.12
xc_XC925267_407,xc,XC925267,869.9820408163266,870.0981405895692,116,-1,3.891,False,0.68,6.43
xc_XC925267_408,xc,XC925267,870.3709750566894,870.4638548752836,92,-1,4.431,False,0.47,5.63
xc_XC925267_409,xc,XC925267,870.7192743764174,870.8121541950114,92,-1,4.464,False,0.1,5.65
xc_XC925267_410,xc,XC925267,871.0501587301588,871.1546485260773,104,-1,4.213,False,0.28,5.75
xc_XC925267_411,xc,XC925267,871.3462131519276,871.456507936508,110,-1,4.401,False,0.48,5.82
xc_XC925267_412,xc,XC925267,871.6887074829933,871.8106122448982,121,49,4.531,False,0.8,6.66
xc_XC925267_413,xc,XC925267,871.8976870748301,871.9905668934241,92,-1,4.02,False,-0.65,6.96
xc_XC925267_414,xc,XC925267,872.0370068027212,872.1531065759638,116,49,4.365,False,0.58,6.3
xc_XC925267_415,xc,XC925267,872.3853061224492,872.5014058956917,116,-1,4.488,False,0.79,6.54
xc_XC925267_416,xc,XC925267,872.6639455782314,872.68716553288,23,49,4.107,False,-1.44,5.5
xc_XC925267_417,xc,XC925267,872.7103854875285,872.8032653061226,92,-1,4.689,False,0.49,5.98
xc_XC925267_418,xc,XC925267,873.1515646258504,873.261859410431,110,-1,4.334,False,0.7,5.78
xc_XC925267_419,xc,XC925267,873.5230839002269,873.6333786848073,110,-1,4.646,False,0.35,6.23
xc_XC925267_420,xc,XC925267,874.1151927437643,874.2080725623583,92,-1,4.726,False,0.38,6.16
xc_XC925267_421,xc,XC925267,874.5563718820863,874.6492517006803,92,40,5.044,False,0.73,5.98
xc_XC925267_422,xc,XC925267,875.0904308390024,875.1833106575964,92,49,4.184,False,-0.02,5.78
xc_XC925267_423,xc,XC925267,875.5025850340137,875.5722448979593,69,-1,6.002,False,-0.17,7.82
xc_XC925267_424,xc,XC925267,876.4081632653063,876.6345578231294,226,6,4.265,False,-2.25,6.83
xc_XC925267_425,xc,XC925267,877.3311564625852,877.3775963718822,46,6,5.458,False,-6.42,7.85
xc_XC925267_426,xc,XC925267,894.9899319727892,895.0595918367347,69,49,5.181,False,-1.21,4.65
xc_XC925267_427,xc,XC925267,895.6168707482994,895.72716553288,110,7,4.297,False,-4.7,5.66
xc_XC925267_428,xc,XC925267,896.3076643990931,896.4469841269843,139,6,4.497,False,-5.79,8.48
xc_XC925267_429,xc,XC925267,907.906031746032,908.1150113378686,208,7,4.401,False,-1.91,7.46
xc_XC925267_430,xc,XC925267,910.640181405896,910.6808163265308,40,-1,5.518,False,-0.82,4.62
xc_XC925267_431,xc,XC925267,912.5326077097508,912.5790476190476,46,49,4.772,False,-0.38,6.03
xc_XC925267_432,xc,XC925267,912.718367346939,912.7590022675738,40,49,3.507,False,-1.6,5.17
xc_XC925267_433,xc,XC925267,913.159546485261,913.385941043084,226,-1,4.769,False,1.37,7.65
xc_XC925267_434,xc,XC925267,915.8414512471657,916.0446258503404,203,6,4.7,False,-5.69,8.46
xc_XC925267_435,xc,XC925267,916.921179138322,916.9443990929708,23,49,3.992,False,-2.53,4.62
xc_XC925267_436,xc,XC925267,917.1765986394558,917.223038548753,46,49,4.343,False,-0.88,5.45
xc_XC925267_437,xc,XC925267,917.4087981859412,917.5248979591838,116,49,4.369,False,0.01,6.06
xc_XC925267_438,xc,XC925267,917.617777777778,917.7338775510206,116,-1,4.067,False,0.15,6.35
xc_XC925267_439,xc,XC925267,917.8267573696148,917.9370521541952,110,-1,3.794,False,-0.22,6.14
xc_XC925267_440,xc,XC925267,918.0299319727892,918.151836734694,121,-1,4.509,False,0.64,6.35
xc_XC925267_441,xc,XC925267,918.238911564626,918.3782312925172,139,49,3.765,False,0.08,6.16
xc_XC925267_442,xc,XC925267,918.4536961451248,918.5872108843538,133,49,4.022,False,0.01,6.02
xc_XC925267_443,xc,XC925267,918.7033106575964,918.9819501133788,278,49,3.963,False,1.62,7.56
xc_XC925267_444,xc,XC925267,919.0980498866214,919.214149659864,116,-1,4.264,False,-0.37,5.82
xc_XC925267_445,xc,XC925267,919.3302494331068,919.4173242630388,87,49,4.423,False,-0.33,5.99
xc_XC925267_446,xc,XC925267,919.7656235827666,919.8585034013608,92,-1,4.556,False,-0.09,6.17
xc_XC925267_447,xc,XC925267,919.9746031746032,920.0674829931974,92,49,4.075,False,-0.44,6.08
xc_XC925267_448,xc,XC925267,920.18358276644,920.2938775510206,110,49,4.027,False,-0.31,5.9
xc_XC925267_449,xc,XC925267,920.4331972789116,920.5086621315194,75,49,4.553,False,-0.44,5.68
xc_XC925267_450,xc,XC925267,920.6479818594104,920.7350566893424,87,49,4.007,False,0.03,5.89
xc_XC925267_451,xc,XC925267,920.8743764172336,920.9440362811793,69,-1,4.527,False,-0.16,6.1
xc_XC925267_452,xc,XC925267,921.774149659864,921.8263945578232,52,49,4.446,False,-1.08,5.49
xc_XC925267_453,xc,XC925267,922.0527891156464,922.076009070295,23,49,4.604,False,-0.95,5.85
xc_XC925267_454,xc,XC925267,922.7668027210884,922.7900226757372,23,49,4.586,False,-1.54,5.12
xc_XC925267_455,xc,XC925267,922.9815873015874,923.0280272108844,46,49,4.498,False,-0.42,6.13
xc_XC925267_456,xc,XC925267,923.53306122449,923.5736961451248,40,49,3.995,False,-1.45,5.07
xc_XC925267_457,xc,XC925267,926.0292063492066,926.0698412698414,40,49,3.759,False,-1.27,5.68
xc_XC925267_458,xc,XC925267,926.9057596371885,926.9289795918368,23,49,3.948,False,-1.64,5.14
xc_XC925267_459,xc,XC925267,927.3933786848072,927.463038548753,69,-1,4.487,False,0.14,6.55
xc_XC925267_460,xc,XC925267,927.6720181405896,927.7184580498867,46,49,4.39,False,-0.96,6.03
xc_XC925267_461,xc,XC925267,927.8984126984128,927.950657596372,52,-1,4.202,False,-0.51,6.0
xc_XC925267_462,xc,XC925267,928.0203174603176,928.1770521541952,156,6,4.344,False,-5.65,8.42
xc_XC925267_463,xc,XC925267,928.4614965986397,928.525351473923,63,-1,4.489,False,0.0,6.25
xc_XC925267_464,xc,XC925267,928.664671201814,928.7517460317462,87,-1,4.966,False,0.17,5.75
xc_XC925267_465,xc,XC925267,928.7981859410432,928.8678458049887,69,47,4.89,False,-0.23,3.46
xc_XC925267_466,xc,XC925267,928.9607256235828,929.0303854875284,69,-1,4.454,False,-0.79,4.42
xc_XC925267_467,xc,XC925267,929.2393650793651,929.2858049886622,46,49,4.531,False,-1.29,5.14
xc_XC925267_468,xc,XC925267,929.5644444444446,929.6108843537417,46,49,5.072,False,-1.48,4.77
xc_XC925267_469,xc,XC925267,932.0605895691612,932.0838095238096,23,49,4.297,False,-1.78,4.97
xc_XC925267_470,xc,XC925267,933.6569614512472,933.7034013605444,46,-1,6.902,True,0.1,3.55
xc_XC925267_471,xc,XC925267,934.1619954648528,934.214240362812,52,49,6.298,True,-0.27,7.62
xc_XC925267_472,xc,XC925267,934.347755102041,934.3709750566894,23,49,4.89,False,-2.44,4.78
xc_XC925267_473,xc,XC925267,934.5102947845804,934.5567346938776,46,-1,5.409,False,-0.06,6.22
xc_XC925267_474,xc,XC925267,935.183673469388,935.2533333333334,69,-1,6.765,True,0.96,4.3
xc_XC925267_475,xc,XC925267,935.5551927437642,935.6190476190478,63,49,5.138,False,-0.15,5.94
xc_XC925267_476,xc,XC925267,936.0428117913832,936.1937414965988,150,-1,5.077,False,2.26,6.25
xc_XC925267_477,xc,XC925267,936.4781859410432,936.5478458049888,69,40,5.493,False,0.84,6.14
xc_XC925267_478,xc,XC925267,936.8497052154196,937.0296598639457,179,44,4.746,False,2.39,6.56
xc_XC925267_479,xc,XC925267,937.2386394557824,937.308299319728,69,-1,5.193,False,-0.2,5.99
xc_XC925267_480,xc,XC925267,937.5637188208618,937.656598639456,92,-1,4.356,False,0.25,6.26
xc_XC925267_481,xc,XC925267,937.9062131519275,937.9584580498868,52,49,4.654,False,-0.1,6.4
xc_XC925267_482,xc,XC925267,938.1674376417234,938.2835374149662,116,49,3.785,False,-0.18,6.18
xc_XC925267_483,xc,XC925267,938.4867120181408,938.5563718820864,69,-1,4.597,False,0.2,6.18
xc_XC925267_484,xc,XC925267,938.765351473923,938.8582312925172,92,49,4.578,False,0.56,6.31
xc_XC925267_485,xc,XC925267,939.1542857142858,939.2297505668936,75,40,5.647,False,0.86,6.21
xc_XC925267_486,xc,XC925267,939.5258049886622,939.6186848072564,92,-1,5.022,False,0.21,5.97
xc_XC925267_487,xc,XC925267,939.8044444444446,939.8741043083902,69,49,4.293,False,-0.32,6.04
xc_XC925267_488,xc,XC925267,939.9205442176872,939.9902040816328,69,-1,5.315,False,0.32,6.15
xc_XC925267_489,xc,XC925267,940.0830839002268,940.175963718821,92,-1,4.673,False,0.51,6.03
xc_XC925267_490,xc,XC925267,940.2688435374153,940.4487981859412,179,-1,4.332,False,1.13,6.62
xc_XC925267_491,xc,XC925267,940.6113378684807,940.7738775510206,162,-1,4.1,False,1.68,6.7
xc_XC925267_492,xc,XC925267,940.9131972789118,940.9654421768709,52,-1,4.67,False,-0.22,6.22
xc_XC925267_493,xc,XC925267,941.2092517006804,941.2556916099776,46,40,4.949,False,0.24,6.17
xc_XC925267_494,xc,XC925267,941.4182312925172,941.5111111111112,92,-1,4.548,False,0.65,6.17
xc_XC925267_495,xc,XC925267,941.6039909297052,941.6736507936508,69,-1,4.567,False,-0.12,5.75
xc_XC925267_496,xc,XC925267,941.8594104308391,941.9290702947848,69,-1,4.421,False,0.04,5.85
xc_XC925267_497,xc,XC925267,942.0916099773244,942.1380498866214,46,49,4.578,False,-0.23,6.21
xc_XC925267_498,xc,XC925267,942.2773696145126,942.3238095238096,46,-1,4.897,False,-0.04,6.18
xc_XC925267_499,xc,XC925267,942.3702494331068,942.4399092970524,69,40,4.843,False,0.22,5.86
xc_XC925267_500,xc,XC925267,942.6721088435376,942.7359637188208,63,-1,4.791,False,0.25,5.57
xc_XC925267_501,xc,XC925267,942.95074829932,943.0204081632654,69,-1,4.313,False,-0.18,6.3
xc_XC925267_502,xc,XC925267,943.1771428571428,943.2700226757372,92,-1,5.029,False,0.84,6.61
xc_XC925267_503,xc,XC925267,943.2932426303856,943.3629024943313,69,49,3.993,False,-1.05,5.85
xc_XC925267_504,xc,XC925267,943.9608163265308,944.01306122449,52,49,4.248,False,-0.45,6.23
xc_XC925267_505,xc,XC925267,944.100136054422,944.152380952381,52,-1,5.707,False,0.37,6.02
xc_XC925267_506,xc,XC925267,944.2452607709752,944.3091156462584,63,-1,4.414,False,-0.38,6.27
xc_XC925267_507,xc,XC925267,944.4948752834468,944.5645351473923,69,49,5.322,False,0.32,5.98
xc_XC925267_508,xc,XC925267,944.727074829932,944.7735147392292,46,49,4.629,False,-0.97,6.34
xc_XC925267_509,xc,XC925267,944.8431746031748,944.9592743764174,116,49,4.626,False,0.67,7.46
xc_XC925267_510,xc,XC925267,945.0057142857144,945.0289342403628,23,49,4.677,False,-1.99,4.75
xc_XC925267_511,xc,XC925267,945.121814058957,945.1914739229026,69,-1,4.236,False,-0.63,6.13
xc_XC925267_512,xc,XC925267,945.4004535147394,945.4875283446712,87,-1,4.483,False,-0.07,6.23
xc_XC925267_513,xc,XC925267,945.5862131519276,945.6790929705217,92,6,4.488,False,-1.14,3.78
xc_XC925267_514,xc,XC925267,945.7023129251702,945.789387755102,87,-1,5.366,False,-1.36,4.15
xc_XC925267_515,xc,XC925267,945.9345124716556,946.0622222222224,127,-1,4.21,False,0.51,6.25
xc_XC925267_516,xc,XC925267,947.3160997732429,947.3393197278912,23,-1,5.542,False,-1.28,4.68
xc_XC925267_517,xc,XC925267,947.548299319728,947.5947392290252,46,47,6.911,True,0.05,3.85
xc_XC925267_518,xc,XC925267,955.5417687074832,955.6346485260772,92,6,4.863,False,-1.5,4.67
xc_XC925267_519,xc,XC925267,975.8592290249434,975.882448979592,23,-1,5.059,False,-1.31,5.13
xc_XC925267_520,xc,XC925267,995.2014512471656,995.2536961451248,52,-1,4.763,False,-0.7,5.9
xc_XC925267_521,xc,XC925267,995.3465759637188,995.4104308390024,63,-1,4.309,False,-0.35,6.01
xc_XC925267_522,xc,XC925267,995.4858956916102,995.7122902494332,226,8,4.068,False,0.77,6.49
xc_XC925267_523,xc,XC925267,995.7877551020408,995.834195011338,46,49,4.887,False,-0.76,6.13
xc_XC925267_524,xc,XC925267,995.9038548752836,995.9909297052156,87,-1,4.672,False,-0.27,6.14
xc_XC925267_525,xc,XC925267,996.0780045351476,996.1534693877552,75,49,4.419,False,-0.82,5.45
xc_XC925267_526,xc,XC925267,996.2405442176872,996.3102040816328,69,49,5.227,False,-0.05,6.38
xc_XC925267_527,xc,XC925267,996.4263038548754,996.5191836734696,92,49,4.25,False,-0.09,6.09
xc_XC925267_528,xc,XC925267,996.6120634920636,996.6875283446714,75,-1,5.043,False,0.05,6.08
xc_XC925267_529,xc,XC925267,996.7339682539684,996.8442630385488,110,-1,3.906,False,-0.12,6.3
xc_XC925267_530,xc,XC925267,996.9603628117916,997.0996825396828,139,-1,3.836,False,0.11,6.3
xc_XC925267_531,xc,XC925267,997.331882086168,997.4015419501136,69,-1,4.062,False,-0.25,6.15
xc_XC925267_532,xc,XC925267,997.5408616780048,997.6105215419504,69,-1,4.011,False,-1.28,4.94
xc_XC925267_533,xc,XC925267,997.6337414965988,997.7962811791384,162,49,3.822,False,0.74,6.35
xc_XC925267_534,xc,XC925267,997.8891609977326,997.9762358276644,87,-1,4.377,False,-0.39,6.16
xc_XC925267_535,xc,XC925267,998.0052607709752,998.1445804988664,139,49,4.256,False,0.21,5.93
xc_XC925267_536,xc,XC925267,998.2548752834468,998.347755102041,92,49,3.96,False,-0.02,6.24
xc_XC925267_537,xc,XC925267,998.4232199546486,998.5102947845804,87,-1,4.456,False,-0.02,5.97
xc_XC925267_538,xc,XC925267,998.6031746031748,998.6670294784582,63,49,4.516,False,-0.86,5.78
xc_XC925267_539,xc,XC925267,998.7366893424038,998.8585941043084,121,49,4.213,False,0.56,6.37
xc_XC925267_540,xc,XC925267,998.9921088435376,999.2068934240364,214,49,4.128,False,1.02,6.74
xc_XC925267_541,xc,XC925267,999.3404081632656,999.4332879818596,92,-1,5.034,False,0.6,6.29
xc_XC925267_542,xc,XC925267,999.5261678004535,999.5958276643992,69,49,4.699,False,-0.4,6.13
xc_XC925267_543,xc,XC925267,999.6654875283448,999.7815873015876,116,49,4.528,False,0.34,6.36
xc_XC925267_544,xc,XC925267,999.9441269841273,1000.0370068027212,92,-1,5.555,False,0.22,4.06
xc_XC925267_545,xc,XC925267,1000.245986394558,1000.3098412698414,63,47,7.275,True,-0.16,2.83
xc_XC925267_546,xc,XC925267,1002.5563718820864,1002.5795918367348,23,49,4.406,False,-1.52,5.23
xc_XC925267_547,xc,XC925267,1002.7363265306124,1002.805986394558,69,-1,4.744,False,0.3,6.3
xc_XC925267_548,xc,XC925267,1003.1775056689344,1003.2297505668936,52,49,4.532,False,-0.68,6.11
xc_XC925267_549,xc,XC925267,1003.24716553288,1003.2761904761908,29,49,4.24,False,-1.16,5.49
xc_XC925267_550,xc,XC925267,1007.6357369614514,1007.664761904762,29,49,4.281,False,-1.86,4.82
xc_XC925267_551,xc,XC925267,1008.3381405895692,1008.361360544218,23,49,4.837,False,-1.37,5.05
xc_XC925267_552,xc,XC925267,1008.7967346938776,1008.8663945578234,69,-1,4.916,False,-0.04,5.59
xc_XC925267_553,xc,XC925267,1009.0985941043084,1009.168253968254,69,49,4.903,False,-0.05,6.3
xc_XC925267_554,xc,XC925267,1009.3482086167802,1009.3714285714289,23,49,4.144,False,-1.59,5.09
xc_XC925267_555,xc,XC925267,1012.1462131519276,1012.1926530612246,46,-1,4.897,False,-0.59,5.41
xc_XC925267_556,xc,XC925267,1012.4016326530614,1012.4480725623584,46,-1,5.092,False,-1.21,4.97
xc_XC925267_557,xc,XC925267,1017.022403628118,1017.0688435374152,46,-1,4.86,False,-0.11,6.31
xc_XC925267_558,xc,XC925267,1017.1385034013608,1017.1849433106578,46,-1,5.384,False,-0.46,5.87
xc_XC925267_559,xc,XC925267,1017.370702947846,1017.5796825396828,208,49,3.711,False,1.48,7.14
xc_XC925267_560,xc,XC925267,1017.7886621315196,1017.8815419501136,92,49,4.617,False,-0.18,5.7
xc_XC925267_561,xc,XC925267,1018.0440816326532,1018.1137414965988,69,-1,4.745,False,0.32,5.65
xc_XC925267_562,xc,XC925267,1018.345941043084,1018.4272108843538,81,-1,4.67,False,0.04,6.03
xc_XC925267_563,xc,XC925267,1032.899047619048,1032.9454875283448,46,49,5.198,False,-1.84,4.69
xc_XC925267_564,xc,XC925267,1033.1544671201816,1033.17768707483,23,49,4.575,False,-1.61,4.73
xc_XC925267_565,xc,XC925267,1034.8204988662133,1034.8669387755103,46,-1,5.239,False,-1.46,4.8
xc_XC925267_566,xc,XC925267,1035.377777777778,1035.6506122448982,272,7,4.453,False,-4.77,6.12
xc_XC925267_567,xc,XC925267,1042.1696145124718,1042.35537414966,185,6,4.583,False,-5.47,7.95
xc_XC925267_568,xc,XC925267,1046.9993650793651,1047.2315646258503,232,7,4.384,False,-4.91,6.13
xc_XC925267_569,xc,XC925267,1047.9049433106577,1048.0848979591838,179,6,4.596,False,-5.63,8.3
xc_XC925267_570,xc,XC925267,1052.86820861678,1052.8972335600909,29,49,5.335,False,-1.63,4.33
xc_XC925267_571,xc,XC925267,1056.084172335601,1056.246712018141,162,7,4.545,False,-2.76,6.07
xc_XC925267_572,xc,XC925267,1059.038911564626,1059.2014512471658,162,6,4.566,False,-5.83,8.67
xc_XC925267_573,xc,XC925267,1059.387210884354,1059.4568707482997,69,-1,5.875,False,3.33,12.71
xc_XC925267_574,xc,XC925267,1070.9681632653062,1071.2003628117914,232,6,4.175,False,-5.2,7.99
xc_XC925267_575,xc,XC925267,1071.9143764172336,1072.0304761904763,116,6,5.48,False,1.49,6.91
xc_XC925267_576,xc,XC925267,1073.0463492063493,1073.1450340136057,98,49,4.823,False,-0.0,6.23
xc_XC925267_577,xc,XC925267,1074.665941043084,1074.712380952381,46,47,5.995,False,-0.53,4.59
xc_XC925267_578,xc,XC925267,1074.9445804988663,1074.9910204081634,46,47,6.791,True,-0.59,3.78
xc_XC925267_579,xc,XC925267,1076.3784126984128,1076.4422675736964,63,-1,4.951,False,-0.29,6.16
xc_XC925267_580,xc,XC925267,1077.3478458049888,1077.3942857142858,46,47,6.399,True,-0.53,3.51
xc_XC925267_581,xc,XC925267,1081.3474829931974,1081.3939229024943,46,-1,4.864,False,-0.04,6.21
xc_XC925267_582,xc,XC925267,1082.8045351473925,1082.9438548752837,139,7,4.854,False,-4.75,6.05
xc_XC925267_583,xc,XC925267,1084.325442176871,1084.3486621315196,23,49,5.409,False,-1.37,4.99
xc_XC925267_584,xc,XC925267,1090.5019501133788,1090.5658049886622,63,-1,5.286,False,0.09,5.72
xc_XC925267_585,xc,XC925267,1091.697777777778,1091.8603174603177,162,6,5.123,False,-5.97,7.67
xc_XC925267_586,xc,XC925267,1093.5031292517008,1093.5669841269844,63,47,5.158,False,-0.67,3.64
xc_XC925267_587,xc,XC925267,1093.775963718821,1093.822403628118,46,49,4.8,False,-0.67,6.04
xc_XC925267_588,xc,XC925267,1094.4261224489796,1094.5422222222226,116,-1,4.65,False,0.65,6.22
xc_XC925267_589,xc,XC925267,1094.867301587302,1095.0008163265309,133,49,4.324,False,0.47,6.53
xc_XC925267_590,xc,XC925267,1095.186575963719,1095.233015873016,46,49,4.365,False,-1.67,4.9
xc_XC925267_591,xc,XC925267,1095.279455782313,1095.3258956916102,46,49,4.281,False,-1.36,5.02
xc_XC925267_592,xc,XC925267,1095.4187755102043,1095.4884353741495,69,49,4.491,False,-0.81,5.14
xc_XC925267_593,xc,XC925267,1095.6800000000003,1095.813514739229,133,6,4.453,False,-1.19,3.95
xc_XC925267_594,xc,XC925267,1096.4404535147394,1096.4810884353742,40,49,5.552,False,-1.07,4.8
xc_XC925267_595,xc,XC925267,1096.55074829932,1096.5739682539686,23,49,4.323,False,-1.46,5.5
xc_XC925267_596,xc,XC925267,1096.7132879818596,1096.759727891157,46,-1,6.43,True,-0.77,4.28
xc_XC925267_597,xc,XC925267,1098.3038548752836,1098.350294784581,46,41,4.612,False,-2.43,8.31
xc_XC925267_598,xc,XC925267,1098.588299319728,1098.6521541950117,63,49,4.689,False,0.03,6.22
xc_XC925267_599,xc,XC925267,1098.9075736961454,1098.9830385487528,75,49,4.899,False,0.16,6.19
xc_XC925267_600,xc,XC925267,1099.2326530612247,1099.30231292517,69,7,5.697,False,-0.21,8.65
xc_XC925267_601,xc,XC925267,1099.441632653061,1099.6506122448982,208,7,4.58,False,-2.03,7.73
xc_XC925267_602,xc,XC925267,1105.2408163265309,1105.426575963719,185,7,4.976,False,-4.76,6.3
xc_XC925267_603,xc,XC925267,1108.474195011338,1108.4974149659863,23,49,5.115,False,-1.78,4.91
xc_XC925267_604,xc,XC925267,1108.520634920635,1108.5902947845807,69,47,5.133,False,-0.77,3.51
xc_XC925267_605,xc,XC925267,1108.613514739229,1108.659954648526,46,49,5.044,False,-1.06,4.54
xc_XC925267_606,xc,XC925267,1116.0322902494331,1116.0787301587304,46,47,5.988,False,-0.06,3.53
xc_XC925267_607,xc,XC925267,1116.8914285714286,1116.9146485260771,23,49,5.288,False,-1.62,4.71
xc_XC925267_608,xc,XC925267,1117.8376417233562,1117.8840816326533,46,49,5.332,False,-1.62,4.85
xc_XC925267_609,xc,XC925267,1117.953741496599,1118.0234013605443,69,49,4.236,False,-1.15,4.87
xc_XC925267_610,xc,XC925267,1118.8593197278913,1118.899954648526,40,6,4.792,False,-1.74,4.46
xc_XC925267_611,xc,XC925267,1119.8287528344672,1119.8519727891155,23,-1,4.48,False,-1.58,4.53
xc_XC925267_612,xc,XC925267,1120.4963265306124,1120.5427664399094,46,6,6.875,True,-5.26,8.41
xc_XC925267_613,xc,XC925267,1122.6673922902496,1122.8067120181408,139,41,5.183,False,-2.79,8.34
xc_XC925267_614,xc,XC925267,1129.5346938775513,1129.5811337868483,46,43,6.599,True,0.59,5.38
xc_XC925267_615,xc,XC925267,1130.1384126984128,1130.18485260771,46,-1,5.598,False,-1.67,4.6
xc_XC925267_616,xc,XC925267,1141.9921995464854,1142.0386394557825,46,-1,6.738,True,-0.81,5.98
xc_XC925267_617,xc,XC925267,1142.061859410431,1142.1547392290252,92,49,4.933,False,-1.76,4.54
xc_XC925267_618,xc,XC925267,1143.7511111111112,1143.7917460317462,40,49,5.471,False,-1.64,4.79
xc_XC925267_619,xc,XC925267,1145.939591836735,1145.986031746032,46,49,5.807,False,-1.69,4.71
xc_XC925267_620,xc,XC925267,1146.0092517006806,1146.032471655329,23,-1,4.286,False,-1.54,4.47
xc_XC925267_621,xc,XC925267,1147.3327891156464,1147.356009070295,23,49,5.432,False,-1.62,4.58
xc_XC925267_622,xc,XC925267,1148.6969614512473,1148.7608163265309,63,-1,5.787,False,0.07,6.41
xc_XC925267_623,xc,XC925267,1148.7840362811794,1148.853696145125,69,-1,7.093,True,5.98,13.61
xc_XC925267_624,xc,XC925267,1157.381224489796,1157.549569160998,168,-1,3.759,False,0.38,6.42
xc_XC925267_625,xc,XC925267,1157.6656689342406,1157.8456235827666,179,49,3.862,False,0.68,6.7
xc_XC925267_626,xc,XC925267,1157.944308390023,1158.1010430839003,156,49,3.907,False,0.99,6.9
xc_XC925267_627,xc,XC925267,1169.8851700680275,1169.908390022676,23,49,4.612,False,-1.62,5.03
xc_XC925267_628,xc,XC925267,1174.9703401360546,1174.993560090703,23,49,5.21,False,-1.96,5.31
xc_XC925267_629,xc,XC925267,1181.8144217687077,1182.0698412698414,255,7,4.326,False,-1.95,7.31
xc_XC925267_630,xc,XC925267,1182.6967800453515,1182.760634920635,63,49,4.797,False,-1.45,4.58
xc_XC925267_631,xc,XC925267,1183.15537414966,1183.1960090702948,40,49,3.719,False,-1.76,4.73
xc_XC925267_632,xc,XC925267,1183.5675283446717,1183.7068480725627,139,-1,4.66,False,0.17,6.21
xc_XC925267_633,xc,XC925267,1185.6515192743766,1185.6747392290251,23,49,5.562,False,-1.4,4.72
xc_XC925267_634,xc,XC925267,1185.8779138321995,1185.9069387755103,29,49,4.34,False,-1.27,5.14
xc_XC925267_635,xc,XC925267,1188.4669387755102,1188.5598185941044,92,47,6.458,True,0.36,3.49
xc_XC925267_636,xc,XC925267,1192.5362358276643,1192.559455782313,23,49,4.425,False,-1.71,4.59
xc_XC925267_637,xc,XC925267,1205.0227664399097,1205.0866213151928,63,49,4.724,False,-1.07,6.32
xc_XC925267_638,xc,XC925267,1205.138866213152,1205.3188208616782,179,-1,4.034,False,-1.71,7.25
xc_XC925267_639,xc,XC925267,1205.8296598639458,1206.108299319728,278,7,3.692,False,1.21,0.19
xc_XC925267_640,xc,XC925267,1212.5286167800457,1212.5808616780048,52,-1,5.447,False,0.75,5.68
xc_XC925267_641,xc,XC925267,1215.7445804988663,1215.80843537415,63,-1,4.739,False,0.3,6.32
xc_XC925267_642,xc,XC925267,1216.2089795918369,1216.2321995464854,23,-1,5.297,False,-1.12,5.11
xc_XC925267_643,xc,XC925267,1216.8068934240364,1216.8533333333337,46,-1,5.238,False,-0.04,5.92
xc_XC925267_644,xc,XC925267,1217.1784126984128,1217.22485260771,46,-1,6.148,True,1.43,5.58
xc_XC925267_645,xc,XC925267,1218.6122448979593,1218.6760997732429,63,-1,5.537,False,-0.27,6.22
xc_XC925267_646,xc,XC925267,1218.8850793650795,1218.9373242630388,52,-1,5.761,False,0.3,5.52
xc_XC925267_647,xc,XC925267,1246.087256235828,1246.2265759637191,139,-1,4.016,False,0.07,6.11
xc_XC925267_648,xc,XC925267,1246.4123356009072,1246.621315192744,208,49,3.675,False,-0.05,6.17
xc_XC925267_649,xc,XC925267,1246.7374149659863,1246.8070748299322,69,49,4.177,False,-0.3,6.14
xc_XC925267_650,xc,XC925267,1247.2482539682542,1247.4572335600908,208,-1,3.859,False,0.57,7.16
xc_XC925267_651,xc,XC925267,1247.6139682539686,1247.7590929705216,145,-1,3.858,False,0.03,6.14
xc_XC925267_652,xc,XC925267,1247.985487528345,1248.0783673469389,92,49,3.632,False,-0.56,6.1
xc_XC925267_653,xc,XC925267,1253.2041723356012,1253.2564172335603,52,-1,4.276,False,-1.58,4.71
xc_XC925267_654,xc,XC925267,1253.4189569161,1253.459591836735,40,49,4.187,False,-1.24,5.25
xc_XC925267_655,xc,XC925267,1253.6743764172338,1253.7382312925172,63,8,5.544,False,0.96,-0.95
xc_XC925267_656,xc,XC925267,1253.9936507936509,1254.086530612245,92,8,4.927,False,1.06,-1.06
xc_XC925267_657,xc,XC925267,1254.156190476191,1254.341950113379,185,8,4.597,False,1.3,-1.69
xc_XC925267_658,xc,XC925267,1254.48126984127,1254.5509297052156,69,-1,5.822,False,-0.13,4.0
xc_XC925267_659,xc,XC925267,1255.2881632653064,1255.4274829931974,139,-1,6.552,True,2.35,5.84
xc_XC925267_660,xc,XC925267,1256.907755102041,1256.954195011338,46,49,5.513,False,-1.81,3.92
xc_XC925267_661,xc,XC925267,1257.0238548752836,1257.0470748299322,23,-1,4.975,False,-2.08,4.39
xc_XC925267_662,xc,XC925267,1257.139954648526,1257.209614512472,69,8,4.775,False,0.96,-0.56
xc_XC925267_663,xc,XC925267,1257.256054421769,1257.343129251701,87,8,5.295,False,0.99,-0.76
xc_XC925267_664,xc,XC925267,1257.4127891156463,1257.4650340136056,52,-1,5.512,False,-0.21,4.59
xc_XC925267_665,xc,XC925267,1257.5521088435376,1257.6275736961454,75,8,6.126,True,1.04,-1.15
xc_XC925267_666,xc,XC925267,1257.743673469388,1257.83074829932,87,8,5.454,False,0.99,-1.0
xc_XC925267_667,xc,XC925267,1257.9062131519277,1258.016507936508,110,8,4.762,False,1.09,-1.05
xc_XC925267_668,xc,XC925267,1258.9162811791384,1258.939501133787,23,49,4.625,False,-2.27,4.22
xc_XC925267_669,xc,XC925267,1259.0091609977326,1259.0556009070297,46,8,5.619,False,1.03,-0.9
xc_XC925267_670,xc,XC925267,1259.125260770975,1259.2181405895692,92,8,4.857,False,1.16,-0.97
xc_XC925267_671,xc,XC925267,1259.287800453515,1259.3806802721092,92,8,5.259,False,1.17,-1.23
xc_XC925267_672,xc,XC925267,1263.885351473923,1263.93179138322,46,8,5.737,False,0.95,-0.47
xc_XC925267_673,xc,XC925267,1264.1639909297053,1264.2104308390024,46,8,5.354,False,1.03,-0.93
xc_XC925267_674,xc,XC925267,1264.280090702948,1264.326530612245,46,-1,5.442,False,-0.5,4.69
xc_XC925267_675,xc,XC925267,1264.4194104308392,1264.5122902494334,92,8,5.081,False,1.21,-1.33
xc_XC925267_676,xc,XC925267,1264.6051700680275,1264.674829931973,69,-1,6.056,False,0.9,-0.63
xc_XC925267_677,xc,XC925267,1264.767709750567,1264.8838095238098,116,8,4.686,False,1.14,-1.44
xc_XC925267_678,xc,XC925267,1265.1334240362814,1265.208888888889,75,8,5.64,False,1.04,-0.86
xc_XC925267_679,xc,XC925267,1265.342403628118,1265.4817233560093,139,8,3.938,False,1.28,-1.24
xc_XC925267_680,xc,XC925267,1267.379954648526,1267.4205895691612,40,49,4.244,False,-0.85,5.78
xc_XC925267_681,xc,XC925267,1267.4902494331068,1267.536689342404,46,49,5.447,False,0.48,7.07
xc_XC925267_682,xc,XC925267,1267.588934240363,1267.6527891156463,63,-1,6.654,True,0.17,4.85
xc_XC925267_683,xc,XC925267,1267.722448979592,1267.7514739229027,29,49,5.117,False,-2.2,4.25
xc_XC925267_684,xc,XC925267,1267.8907936507935,1267.954648526077,63,8,6.015,False,1.0,-0.97
xc_XC925267_685,xc,XC925267,1269.6439002267575,1269.6903401360546,46,49,6.28,True,0.51,6.47
xc_XC925267_686,xc,XC925267,1269.7367800453517,1269.7774149659865,40,8,4.933,False,1.07,-0.62
xc_XC925267_687,xc,XC925267,1269.8528798185944,1269.8993197278917,46,8,5.737,False,0.99,-0.86
xc_XC925267_688,xc,XC925267,1270.015419501134,1270.0850793650795,69,47,7.751,True,-0.3,2.33
xc_XC925267_689,xc,XC925267,1270.2708390022676,1270.3172789115647,46,-1,5.544,False,0.12,5.01
xc_XC925267_690,xc,XC925267,1270.4333786848074,1270.5204535147393,87,8,5.711,False,1.13,-1.18
xc_XC925267_691,xc,XC925267,1270.636553287982,1270.746848072563,110,8,5.636,False,1.04,-1.58
xc_XC925267_692,xc,XC925267,1270.7990929705215,1270.9151927437642,116,8,4.678,False,1.16,-1.22
xc_XC925267_693,xc,XC925267,1271.0545124716557,1271.1415873015874,87,8,5.317,False,1.01,-0.86
xc_XC925267_694,xc,XC925267,1271.2402721088438,1271.3273469387757,87,8,4.928,False,1.02,-0.74
xc_XC925267_695,xc,XC925267,1271.5131065759638,1271.5827664399096,69,-1,4.452,False,-0.14,6.14
xc_XC925267_696,xc,XC925267,1271.6524263038552,1271.7220861678006,69,8,5.646,False,1.04,-1.06
xc_XC925267_697,xc,XC925267,1271.8149659863948,1271.907845804989,92,8,4.41,False,1.11,-1.24
xc_XC925267_698,xc,XC925267,1272.2097052154195,1272.3490249433107,139,8,4.508,False,1.31,-1.84
xc_XC925267_699,xc,XC925267,1276.7375963718823,1276.7840362811794,46,-1,5.597,False,1.04,5.98
xc_XC925267_700,xc,XC925267,1276.900136054422,1276.993015873016,92,8,5.127,False,1.09,-0.85
xc_XC925267_701,xc,XC925267,1277.0626757369616,1277.1323356009073,69,8,5.024,False,1.01,-0.8
xc_XC925267_702,xc,XC925267,1277.527074829932,1277.573514739229,46,8,5.882,False,0.98,-0.65
xc_XC925267_703,xc,XC925267,1277.689614512472,1277.782494331066,92,8,4.725,False,1.13,-0.99
xc_XC925267_704,xc,XC925267,1282.983764172336,1283.0243990929707,40,-1,5.81,False,-1.39,4.4
xc_XC925267_705,xc,XC925267,1283.2333786848071,1283.297233560091,63,-1,8.206,True,0.39,4.92
xc_XC925267_706,xc,XC925267,1303.3650793650795,1303.4057142857146,40,49,4.339,False,-1.41,4.97
xc_XC925267_707,xc,XC925267,1328.8547845804992,1328.8780045351475,23,49,5.342,False,-1.06,5.56
xc_XC925267_708,xc,XC925267,1328.9708843537417,1328.9941043083902,23,49,4.441,False,-1.13,5.63
xc_XC925267_709,xc,XC925267,1329.0869841269844,1329.110204081633,23,49,4.545,False,-1.66,4.62
xc_XC925267_710,xc,XC925267,1336.528979591837,1336.5521995464856,23,49,5.052,False,-1.66,4.75
xc_XC925267_711,xc,XC925267,1336.7379591836736,1336.7611791383222,23,49,5.527,False,-0.14,6.17
xc_XC925267_712,xc,XC925267,1336.8308390022678,1336.8772789115646,46,-1,6.391,True,0.4,4.94
xc_XC925267_713,xc,XC925267,1337.0862585034015,1337.1268934240366,40,-1,5.375,False,-1.46,4.73
xc_XC925267_714,xc,XC925267,1337.3590929705215,1337.428752834467,69,49,5.643,False,-0.97,5.14
xc_XC925267_715,xc,XC925267,1337.6841723356013,1337.7131972789118,29,49,4.772,False,-1.95,4.51
xc_XC925267_716,xc,XC925267,1342.7519274376418,1342.7925623582769,40,49,4.691,False,-1.99,4.49
xc_XC925267_717,xc,XC925267,1343.0712018140591,1343.111836734694,40,49,4.495,False,-1.97,4.67
xc_XC925267_718,xc,XC925267,1345.0332879818595,1345.0797278911566,46,-1,6.387,True,2.35,4.1
xc_XC925267_719,xc,XC925267,1346.4206802721092,1346.4439002267577,23,49,4.127,False,-1.51,5.15
xc_XC925267_720,xc,XC925267,1348.179591836735,1348.2028117913835,23,49,4.852,False,-1.91,4.42
xc_XC925267_721,xc,XC925267,1350.1242630385489,1350.1474829931974,23,49,5.319,False,-1.89,4.64
xc_XC925267_722,xc,XC925267,1350.3332426303857,1350.3738775510203,40,49,4.927,False,-0.26,6.13
xc_XC925267_723,xc,XC925267,1353.1022222222225,1353.1486621315196,46,49,5.317,False,0.09,6.8
xc_XC925267_724,xc,XC925267,1353.3053968253969,1353.3344217687077,29,49,4.769,False,-1.93,4.65
xc_XC925267_725,xc,XC925267,1353.4505215419504,1353.4911564625854,40,49,4.982,False,-0.37,6.06
xc_XC925267_726,xc,XC925267,1353.839455782313,1353.8626757369616,23,49,4.836,False,-1.74,4.55
xc_XC925267_727,xc,XC925267,1354.0948752834468,1354.1413151927438,46,-1,6.576,True,2.07,4.33
xc_XC925267_728,xc,XC925267,1354.3967346938775,1354.4663945578234,69,5,6.058,False,2.41,3.9
xc_XC925267_729,xc,XC925267,1354.7450340136056,1354.7914739229027,46,-1,6.689,True,2.24,4.05
xc_XC925267_730,xc,XC925267,1360.3874829931974,1360.4223129251702,34,49,4.282,False,-1.36,4.98
xc_XC925267_731,xc,XC925267,1360.7531972789118,1360.7996371882089,46,49,5.878,False,0.32,6.85
xc_XC925267_732,xc,XC925267,1360.9331519274378,1360.9621768707484,29,49,5.012,False,-0.88,5.18
xc_XC925267_733,xc,XC925267,1361.078276643991,1361.118911564626,40,49,4.903,False,-0.22,6.11
xc_XC925267_734,xc,XC925267,1361.2814512471657,1361.3046712018142,23,-1,5.465,False,-0.03,6.24
xc_XC925267_735,xc,XC925267,1361.4439909297053,1361.5136507936509,69,32,5.808,False,-0.22,7.75
xc_XC925267_736,xc,XC925267,1361.5833106575965,1361.6761904761909,92,5,5.068,False,2.73,4.08
xc_XC925267_737,xc,XC925267,1362.00126984127,1362.047709750567,46,-1,6.695,True,2.25,4.12
xc_XC925267_738,xc,XC925267,1362.2799092970522,1362.3669841269843,87,-1,5.684,False,0.13,4.31
xc_XC925267_739,xc,XC925267,1362.581768707483,1362.6688435374151,87,-1,5.615,False,0.43,5.01
xc_XC925267_740,xc,XC925267,1362.8139682539686,1362.9184580498868,104,5,5.338,False,2.85,4.13
xc_XC925267_741,xc,XC925267,1363.0403628117915,1363.1274376417236,87,5,6.984,True,2.61,4.0
xc_XC925267_742,xc,XC925267,1363.2667573696149,1363.365442176871,98,5,6.275,True,2.81,3.76
xc_XC925267_743,xc,XC925267,1363.504761904762,1363.6150566893425,110,-1,6.733,True,2.63,3.94
xc_XC925267_744,xc,XC925267,1363.713741496599,1363.8008163265308,87,5,6.728,True,2.95,4.13
xc_XC925267_745,xc,XC925267,1363.8704761904764,1363.9865759637191,116,5,6.04,False,2.91,3.66
xc_XC925267_746,xc,XC925267,1364.033015873016,1364.12589569161,92,8,6.933,True,2.56,3.66
xc_XC925267_747,xc,XC925267,1364.2419954648528,1364.3580952380953,116,5,5.779,False,2.97,4.2
xc_XC925267_748,xc,XC925267,1364.520634920635,1364.6309297052155,110,5,6.332,True,3.04,3.92
xc_XC925267_749,xc,XC925267,1364.863129251701,1364.961814058957,98,5,6.24,True,2.7,3.95
xc_XC925267_750,xc,XC925267,1365.4842630385488,1365.5307029478458,46,49,5.331,False,-1.54,4.47
xc_XC925267_751,xc,XC925267,1365.699047619048,1365.8093424036283,110,5,6.481,True,3.08,4.22
xc_XC925267_752,xc,XC925267,1366.0183219954652,1366.0415419501137,23,49,5.228,False,-2.01,4.35
xc_XC925267_753,xc,XC925267,1371.1267120181408,1371.1789569161,52,-1,6.124,False,0.92,4.72
xc_XC925267_754,xc,XC925267,1371.3821315192745,1371.45179138322,69,-1,5.801,False,2.43,4.06
xc_XC925267_755,xc,XC925267,1374.1569160997735,1374.180136054422,23,49,4.391,False,-1.75,4.73
xc_XC925267_756,xc,XC925267,1374.319455782313,1374.36589569161,46,49,5.65,False,0.18,7.23
xc_XC925267_757,xc,XC925267,1374.5052154195014,1374.5458503401364,40,49,4.52,False,-1.22,5.45
xc_XC925267_758,xc,XC925267,1374.6445351473924,1374.6909750566897,46,49,5.226,False,-0.09,7.42
xc_XC925267_759,xc,XC925267,1374.7838548752836,1374.8302947845807,46,49,6.224,True,0.27,6.96
xc_XC925267_760,xc,XC925267,1374.9638095238097,1375.062494331066,98,5,5.318,False,2.69,4.2
xc_XC925267_761,xc,XC925267,1375.2250340136056,1375.3643537414969,139,5,5.097,False,2.57,4.49
xc_XC925267_762,xc,XC925267,1375.497868480726,1375.538503401361,40,-1,4.883,False,1.81,4.23
xc_XC933271_000,xc,XC933271,0.3018594104308389,0.3715192743764172,69,-1,5.134,False,-0.33,4.5
xc_XC933271_001,xc,XC933271,0.5572789115646258,0.6269387755102039,69,-1,7.072,True,0.45,4.2
xc_XC933271_002,xc,XC933271,0.7430385487528344,0.8126984126984126,69,47,5.378,False,-0.24,4.21
xc_XC933271_003,xc,XC933271,0.8823582766439907,0.952018140589569,69,49,5.965,False,0.03,4.41
xc_XC933271_004,xc,XC933271,1.0448979591836731,1.1145578231292517,69,-1,5.602,False,-0.39,4.33
xc_XC933271_005,xc,XC933271,1.253877551020408,1.30031746031746,46,49,5.492,False,-1.42,4.52
xc_XC933271_006,xc,XC933271,1.5092970521541946,1.555736961451247,46,-1,5.618,False,-1.04,4.61
xc_XC933271_007,xc,XC933271,1.648616780045351,1.7124716553287975,63,-1,5.537,False,-1.63,4.64
xc_XC933271_008,xc,XC933271,1.8750113378684805,1.9214512471655325,46,47,5.525,False,0.03,4.12
xc_XC933271_009,xc,XC933271,2.037551020408163,2.0607709750566894,23,49,3.979,False,-1.8,4.79
xc_XC933271_010,xc,XC933271,2.1768707482993195,2.2465306122448974,69,-1,5.867,False,0.19,5.06
xc_XC933271_011,xc,XC933271,2.316190476190476,2.362630385487528,46,-1,6.245,True,0.05,4.62
xc_XC933271_012,xc,XC933271,2.4322902494331062,2.478730158730158,46,-1,5.907,False,-0.26,4.9
xc_XC933271_013,xc,XC933271,3.1521088435374143,3.2159637188208614,63,-1,5.38,False,-0.05,5.69
xc_XC933271_014,xc,XC933271,3.3320634920634915,3.378503401360544,46,-1,5.449,False,-1.08,4.59
xc_XC933271_015,xc,XC933271,3.564263038548752,3.6339229024943305,69,-1,5.178,False,-0.12,5.54
xc_XC933271_016,xc,XC933271,3.819682539682539,3.842902494331065,23,49,4.214,False,-1.69,4.8
xc_XC933271_017,xc,XC933271,4.162176870748299,4.20861678004535,46,49,4.811,False,-0.82,4.79
xc_XC933271_018,xc,XC933271,4.324716553287981,4.371156462585033,46,47,4.774,False,-0.3,4.32
xc_XC933271_019,xc,XC933271,4.487256235827664,4.539501133786847,52,-1,5.947,False,0.07,4.02
xc_XC933271_020,xc,XC933271,4.649795918367347,4.696235827664398,46,49,4.633,False,-1.78,4.54
xc_XC933271_021,xc,XC933271,4.835555555555555,4.881995464852607,46,-1,5.939,False,-0.09,5.9
xc_XC933271_022,xc,XC933271,4.992290249433106,5.038730158730158,46,49,5.511,False,-1.35,4.84
xc_XC933271_023,xc,XC933271,5.178049886621315,5.230294784580498,52,-1,5.968,False,-0.24,4.59
xc_XC933271_024,xc,XC933271,5.340589569160997,5.410249433106576,69,-1,5.525,False,-1.09,4.68
xc_XC933271_025,xc,XC933271,5.503129251700679,5.555374149659863,52,-1,5.326,False,-0.35,4.62
xc_XC933271_026,xc,XC933271,5.648253968253967,5.712108843537414,63,49,5.468,False,0.05,4.36
xc_XC933271_027,xc,XC933271,5.828208616780044,5.897868480725622,69,-1,5.283,False,-0.04,4.48
xc_XC933271_028,xc,XC933271,5.967528344671201,6.060408163265305,92,-1,4.942,False,2.1,4.5
xc_XC933271_029,xc,XC933271,6.176507936507935,6.246167800453513,69,-1,5.349,False,0.06,4.29
xc_XC933271_030,xc,XC933271,6.339047619047618,6.408707482993196,69,-1,5.395,False,0.31,4.6
xc_XC933271_031,xc,XC933271,6.501587301587301,6.57124716553288,69,-1,5.633,False,-0.27,4.29
xc_XC933271_032,xc,XC933271,6.664126984126983,6.72798185941043,63,-1,6.031,False,-0.3,3.87
xc_XC933271_033,xc,XC933271,6.849886621315191,6.965986394557822,116,8,4.841,False,1.01,-0.37
xc_XC933271_034,xc,XC933271,7.076281179138321,7.145941043083899,69,8,5.097,False,0.88,-0.91
xc_XC933271_035,xc,XC933271,7.291065759637187,7.354920634920633,63,-1,6.079,False,-0.23,5.91
xc_XC933271_036,xc,XC933271,7.790294784580498,7.883174603174601,92,29,6.598,True,6.81,13.55
xc_XC933271_037,xc,XC933271,8.068934240362811,8.301133786848071,232,8,3.766,False,1.37,-0.43
xc_XC933271_038,xc,XC933271,8.533333333333331,8.672653061224487,139,29,6.073,False,6.76,13.72
xc_XC933271_039,xc,XC933271,8.997732426303854,9.067392290249431,69,-1,8.154,True,6.31,13.17
xc_XC933271_040,xc,XC933271,10.611519274376414,10.640544217687072,29,-1,3.782,False,-1.95,4.78
xc_XC933271_041,xc,XC933271,11.00625850340136,11.215238095238094,208,-1,5.862,False,3.03,10.47
xc_XC933271_042,xc,XC933271,11.447437641723354,11.70285714285714,255,-1,6.01,False,5.19,13.62
xc_XC933271_043,xc,XC933271,11.749297052154194,12.022131519274376,272,9,5.591,False,2.89,7.89
xc_XC933271_044,xc,XC933271,12.741950113378683,12.782585034013604,40,49,4.277,False,-1.14,5.13
xc_XC933271_045,xc,XC933271,12.875464852607708,12.974149659863944,98,6,6.29,True,-5.15,9.12
xc_XC933271_046,xc,XC933271,13.136689342403626,13.2237641723356,87,8,5.33,False,0.16,4.48
xc_XC933271_047,xc,XC933271,13.363083900226757,13.618503401360542,255,49,3.978,False,1.44,7.71
xc_XC933271_048,xc,XC933271,13.68816326530612,13.757823129251696,69,49,4.54,False,-1.23,5.11
xc_XC933271_049,xc,XC933271,13.897142857142857,14.082902494331064,185,-1,5.766,False,4.01,9.47
xc_XC933271_050,xc,XC933271,14.175782312925168,14.291882086167798,116,-1,5.505,False,1.9,6.26
xc_XC933271_051,xc,XC933271,20.021405895691604,20.201360544217685,179,24,6.148,True,4.6,13.46
xc_XC933271_052,xc,XC933271,20.509024943310656,20.64253968253968,133,24,5.972,False,6.02,13.87
xc_XC933271_053,xc,XC933271,24.39256235827664,24.50285714285714,110,40,7.261,True,0.93,8.69
xc_XC933271_054,xc,XC933271,24.54929705215419,24.66539682539682,116,-1,6.247,True,1.09,7.09
xc_XC933271_055,xc,XC933271,24.89759637188208,25.01369614512471,116,28,6.405,True,7.75,7.87
xc_XC933271_056,xc,XC933271,26.633287981859404,26.865487528344666,232,-1,5.181,False,3.84,9.6
xc_XC933271_057,xc,XC933271,30.348480725623578,30.51102040816326,162,8,4.292,False,1.2,-1.5
xc_XC933271_058,xc,XC933271,30.7025850340136,30.88253968253968,179,29,5.522,False,6.98,12.97
xc_XC933271_059,xc,XC933271,31.300498866213147,31.370158730158725,69,-1,7.743,True,6.06,12.89
xc_XC933271_060,xc,XC933271,34.3307029478458,34.72544217687074,394,44,5.566,False,2.86,7.05
xc_XC933271_061,xc,XC933271,35.15501133786848,35.27691609977324,121,-1,6.156,True,3.4,9.46
xc_XC933271_062,xc,XC933271,36.19990929705215,36.33922902494331,139,8,4.894,False,1.63,-0.17
xc_XC933271_063,xc,XC933271,38.23165532879818,38.30131519274376,69,37,6.277,True,7.55,4.46
xc_XC933271_064,xc,XC933271,38.34775510204081,38.44063492063491,92,-1,4.715,False,1.73,6.25
xc_XC933271_065,xc,XC933271,38.83537414965986,38.90503401360544,69,-1,5.182,False,0.11,6.18
xc_XC933271_066,xc,XC933271,38.92825396825396,39.16045351473922,232,-1,4.811,False,2.67,11.12
xc_XC933271_067,xc,XC933271,42.19065759637188,42.3241723356009,133,15,6.208,True,7.01,12.07
xc_XC933271_068,xc,XC933271,43.113650793650784,43.13687074829931,23,49,4.927,False,-2.19,4.35
xc_XC933271_069,xc,XC933271,44.33850340136054,44.379138321995455,40,-1,6.075,False,-2.26,3.88
xc_XC933271_070,xc,XC933271,49.83582766439908,49.922902494331055,87,33,7.877,True,7.36,9.96
xc_XC933271_071,xc,XC933271,50.393106575963714,50.48018140589568,87,-1,5.643,False,-0.37,6.32
xc_XC933271_072,xc,XC933271,50.66594104308389,50.92136054421768,255,9,6.272,True,3.49,7.37
xc_XC933271_073,xc,XC933271,51.06068027210883,51.2,139,-1,6.34,True,1.82,7.77
xc_XC933271_074,xc,XC933271,51.78049886621314,51.9198185941043,139,5,5.573,False,2.5,4.18
xc_XC933271_075,xc,XC933271,51.98367346938775,52.12879818594104,145,8,5.195,False,1.4,-2.16
xc_XC933271_076,xc,XC933271,52.175238095238086,52.21587301587301,40,-1,5.07,False,-2.39,3.77
xc_XC951566_000,xc,XC951566,3.6571428571428566,3.773242630385487,116,49,5.694,False,-0.32,5.99
xc_XC951566_001,xc,XC951566,12.69551020408163,12.80580498866213,110,35,6.655,True,6.23,10.52
xc_XC951566_002,xc,XC951566,12.875464852607708,13.020589569160997,145,18,5.392,False,1.17,15.36
xc_XC951566_003,xc,XC951566,13.084444444444442,13.270204081632652,185,-1,4.814,False,3.97,8.11
xc_XC951566_004,xc,XC951566,13.363083900226757,13.548843537414964,185,18,4.984,False,1.36,15.38
xc_XC951566_005,xc,XC951566,13.68816326530612,13.827482993197275,139,6,6.425,True,-6.03,8.67
xc_XC951566_006,xc,XC951566,31.04507936507936,31.137959183673463,92,49,3.774,False,-4.57,5.73
xc_XC951566_007,xc,XC951566,33.98240362811791,34.05206349206348,69,24,7.823,True,7.34,11.05
xc_XC951566_008,xc,XC951566,34.400362811791375,34.5338775510204,133,-1,5.421,False,3.95,8.15
xc_XC951566_009,xc,XC951566,44.84353741496598,44.95963718820861,116,18,6.054,False,1.18,15.43
xc_XC951566_010,xc,XC951566,45.04671201814058,45.23247165532879,185,30,4.841,False,3.99,8.15
xc_XC951566_011,xc,XC951566,45.33115646258503,45.49369614512471,162,18,4.968,False,1.37,15.64
xc_XC951566_012,xc,XC951566,63.03637188208615,63.12344671201813,87,33,8.434,True,7.63,9.91
xc_XC951566_013,xc,XC951566,63.47174603174602,63.49496598639455,23,49,5.635,False,-2.23,4.48
xc_XC951566_014,xc,XC951566,63.51818594104308,63.61106575963718,92,-1,8.163,True,4.02,8.13
xc_XC951566_015,xc,XC951566,67.93578231292517,68.16798185941042,232,49,3.626,False,-0.12,7.52
xc_XC951566_016,xc,XC951566,72.20825396825396,72.39401360544215,185,8,3.788,False,-0.64,7.18
xc_XC951566_017,xc,XC951566,73.10802721088433,73.27056689342402,162,49,3.707,False,-1.67,6.32
xc_XC951566_018,xc,XC951566,75.58095238095237,75.62739229024942,46,47,4.289,False,0.36,3.32
xc_XC951566_019,xc,XC951566,75.8828117913832,75.90603174603173,23,49,5.353,False,-1.55,4.57
xc_XC951566_020,xc,XC951566,75.9524716553288,76.11501133786847,162,33,6.558,True,7.51,10.3
xc_XC951566_021,xc,XC951566,76.18467120181406,76.3239909297052,139,19,5.028,False,2.08,11.54
xc_XC951566_022,xc,XC951566,76.39365079365078,76.59682539682538,203,30,4.604,False,4.01,8.19
xc_XC951566_023,xc,XC951566,76.67229024943309,76.87546485260769,203,18,4.803,False,1.41,15.09
xc_XC951566_024,xc,XC951566,76.97414965986394,77.17732426303854,203,6,4.112,False,-5.85,8.62
xc_XC951566_025,xc,XC951566,94.30204081632652,94.3542857142857,52,47,6.115,False,-0.13,3.03
xc_XC951566_026,xc,XC951566,94.40072562358276,94.58068027210884,179,33,6.352,True,7.33,10.22
xc_XC951566_027,xc,XC951566,94.6503401360544,94.78965986394556,139,19,4.512,False,2.16,11.59
xc_XC951566_028,xc,XC951566,94.85931972789112,95.04507936507936,185,-1,4.871,False,3.95,8.05
xc_XC951566_029,xc,XC951566,95.13215419501132,95.34113378684806,208,24,4.978,False,1.42,15.02
xc_XC951566_030,xc,XC951566,95.4398185941043,95.57913832199544,139,6,4.352,False,-5.87,8.61
xc_XC951566_031,xc,XC951566,98.53387755102038,98.88217687074828,348,7,3.381,False,-4.85,5.96
xc_XC951566_032,xc,XC951566,105.83655328798184,105.85977324263035,23,49,4.333,False,-1.18,5.49
xc_XC951566_033,xc,XC951566,111.7053968253968,111.87374149659864,168,33,5.885,False,7.14,10.39
xc_XC951566_034,xc,XC951566,111.9434013605442,112.0362811791383,92,19,5.252,False,1.95,11.33
xc_XC951566_035,xc,XC951566,112.15238095238094,112.33233560090702,179,30,5.188,False,4.09,8.16
xc_XC951566_036,xc,XC951566,112.44263038548752,112.62839002267572,185,18,5.067,False,1.39,15.08
xc_XC951566_037,xc,XC951566,112.72707482993196,112.93024943310655,203,6,4.423,False,-5.83,8.6
xc_XC951566_038,xc,XC951566,128.39473922902494,128.48761904761903,92,45,5.555,False,2.63,6.41
xc_XC951566_039,xc,XC951566,128.67337868480723,128.78947845804987,116,6,5.786,False,-5.63,8.71
xc_XC951566_040,xc,XC951566,128.81269841269838,128.9984580498866,185,33,6.225,True,7.56,10.13
xc_XC951566_041,xc,XC951566,129.06811791383217,129.13777777777776,69,19,6.246,True,1.99,11.27
xc_XC951566_042,xc,XC951566,129.2770975056689,129.4628571428571,185,30,4.454,False,4.04,8.14
xc_XC951566_043,xc,XC951566,129.5499319727891,129.75891156462583,208,24,4.664,False,-0.23,13.79
xc_XC951566_044,xc,XC951566,129.85179138321993,130.05496598639454,203,6,4.607,False,-6.56,7.91
xc_XC951566_045,xc,XC951566,142.611156462585,142.65759637188208,46,-1,5.4,False,-1.76,4.28
xc_XC951566_046,xc,XC951566,142.7040362811791,142.8839909297052,179,33,6.159,True,7.25,10.15
xc_XC951566_047,xc,XC951566,142.95365079365078,143.09877551020406,145,18,4.652,False,1.2,15.24
xc_XC951566_048,xc,XC951566,143.16263038548752,143.37160997732423,208,-1,4.76,False,3.98,8.15
xc_XC951566_049,xc,XC951566,143.4412698412698,143.65024943310655,208,24,5.153,False,-0.18,13.76
xc_XC951566_050,xc,XC951566,143.74312925170065,143.8824489795918,139,6,4.378,False,-5.91,8.67
xc_XC951566_051,xc,XC951566,163.61941043083897,163.66585034013605,46,47,4.706,False,0.62,3.37
xc_XC951566_052,xc,XC951566,163.8283900226757,163.96190476190475,133,32,5.073,False,-0.17,9.72
xc_XC951566_053,xc,XC951566,163.9909297052154,164.17088435374149,179,33,6.097,False,7.55,10.1
xc_XC951566_054,xc,XC951566,164.22312925170064,164.38566893424033,162,19,4.688,False,2.13,11.72
xc_XC951566_055,xc,XC951566,164.4321088435374,164.63528344671198,203,-1,4.848,False,4.04,8.1
xc_XC951566_056,xc,XC951566,164.7281632653061,164.9313378684807,203,18,5.07,False,1.42,15.07
xc_XC951566_057,xc,XC951566,165.03002267573692,165.1867573696145,156,6,4.41,False,-5.9,8.65
xc_XC951566_058,xc,XC951566,178.27120181405894,178.38730158730158,116,6,5.196,False,-0.54,9.63
xc_XC951566_059,xc,XC951566,178.4337414965986,178.5962811791383,162,33,6.246,True,7.32,10.36
xc_XC951566_060,xc,XC951566,178.66594104308388,178.80526077097502,139,19,5.084,False,2.09,11.53
xc_XC951566_061,xc,XC951566,178.87492063492058,179.0606802721088,185,-1,5.291,False,4.02,8.03
xc_XC951566_062,xc,XC951566,179.15356009070294,179.3567346938775,203,18,4.96,False,1.28,14.93
xc_XC951566_063,xc,XC951566,181.3710657596372,181.41170068027208,40,49,3.531,False,-1.64,4.98
xc_XC951566_064,xc,XC951566,181.45814058956915,181.4813605442177,23,49,3.697,False,-1.75,4.78
xc_XC951566_065,xc,XC951566,181.50458049886615,181.64390022675727,139,49,4.122,False,-1.44,4.8
xc_XC951566_066,xc,XC951566,192.7372335600907,192.85913832199543,121,6,5.347,False,-0.6,9.91
xc_XC951566_067,xc,XC951566,192.87655328798184,193.03909297052152,162,33,6.264,True,7.6,10.08
xc_XC951566_068,xc,XC951566,193.1319727891156,193.2712925170068,139,19,5.029,False,2.2,11.72
xc_XC951566_069,xc,XC951566,193.34095238095236,193.52671201814056,185,-1,5.261,False,4.03,8.05
xc_XC951566_070,xc,XC951566,193.61959183673468,193.80535147392288,185,18,4.257,False,1.29,15.39
xc_XC951566_071,xc,XC951566,193.9156462585034,194.1014058956916,185,6,4.165,False,-5.89,8.69
xc_XC951721_000,xc,XC951721,5.299954648526076,5.532154195011337,232,8,3.298,False,-0.05,-1.78
xc_XC951721_001,xc,XC951721,9.880090702947845,10.007800453514738,127,8,5.154,False,-0.11,-1.57
xc_XC951721_002,xc,XC951721,10.797278911564623,11.099138321995463,301,8,4.146,False,0.54,-2.38
xc_XC951721_003,xc,XC951721,14.175782312925168,14.425396825396824,249,8,3.618,False,0.04,-2.1
xc_XC951721_004,xc,XC951721,16.764807256235823,16.99700680272109,232,8,3.746,False,-0.1,-2.17
xc_XC951721_005,xc,XC951721,21.31591836734693,21.52489795918367,208,8,3.637,False,-0.05,-1.65
xc_XC951721_006,xc,XC951721,22.146031746031746,22.378231292517004,232,8,5.154,False,-0.15,-1.58
xc_XC951721_007,xc,XC951721,22.40145124716553,22.51755102040816,116,8,4.169,False,2.26,-1.52
xc_XC951721_008,xc,XC951721,27.48662131519274,27.718820861678,232,8,3.17,False,0.03,-2.16
xc_XC951721_009,xc,XC951721,28.874013605442173,29.21650793650793,342,8,4.632,False,2.8,-3.59
xc_XC951721_010,xc,XC951721,29.611247165532877,29.872471655328795,261,8,5.026,False,3.03,0.7
xc_XC951721_011,xc,XC951721,30.28462585034013,30.394920634920627,110,8,5.614,False,0.03,-1.63
xc_XC951721_012,xc,XC951721,30.44136054421768,30.603900226757364,162,33,7.055,True,6.96,10.57
xc_XC951721_013,xc,XC951721,31.16117913832199,31.61977324263038,458,30,6.021,False,4.58,7.91
xc_XC951721_014,xc,XC951721,32.113197278911564,32.34539682539682,232,-1,7.596,True,3.68,7.76
xc_XC951721_015,xc,XC951721,32.96072562358276,33.19292517006802,232,8,3.761,False,-0.14,-2.38
xc_XC951721_016,xc,XC951721,33.8895238095238,34.075283446712014,185,29,7.368,True,7.42,13.2
xc_XC951721_017,xc,XC951721,34.67900226757369,34.85895691609977,179,15,6.77,True,7.28,12.49
xc_XC951721_018,xc,XC951721,35.20725623582766,35.387210884353735,179,15,6.772,True,7.28,12.51
xc_XC951721_019,xc,XC951721,42.626031746031735,42.66666666666666,40,49,3.335,False,-1.66,5.92
xc_XC951721_020,xc,XC951721,42.71891156462584,42.80598639455782,87,-1,4.051,False,-2.89,6.49
xc_XC951721_021,xc,XC951721,43.25297052154195,43.4097052154195,156,6,3.853,False,-5.78,8.55
xc_XC951721_022,xc,XC951721,43.92054421768707,44.19918367346938,278,-1,4.798,False,2.59,10.34
xc_XC951721_023,xc,XC951721,44.75065759637187,45.07573696145124,325,30,3.554,False,4.23,8.3
xc_XC951721_024,xc,XC951721,45.702675736961446,45.9522902494331,249,-1,4.762,False,2.76,5.58
xc_XC951721_025,xc,XC951721,48.12916099773242,48.33233560090702,203,15,5.737,False,6.8,12.63
xc_XC951721_026,xc,XC951721,48.81995464852607,49.0289342403628,208,15,5.803,False,7.01,12.73
xc_XC951721_027,xc,XC951721,49.30757369614512,49.51074829931972,203,15,5.736,False,6.95,12.66
xc_XC951721_028,xc,XC951721,49.65587301587301,49.83582766439908,179,29,5.797,False,6.38,13.14
xc_XC951721_029,xc,XC951721,56.7437641723356,56.9295238095238,185,8,4.123,False,0.01,-1.52
xc_XC951721_030,xc,XC951721,57.62612244897959,57.85832199546484,232,15,5.454,False,7.16,12.37
xc_XC951721_031,xc,XC951721,58.22403628117912,58.40979591836734,185,24,6.253,True,6.06,13.42
xc_XC951721_032,xc,XC951721,58.71165532879817,58.92063492063491,208,29,5.689,False,6.28,13.33
xc_XC956637_000,xc,XC956637,0.0696598639455782,0.0928798185941043,23,49,4.656,False,-1.85,4.91
xc_XC956637_001,xc,XC956637,0.3250793650793651,0.626938775510204,301,-1,5.85,False,5.3,5.11
xc_XC956637_002,xc,XC956637,0.905578231292517,1.0216780045351477,116,8,5.029,False,1.43,-1.29
xc_XC956637_003,xc,XC956637,1.3235374149659862,1.439637188208617,116,8,4.925,False,1.59,-2.13
xc_XC956637_004,xc,XC956637,1.6021768707482993,1.712471655328798,110,6,6.8,True,-5.26,9.23
xc_XC956637_005,xc,XC956637,1.8750113378684807,2.014331065759637,139,8,6.906,True,3.38,6.16
xc_XC956637_006,xc,XC956637,2.1072108843537416,2.2000907029478456,92,49,6.138,True,0.01,5.45
xc_XC956637_007,xc,XC956637,2.269750566893424,2.3858503401360545,116,8,5.8,False,1.34,-2.31
xc_XC956637_008,xc,XC956637,2.455510204081633,2.4961451247165534,40,49,4.005,False,-2.32,4.36
xc_XC956637_009,xc,XC956637,3.9357823129251694,4.075102040816327,139,8,5.812,False,1.74,-2.08
xc_XC956637_010,xc,XC956637,4.1912018140589575,4.417596371882086,226,8,5.557,False,1.87,-2.02
xc_XC956637_011,xc,XC956637,20.044625850340136,20.06784580498866,23,-1,6.565,True,-3.02,4.5
xc_XC956637_012,xc,XC956637,20.18394557823129,20.48,296,6,6.354,True,-6.07,8.8
xc_XC956637_013,xc,XC956637,20.64834467120181,20.787664399092968,139,8,4.336,False,1.57,-2.37
xc_XC956637_014,xc,XC956637,30.284625850340134,30.41814058956916,133,49,5.38,False,-1.84,4.97
xc_XC956637_015,xc,XC956637,36.29278911564626,36.40888888888889,116,8,5.535,False,1.2,-1.86
xc_XC956637_016,xc,XC956637,37.169342403628114,37.2215873015873,52,49,5.232,False,-0.1,4.83
xc_XC956637_017,xc,XC956637,48.88961451247166,48.959274376417234,69,-1,5.19,False,-0.83,4.2
xc_XC956637_018,xc,XC956637,52.40743764172336,52.52353741496599,116,5,7.074,True,2.82,4.11
xc_XC956708_000,xc,XC956708,1.4628571428571429,1.5092970521541949,46,47,7.09,True,0.56,3.49
xc_XC956708_001,xc,XC956708,1.5557369614512473,1.6253968253968254,69,49,3.932,False,-1.03,4.84
xc_XC956708_002,xc,XC956708,1.666031746031746,1.7356916099773243,69,49,4.401,False,-0.82,5.31
xc_XC956708_003,xc,XC956708,1.7821315192743763,1.8517913832199544,69,49,3.865,False,-0.67,4.94
xc_XC956708_004,xc,XC956708,1.8982312925170068,2.014331065759637,116,8,5.894,False,1.05,-0.49
xc_XC956708_005,xc,XC956708,2.0839909297052155,2.153650793650794,69,49,5.34,False,-0.89,5.13
xc_XC956708_006,xc,XC956708,2.223310657596372,2.316190476190476,92,43,6.643,True,0.96,5.56
xc_XC956708_007,xc,XC956708,2.3394104308390022,2.40907029478458,69,-1,7.535,True,7.17,6.09
xc_XC956708_008,xc,XC956708,2.4322902494331067,2.4787301587301585,46,-1,5.852,False,-1.34,4.76
xc_XC956708_009,xc,XC956708,2.4961451247165534,2.658684807256236,162,29,5.5,False,7.09,13.03
xc_XC956708_010,xc,XC956708,3.053424036281179,3.123083900226757,69,40,7.365,True,0.9,8.81
xc_XC956708_011,xc,XC956708,5.178049886621315,5.34639455782313,168,5,5.961,False,2.65,4.35
xc_XC956708_012,xc,XC956708,5.688888888888889,5.851428571428571,162,-1,5.682,False,3.23,4.8
xc_XC956708_013,xc,XC956708,5.944308390022676,6.060408163265306,116,49,5.055,False,-1.45,4.73
xc_XC956708_014,xc,XC956708,6.455147392290249,6.478367346938776,23,49,2.576,False,-2.41,4.65
xc_XC956708_015,xc,XC956708,22.128616780045352,22.33759637188209,208,5,5.997,False,4.26,4.88
xc_XC956708_016,xc,XC956708,33.22195011337868,33.262585034013604,40,49,2.511,False,-2.38,4.93
xc_XC956708_017,xc,XC956708,33.44834467120181,33.56444444444445,116,5,4.86,False,3.03,4.47
xc_XC956708_018,xc,XC956708,33.657324263038554,33.819863945578234,162,5,4.683,False,0.17,5.23
xc_XC956708_019,xc,XC956708,33.88952380952381,34.05206349206349,162,5,5.053,False,2.33,4.54
xc_XC956708_020,xc,XC956708,36.269569160997726,36.29278911564626,23,49,3.186,False,-2.16,4.91
xc_XC956708_021,xc,XC956708,36.38566893424037,36.501768707483,116,47,4.532,False,0.34,3.27
xc_XC956708_022,xc,XC956708,36.548208616780045,36.65850340136055,110,-1,4.909,False,-0.26,2.29
xc_XC956708_023,xc,XC956708,36.7049433106576,36.7978231292517,92,-1,6.08,False,-0.47,3.01
xc_XC956708_024,xc,XC956708,37.05904761904762,37.122902494331065,63,24,7.812,True,6.34,12.97
xc_XC956708_025,xc,XC956708,39.94412698412698,40.077641723356,133,5,5.132,False,2.42,4.44
xc_XC956708_026,xc,XC956708,40.1298866213152,40.24598639455783,116,5,5.196,False,2.5,4.53
xc_XC956708_027,xc,XC956708,40.29242630385488,40.38530612244898,92,-1,5.635,False,-0.46,5.39
xc_XC956708_028,xc,XC956708,53.5568253968254,53.7425850340136,185,5,6.345,True,2.76,4.46
xc_XC956708_029,xc,XC956708,54.85714285714285,55.01387755102041,156,5,6.785,True,3.23,4.48
xc_XC956708_030,xc,XC956708,55.08353741496598,55.21705215419501,133,5,7.275,True,2.99,4.43
xc_XC956708_031,xc,XC956708,55.33315192743764,55.49569160997732,162,5,6.431,True,2.92,4.25
xc_XC956708_032,xc,XC956708,55.54793650793651,55.68725623582766,139,5,5.982,False,2.87,4.4
xc_XC956708_033,xc,XC956708,55.75111111111111,55.89043083900226,139,5,6.472,True,3.06,4.24
xc_XC956708_034,xc,XC956708,55.960090702947845,56.099410430839,139,5,6.54,True,3.13,4.63
xc_XC956708_035,xc,XC956708,56.14585034013605,56.30839002267574,162,5,6.263,True,2.85,4.4
xc_XC956708_036,xc,XC956708,56.37804988662132,56.51736961451247,139,5,6.408,True,3.08,4.26
xc_XC956708_037,xc,XC956708,56.58702947845805,56.7437641723356,156,5,7.071,True,2.91,4.23
xc_XC956708_038,xc,XC956708,56.81342403628118,56.92952380952381,116,5,6.687,True,3.12,4.34
xc_XC956708_039,xc,XC956708,66.52517006802721,66.68190476190476,156,5,6.829,True,3.23,4.83
xc_XC956708_040,xc,XC956708,69.75854875283447,69.78176870748298,23,49,5.369,False,-1.78,4.8
xc_XC956708_041,xc,XC956708,75.44163265306123,75.46485260770974,23,49,4.833,False,-2.45,5.01
xc_XC956708_042,xc,XC956708,76.85224489795918,76.8754648526077,23,49,6.084,False,-2.44,4.45
xc_XC956708_043,xc,XC956708,78.77369614512472,78.82013605442178,46,49,4.846,False,-2.07,4.62
xc_XC956708_044,xc,XC956708,78.95945578231293,79.05233560090703,92,-1,6.384,True,0.58,5.43
xc_XC956708_045,xc,XC956708,79.09877551020408,79.14521541950114,46,49,5.798,False,-2.13,4.76
xc_XC956708_046,xc,XC956708,79.21487528344672,79.44707482993196,232,39,4.574,False,3.48,1.53
xc_XC956708_047,xc,XC956708,80.05079365079365,80.25977324263039,208,31,4.441,False,3.78,7.9
xc_XC956713_000,xc,XC956713,1.991111111111111,2.0375510204081637,46,49,4.147,False,-1.67,5.03
xc_XC956713_001,xc,XC956713,40.15310657596372,40.216961451247165,63,-1,6.412,True,0.48,6.72
xc_XC956713_002,xc,XC956713,40.33886621315193,40.425941043083895,87,49,3.672,False,-1.64,6.92
xc_XC956713_003,xc,XC956713,40.49560090702948,40.61170068027211,116,49,3.598,False,-1.84,6.19
xc_XC956713_004,xc,XC956713,40.658140589569165,40.71038548752834,52,-1,5.447,False,0.07,7.85
xc_XC956713_005,xc,XC956713,41.21541950113379,41.401179138322,185,31,4.083,False,2.14,5.23
xc_XC956713_006,xc,XC956713,59.68689342403628,59.90748299319728,220,-1,4.678,False,3.42,5.16
xc_XC956713_007,xc,XC956713,59.982947845804986,60.12226757369615,139,8,4.107,False,0.44,5.3
xc_XC956713_008,xc,XC956713,60.23836734693877,60.35446712018141,116,49,5.452,False,-0.03,5.41
xc_XC956713_009,xc,XC956713,60.48798185941043,60.62730158730159,139,8,4.714,False,1.67,4.96
xc_XC956713_010,xc,XC956713,64.00580498866213,64.07546485260771,69,49,6.527,True,0.23,6.96
xc_XC956723_000,xc,XC956723,0.2554195011337868,0.2786394557823129,23,49,4.852,False,-1.89,4.51
xc_XC956723_001,xc,XC956723,4.005442176870749,4.208616780045351,203,8,4.702,False,1.22,-1.94
xc_XC956723_002,xc,XC956723,4.580136054421769,4.70204081632653,121,-1,6.15,True,2.52,6.64
xc_XC956723_003,xc,XC956723,17.362721088435375,17.47301587301587,110,-1,6.195,True,0.7,5.52
xc_XC956723_004,xc,XC956723,22.029931972789115,22.09959183673469,69,-1,4.772,False,-0.11,5.53
xc_XC956723_005,xc,XC956723,32.98975056689343,33.01297052154195,23,49,4.024,False,-1.85,4.6
xc_XC956723_006,xc,XC956723,33.03619047619048,33.17551020408163,139,-1,5.006,False,0.37,5.78
xc_XC956723_007,xc,XC956723,36.78040816326531,37.40154195011338,621,8,4.626,False,1.24,-2.44
xc_XC956723_008,xc,XC956723,47.31646258503402,47.41514739229025,98,41,4.634,False,-3.02,9.04
xc_XC956723_009,xc,XC956723,80.82866213151928,80.85188208616779,23,49,5.456,False,-1.57,4.24
xc_XC956723_010,xc,XC956723,80.99120181405895,81.01442176870748,23,-1,5.563,False,-1.47,4.76
xc_XC956723_011,xc,XC956723,81.13052154195012,81.17696145124717,46,-1,8.093,True,5.71,8.06
xc_XC956723_012,xc,XC956723,81.40916099773243,81.478820861678,69,19,5.221,False,1.86,10.84
xc_XC956723_013,xc,XC956723,81.63555555555554,81.6819954648526,46,34,8.496,True,6.61,8.97
xc_XC956723_014,xc,XC956723,82.12897959183672,82.17541950113379,46,-1,8.136,True,0.19,5.53
xc_XC956723_015,xc,XC956723,90.95256235827664,90.97578231292516,23,49,5.586,False,-2.16,4.39
xc_XC956723_016,xc,XC956723,94.23238095238096,94.34848072562356,116,-1,6.303,True,-0.94,3.59
xc_XC956723_017,xc,XC956723,96.29315192743763,96.40925170068029,116,49,6.289,True,-0.88,6.85
xc_XC956723_018,xc,XC956723,96.68208616780046,96.78077097505668,98,33,7.875,True,7.45,10.82
xc_XC956723_019,xc,XC956723,96.93750566893424,97.01297052154196,75,-1,7.105,True,-2.25,4.68
xc_XC956723_020,xc,XC956723,97.03038548752836,97.059410430839,29,49,5.486,False,-2.32,4.54
xc_XC956723_021,xc,XC956723,98.4409977324263,98.48743764172336,46,49,5.246,False,-1.85,4.95
xc_XC956723_022,xc,XC956723,100.98358276643992,101.40154195011336,417,-1,7.237,True,5.85,12.35
xc_XC956723_023,xc,XC956723,103.64226757369616,103.73514739229026,92,-1,6.695,True,4.0,7.0
xc_XC956723_024,xc,XC956723,104.7045804988662,104.8845351473923,179,8,5.714,False,5.7,-3.37
xc_XC956723_025,xc,XC956723,105.63337868480724,106.09197278911564,458,8,5.079,False,1.0,-2.22
xc_XC956723_026,xc,XC956723,111.33968253968254,111.80408163265308,464,8,5.684,False,1.64,-2.12
xc_XC956723_027,xc,XC956723,121.53324263038547,121.997641723356,464,18,6.978,True,1.76,14.85
xc_XC956723_028,xc,XC956723,123.0309297052154,123.07736961451248,46,-1,6.251,True,-1.58,4.47
xc_XC956723_029,xc,XC956723,124.60408163265306,124.8130612244898,208,24,6.332,True,2.65,12.37
xc_XC956723_030,xc,XC956723,127.03056689342404,127.1698866213152,139,-1,6.359,True,1.62,-1.58
xc_XC956723_031,xc,XC956723,135.6393650793651,135.80190476190475,162,-1,6.933,True,2.37,4.05
xc_XC956723_032,xc,XC956723,136.2663038548753,136.2895238095238,23,49,4.594,False,-1.6,5.06
xc_XC956723_033,xc,XC956723,136.35918367346935,136.5217233560091,162,5,6.434,True,2.99,4.32
xc_XC957122_000,xc,XC957122,12.602630385487526,12.666485260770973,63,-1,5.634,False,0.13,4.23
xc_XC957122_001,xc,XC957122,13.618503401360542,13.641723356009068,23,49,4.533,False,-1.6,5.46
xc_XC957122_002,xc,XC957122,13.68816326530612,13.711383219954646,23,49,3.578,False,-2.12,4.84
xc_XC957122_003,xc,XC957122,14.268662131519273,14.315102040816324,46,49,5.856,False,-0.79,5.29
xc_XC957122_004,xc,XC957122,15.859229024943309,16.2075283446712,348,38,4.389,False,4.21,5.56
xc_XC957122_005,xc,XC957122,16.579047619047614,16.712562358276642,133,44,4.281,False,2.2,7.01
xc_XC957122_006,xc,XC957122,17.345306122448974,17.54267573696145,197,8,3.768,False,0.16,-1.52
xc_XC957122_007,xc,XC957122,25.594195011337863,25.77414965986394,179,8,3.457,False,0.25,-1.73
xc_XC957122_008,xc,XC957122,27.12090702947845,27.30086167800453,179,8,3.376,False,0.15,-1.56
xc_XC957122_009,xc,XC957122,28.525714285714283,28.64181405895691,116,-1,5.217,False,-0.31,5.78
xc_XC957122_010,xc,XC957122,28.82757369614512,28.966893424036275,139,31,4.477,False,3.0,7.36
xc_XC957122_011,xc,XC957122,29.152653061224488,29.28616780045351,133,40,4.687,False,1.65,8.12
xc_XC957122_012,xc,XC957122,29.47773242630385,29.541587301587292,63,-1,5.839,False,-0.27,8.22
xc_XC957122_013,xc,XC957122,29.84344671201813,29.93632653061224,92,-1,5.393,False,-0.8,6.45
xc_XC957122_014,xc,XC957122,32.571791383219946,32.618231292517,46,49,3.8,False,-2.69,4.81
xc_XC957122_015,xc,XC957122,33.12326530612244,33.77342403628118,650,46,3.453,False,3.48,6.19
xc_XC957122_016,xc,XC957122,33.98240362811791,34.28426303854875,301,49,4.043,False,3.93,7.29
xc_XC957122_017,xc,XC957122,34.53968253968254,34.795102040816325,255,31,3.953,False,3.24,7.26
xc_XC957122_018,xc,XC957122,34.90539682539682,35.0679365079365,162,31,4.69,False,4.58,7.65
xc_XC957122_019,xc,XC957122,35.27691609977324,35.36399092970521,87,13,5.001,False,7.85,5.6
xc_XC957122_020,xc,XC957122,35.43945578231292,35.64263038548752,203,44,4.768,False,2.97,7.34
xc_XC957122_021,xc,XC957122,35.85160997732426,35.87482993197278,23,49,3.392,False,-1.66,4.82
xc_XC957122_022,xc,XC957122,35.990929705215414,36.19990929705215,208,-1,4.396,False,2.36,7.05
xc_XC957122_023,xc,XC957122,41.09931972789115,41.30829931972789,208,8,3.503,False,0.23,-1.96
xc_XC957122_024,xc,XC957122,42.9511111111111,43.03818594104308,87,49,4.489,False,-1.49,6.03
xc_XC957122_025,xc,XC957122,43.38648526077097,43.4097052154195,23,49,3.974,False,-1.41,5.25
xc_XC957122_026,xc,XC957122,47.98403628117913,48.17560090702947,191,8,4.128,False,0.25,-2.06
xc_XC957122_027,xc,XC957122,53.27818594104308,53.51038548752834,232,6,4.708,False,-5.99,8.61
xc_XC957122_028,xc,XC957122,54.08507936507936,54.29405895691609,208,8,3.15,False,0.08,-2.22
xc_XC957122_029,xc,XC957122,61.875374149659855,61.94503401360543,69,10,5.46,False,-1.45,7.07
xc_XC957122_030,xc,XC957122,63.49496598639455,63.68072562358276,185,31,4.857,False,5.4,7.68
xc_XC957122_031,xc,XC957122,63.82004535147392,63.9825850340136,162,31,4.779,False,5.71,7.84
xc_XC957122_032,xc,XC957122,64.19156462585033,64.35410430839002,162,31,4.493,False,5.49,7.48
xc_XC957122_033,xc,XC957122,64.99845804988661,65.15519274376416,156,8,3.865,False,0.09,-1.54
xc_XC957122_034,xc,XC957122,65.71247165532878,65.75891156462585,46,49,4.399,False,-2.01,6.2
xc_XC957122_035,xc,XC957122,65.80535147392288,66.01433106575963,208,8,4.016,False,2.87,6.24
xc_XC957122_036,xc,XC957122,66.08399092970521,66.29297052154193,208,26,5.326,False,4.95,8.59
xc_XC957122_037,xc,XC957122,66.36263038548752,66.50195011337867,139,32,4.865,False,1.49,8.31
xc_XC957122_038,xc,XC957122,66.52517006802721,66.65868480725622,133,41,5.018,False,-1.34,9.17
xc_XC957122_039,xc,XC957122,67.26820861678003,67.38430839002267,116,41,4.15,False,-1.09,8.57
xc_XC957122_040,xc,XC957122,68.71945578231292,68.95165532879818,232,32,4.259,False,0.84,8.25
xc_XC957122_041,xc,XC957122,69.24770975056688,69.340589569161,92,-1,5.456,False,-0.2,4.29
xc_XC957122_042,xc,XC957122,80.34684807256235,80.39328798185939,46,-1,5.991,False,-0.61,4.9
xc_XC957122_043,xc,XC957122,86.98195011337867,87.06902494331064,87,40,7.066,True,0.65,8.07
xc_XC957122_044,xc,XC957122,87.26058956916097,87.34766439909296,87,49,6.191,True,-1.51,6.68
xc_XC957122_045,xc,XC957122,91.80589569160996,91.94521541950112,139,-1,6.35,True,3.13,7.12
xc_XC957122_046,xc,XC957122,92.13678004535146,92.29931972789116,162,9,5.973,False,3.11,8.28
xc_XC957122_047,xc,XC957122,92.4966893424036,92.71147392290248,214,24,6.061,False,3.37,7.36
xc_XC957122_048,xc,XC957122,92.85079365079363,93.0133333333333,162,24,5.97,False,0.29,12.55
xc_XC957122_049,xc,XC957122,93.23972789115643,93.42548752834466,185,46,5.668,False,3.47,6.71
xc_XC957122_050,xc,XC957122,93.75056689342402,93.8202267573696,69,-1,3.499,False,-1.1,4.81
xc_XC957122_051,xc,XC957122,93.93632653061223,93.98276643990928,46,-1,4.479,False,-0.83,5.45
xc_XC957122_052,xc,XC957122,94.0234013605442,94.32526077097504,301,31,4.467,False,4.85,7.1
xc_XC957122_053,xc,XC957122,94.63292517006802,94.9057596371882,272,14,5.35,False,12.22,12.5
xc_XC957122_054,xc,XC957122,95.06249433106574,95.32371882086166,261,-1,5.483,False,0.16,8.43
xc_XC957122_055,xc,XC957122,95.57333333333332,95.735873015873,162,31,5.316,False,4.57,7.58
xc_XC957122_056,xc,XC957122,95.75909297052152,95.99129251700678,232,49,5.019,False,0.74,8.19
xc_XC957122_057,xc,XC957122,96.08417233560088,96.2699319727891,185,5,4.056,False,2.59,7.07
xc_XC957122_058,xc,XC957122,99.85160997732424,100.0780045351474,226,40,5.156,False,1.05,8.84
xc_XC957122_059,xc,XC957122,100.26956916099772,100.38566893424034,116,40,6.325,True,1.24,8.93
xc_XC957122_060,xc,XC957122,100.40308390022676,100.51918367346936,116,-1,6.295,True,1.46,7.79
xc_XC957122_061,xc,XC957122,100.70494331065755,100.93714285714285,232,-1,5.544,False,5.42,8.14
xc_XC957122_062,xc,XC957122,101.19256235827665,101.4247619047619,232,40,5.753,False,1.53,8.86
xc_XC957122_063,xc,XC957122,104.9832199546485,105.21541950113377,232,46,5.975,False,3.29,6.85
xc_XC957122_064,xc,XC957122,105.56371882086164,105.76689342403624,203,46,6.501,True,3.36,7.02
xc_XC957122_065,xc,XC957122,105.81333333333332,105.83655328798184,23,49,4.433,False,-1.58,5.12
xc_XC957122_066,xc,XC957122,107.22394557823128,107.29360544217684,69,49,4.237,False,-0.31,6.25
xc_XC957122_067,xc,XC957122,108.17015873015872,108.21659863945575,46,-1,5.927,False,-0.42,4.82
xc_XC957122_068,xc,XC957122,108.35591836734692,108.37913832199544,23,49,2.985,False,-1.96,4.58
xc_XC957122_069,xc,XC957122,108.68099773242628,108.8667573696145,185,49,3.43,False,1.34,7.08
xc_XC957122_070,xc,XC957122,108.93641723356008,109.13959183673468,203,49,3.29,False,0.79,7.74
xc_XC957122_071,xc,XC957122,109.32535147392288,109.51691609977324,191,49,4.15,False,1.12,7.63
xc_XC957122_072,xc,XC957122,109.92907029478457,109.96970521541948,40,49,3.958,False,-1.88,4.71
xc_XC957122_073,xc,XC957122,110.01614512471654,110.03936507936506,23,49,3.406,False,-1.78,5.5
xc_XC957122_074,xc,XC957122,110.08580498866212,110.11482993197276,29,49,3.401,False,-2.04,4.5
xc_XC957122_075,xc,XC957122,110.17868480725622,110.20190476190474,23,49,2.959,False,-1.83,4.77
xc_XC957122_076,xc,XC957122,110.6024489795918,110.73596371882084,133,-1,5.423,False,6.1,7.83
xc_XC957122_077,xc,XC957122,110.99138321995464,111.17714285714284,185,-1,5.606,False,5.29,8.18
xc_XC957122_078,xc,XC957122,111.36290249433104,111.56607709750566,203,34,5.734,False,5.85,8.6
xc_XC957122_079,xc,XC957122,111.61832199546484,111.68217687074828,63,49,5.672,False,-0.96,5.17
xc_XC957122_080,xc,XC957122,111.75183673469388,111.96662131519273,214,31,5.304,False,5.84,8.18
xc_XC957122_081,xc,XC957122,112.16979591836731,112.37297052154194,203,34,4.956,False,6.04,8.18
xc_XC957122_082,xc,XC957122,112.61097505668933,112.81414965986392,203,34,5.003,False,6.53,8.92
xc_XC957122_083,xc,XC957122,112.88961451247164,112.93605442176867,46,49,5.233,False,-0.69,5.39
xc_XC957122_084,xc,XC957122,113.0463492063492,113.25532879818591,208,35,5.575,False,5.36,8.42
xc_XC957122_085,xc,XC957122,113.71972789115644,113.81260770975057,92,31,6.087,False,6.6,6.92
xc_XC957122_086,xc,XC957122,113.88226757369613,114.0622222222222,179,-1,4.552,False,2.1,7.96
xc_XC957122_087,xc,XC957122,114.27700680272106,114.5034013605442,226,-1,4.512,False,2.13,7.85
xc_XC959319_000,xc,XC959319,9.137052154195011,9.5956462585034,458,-1,8.491,True,4.09,6.98
xc_XC959319_001,xc,XC959319,27.759455782312926,27.85233560090703,92,8,6.287,True,1.55,7.11
xc_XC959319_002,xc,XC959319,58.54911564625851,58.59555555555556,46,-1,6.614,True,-0.8,5.02
xc_XC959319_003,xc,XC959319,58.89741496598639,58.96707482993197,69,40,6.945,True,1.66,6.06
xc_XC959319_004,xc,XC959319,59.47791383219955,59.50113378684807,23,49,5.976,False,-1.26,5.68
xc_XC959319_005,xc,XC959319,59.59401360544217,59.70430839002268,110,-1,6.899,True,2.91,7.91
xc_XC959319_006,xc,XC959319,60.07002267573696,60.09324263038549,23,49,5.5,False,-0.65,5.51
xc_XC959319_007,xc,XC959319,60.19192743764172,60.279002267573695,87,44,6.402,True,0.26,6.24
xc_XC959319_008,xc,XC959319,60.49378684807256,60.55764172335601,63,-1,5.983,False,-0.14,5.85
xc_XC959319_009,xc,XC959319,60.60988662131519,60.74340136054422,133,44,6.432,True,2.22,7.18
xc_XC959319_010,xc,XC959319,60.92916099773242,61.04526077097506,116,-1,7.714,True,2.93,7.05
xc_XC959319_011,xc,XC959319,63.70394557823129,63.86648526077098,162,44,7.499,True,2.54,6.93
xc_XC959319_012,xc,XC959319,65.89823129251701,65.94467120181406,46,-1,7.39,True,1.92,6.97
xc_XC959319_013,xc,XC959319,69.22448979591837,69.29414965986395,69,49,6.354,True,0.55,6.1
xc_XC959319_014,xc,XC959319,86.58140589569162,86.74394557823129,162,5,7.962,True,2.94,4.38
xc_XC959319_015,xc,XC959319,86.86585034013605,86.97614512471655,110,43,7.892,True,1.31,5.58
xc_XC959319_016,xc,XC959319,101.6801814058957,101.7208163265306,40,5,7.153,True,2.37,4.12
xc_XC961717_000,xc,XC961717,5.532154195011338,5.572789115646258,40,49,6.405,True,-1.08,5.31
xc_XC961717_001,xc,XC961717,5.596009070294785,5.648253968253968,52,-1,7.679,True,0.37,5.56
xc_XC961717_002,xc,XC961717,12.120816326530612,12.161451247165532,40,5,6.982,True,2.38,4.78
xc_XC961717_003,xc,XC961717,17.716825396825396,17.740045351473924,23,49,6.938,True,-1.49,4.6
xc_XC961717_004,xc,XC961717,18.01868480725624,18.204444444444444,185,-1,8.722,True,2.55,6.69
xc_XC96768_000,xc,XC96768,1.4628571428571429,1.5789569160997732,116,-1,4.824,False,2.45,6.49
xc_XC96768_001,xc,XC96768,1.6021768707482993,1.8285714285714283,226,18,6.2,True,1.76,13.48
xc_XC96768_002,xc,XC96768,1.8750113378684807,1.9678911564625847,92,-1,5.655,False,6.19,13.41
xc_XC96768_003,xc,XC96768,2.014331065759637,2.1768707482993195,162,26,7.251,True,4.78,8.97
xc_XC96768_004,xc,XC96768,2.223310657596372,2.3858503401360545,162,40,6.231,True,1.31,8.99
xc_XC96768_005,xc,XC96768,2.455510204081633,2.565804988662132,110,10,5.013,False,-1.28,11.27
xc_XC96768_006,xc,XC96768,14.500861678004537,14.541496598639457,40,49,3.87,False,-1.69,5.21
xc_XC96768_007,xc,XC96768,14.686621315192744,14.727256235827664,40,49,3.406,False,-2.88,5.41
xc_XC96768_008,xc,XC96768,14.872380952380952,14.97687074829932,104,-1,5.596,False,2.6,12.98
xc_XC96768_009,xc,XC96768,15.301950113378686,15.354195011337868,52,26,6.641,True,4.73,8.97
xc_XC96768_010,xc,XC96768,15.493514739229026,15.539954648526075,46,49,4.965,False,-0.27,7.31
xc_XC96768_011,xc,XC96768,26.02956916099773,26.12244897959184,92,19,5.87,False,1.96,11.5
xc_XC96768_012,xc,XC96768,26.33142857142857,26.4475283446712,116,26,6.915,True,4.51,9.0
xc_XC96768_013,xc,XC96768,32.36281179138322,32.40925170068027,46,49,5.87,False,-1.08,5.86
xc_XC96768_014,xc,XC96768,40.66394557823129,40.70458049886621,40,49,3.051,False,-2.43,5.38
xc_XC96768_015,xc,XC96768,40.84390022675737,40.913560090702944,69,47,5.866,False,1.36,2.82
xc_XC96768_016,xc,XC96768,41.05287981859411,41.21541950113379,162,18,5.867,False,1.23,14.55
xc_XC96768_017,xc,XC96768,41.28507936507936,41.35473922902494,69,29,6.567,True,6.6,13.16
xc_XC96768_018,xc,XC96768,41.42439909297052,41.54049886621315,116,26,7.383,True,4.31,9.08
xc_XC96768_019,xc,XC96768,41.6972335600907,41.72045351473923,23,49,5.373,False,-1.13,6.44
xc_XC96768_020,xc,XC96768,52.15201814058957,52.40743764172336,255,18,5.419,False,1.49,13.93
xc_XC96768_021,xc,XC96768,52.41904761904762,52.51192743764173,92,29,5.805,False,6.77,13.34
xc_XC96768_022,xc,XC96768,52.56417233560091,52.72671201814059,162,26,6.77,True,5.1,8.84
xc_XC96768_023,xc,XC96768,52.74993197278911,52.935691609977326,185,-1,6.613,True,3.63,7.25
xc_XC96768_024,xc,XC96768,53.32462585034013,53.440725623582765,116,-1,5.486,False,5.13,13.56
xc_XC96768_025,xc,XC96768,54.781678004535145,54.90358276643991,121,-1,4.954,False,1.59,6.61
xc_XC96768_026,xc,XC96768,74.2922448979592,74.35609977324263,63,18,6.553,True,0.95,15.26
xc_XC96768_027,xc,XC96768,74.54766439909298,74.61732426303855,69,26,6.483,True,4.44,8.78
xc_XC96768_028,xc,XC96768,74.79727891156463,74.84371882086167,46,49,4.807,False,-0.03,7.05
xc_XC96768_029,xc,XC96768,85.72807256235826,85.82095238095238,92,18,5.069,False,1.08,15.24
xc_XC96768_030,xc,XC96768,85.89061224489795,85.96027210884354,69,-1,7.726,True,5.73,13.59
xc_XC96768_031,xc,XC96768,86.00671201814059,86.12281179138323,116,-1,7.059,True,4.72,9.5
xc_XC96768_032,xc,XC96768,86.23891156462584,86.37823129251701,139,40,6.391,True,1.24,8.97
xc_XC96768_033,xc,XC96768,86.44789115646259,86.56399092970521,116,41,5.261,False,-1.73,9.61
xc_XC96768_034,xc,XC96768,97.14648526077096,97.3728798185941,226,18,5.32,False,1.74,13.54
xc_XC96768_035,xc,XC96768,97.56444444444443,97.69795918367346,133,26,6.675,True,4.85,9.07
xc_XC96768_036,xc,XC96768,107.03818594104308,107.08462585034012,46,26,6.708,True,4.36,8.92
xc_XC96768_037,xc,XC96768,107.17750566893424,107.20072562358276,23,49,4.052,False,-2.12,5.11
macaulay_136109_000,macaulay,136109,0.1625396825396825,0.325079365079365,162,32,7.241,True,-0.03,9.69
macaulay_136109_001,macaulay,136109,0.8591383219954647,0.8823582766439907,23,49,3.71,False,-0.89,6.38
macaulay_136109_002,macaulay,136109,2.083990929705215,2.130430839002267,46,-1,6.577,True,-1.31,7.42
macaulay_136109_003,macaulay,136109,2.478730158730158,2.798004535147392,319,8,6.536,True,0.12,-2.33
macaulay_136109_004,macaulay,136109,2.844444444444444,3.0824489795918364,238,8,4.692,False,1.33,-2.09
macaulay_136109_005,macaulay,136109,3.494603174603174,3.6339229024943305,139,49,5.865,False,1.63,7.43
macaulay_136109_006,macaulay,136109,3.703582766439909,3.726802721088435,23,49,4.684,False,-2.22,4.32
macaulay_136109_007,macaulay,136109,13.043809523809522,13.090249433106573,46,47,5.018,False,-0.88,4.11
macaulay_136109_008,macaulay,136109,13.363083900226757,13.45596371882086,92,47,5.852,False,1.06,3.33
macaulay_136109_009,macaulay,136109,13.68816326530612,13.781043083900224,92,47,5.9,False,1.01,4.3
macaulay_136109_010,macaulay,136109,13.827482993197275,13.943582766439908,116,2,6.613,True,6.45,-3.54
macaulay_136109_011,macaulay,136109,13.966802721088436,14.152562358276642,185,-1,6.201,True,4.58,12.83
macaulay_136109_012,macaulay,136109,14.199002267573697,14.332517006802718,133,15,7.177,True,7.35,12.32
macaulay_136109_013,macaulay,136109,14.384761904761902,14.68662131519274,301,-1,6.436,True,6.51,8.97
macaulay_136109_014,macaulay,136109,14.733061224489791,14.889795918367344,156,10,7.39,True,-1.01,11.71
macaulay_136109_015,macaulay,136109,14.942040816326529,15.09877551020408,156,19,6.886,True,2.14,11.45
macaulay_136109_016,macaulay,136109,15.139410430839,15.348390022675732,208,19,5.636,False,2.24,11.66
macaulay_136109_017,macaulay,136109,106.2312925170068,106.37061224489794,139,8,6.99,True,2.27,-0.84
macaulay_136109_018,macaulay,136109,120.51156462585033,120.60444444444444,92,-1,5.961,False,0.7,4.2
macaulay_136109_019,macaulay,136109,120.65088435374147,120.76698412698413,116,-1,6.045,False,5.97,9.48
macaulay_136109_020,macaulay,136109,120.81342403628116,120.99918367346936,185,-1,6.483,True,5.96,13.26
macaulay_136109_021,macaulay,136109,121.04562358276642,121.18494331065756,139,15,6.722,True,7.22,12.38
macaulay_136109_022,macaulay,136109,121.23138321995464,121.53324263038547,301,34,5.907,False,6.53,8.96
macaulay_136109_023,macaulay,136109,121.5738775510204,121.71900226757369,145,10,5.93,False,-0.97,11.53
macaulay_136109_024,macaulay,136109,121.78285714285713,121.95120181405892,168,19,5.496,False,2.31,11.49
macaulay_136109_025,macaulay,136109,121.96861678004532,122.131156462585,162,19,5.394,False,2.06,11.68
macaulay_136109_026,macaulay,136109,145.31047619047615,145.44979591836733,139,49,5.121,False,0.11,6.52
macaulay_136109_027,macaulay,136109,145.49623582766438,145.5949206349206,98,31,6.118,False,4.23,7.69
macaulay_136109_028,macaulay,136109,146.3321541950113,146.494693877551,162,8,5.103,False,1.34,-0.86
macaulay_136109_029,macaulay,136109,147.0287528344671,147.3248072562358,296,39,5.751,False,3.88,1.33
macaulay_136109_030,macaulay,136109,147.6208616780045,147.7659863945578,145,8,4.972,False,1.32,-0.7
macaulay_136109_031,macaulay,136109,148.4103401360544,148.5728798185941,162,8,4.691,False,1.58,-0.7
macaulay_136109_032,macaulay,136109,148.78185941043083,148.8515192743764,69,49,6.269,True,-0.16,7.24
macaulay_136109_033,macaulay,136109,148.89795918367344,148.9443990929705,46,49,5.682,False,-1.75,5.32
macaulay_136109_034,macaulay,136109,150.30857142857138,150.44789115646256,139,8,4.953,False,1.43,-0.55
macaulay_136109_035,macaulay,136109,150.5814058956916,150.6046258503401,23,49,3.387,False,-2.08,4.74
macaulay_136109_036,macaulay,136109,153.3097505668934,153.3329705215419,23,49,3.163,False,-2.14,4.92
macaulay_136109_037,macaulay,136109,153.40263038548753,153.5883900226757,185,39,5.934,False,3.8,1.3
macaulay_136109_038,macaulay,136109,155.10929705215418,155.1847619047619,75,49,6.792,True,0.28,4.7
macaulay_136109_039,macaulay,136109,155.25442176870746,155.3705215419501,116,8,5.164,False,-0.37,6.48
macaulay_136109_040,macaulay,136109,155.53306122448976,155.71301587301585,179,8,4.329,False,1.67,-0.41
macaulay_136109_041,macaulay,136109,157.3790476190476,157.51256235827665,133,8,4.907,False,0.76,-1.08
macaulay_136109_042,macaulay,136109,157.6576870748299,157.72734693877547,69,49,5.956,False,-0.01,4.91
macaulay_136109_043,macaulay,136109,157.9537414965986,158.07564625850338,121,8,5.04,False,0.92,-0.55
macaulay_136109_044,macaulay,136109,158.16272108843535,158.32526077097504,162,8,4.762,False,1.11,-0.92
macaulay_136109_045,macaulay,136109,159.98548752834463,160.0841723356009,98,8,5.057,False,0.86,6.86
macaulay_136109_046,macaulay,136109,160.58920634920634,160.61242630385485,23,49,3.451,False,-1.88,5.21
macaulay_136109_047,macaulay,136109,161.62829931972786,161.81405895691606,185,49,4.214,False,1.27,7.58
macaulay_136109_048,macaulay,136109,163.27111111111108,163.31755102040813,46,49,5.156,False,-0.22,5.4
macaulay_136109_049,macaulay,136109,163.36399092970518,163.38721088435372,23,49,3.202,False,-1.75,5.46
macaulay_136109_050,macaulay,136109,167.75836734693877,167.92090702947843,162,49,4.523,False,0.78,7.45
macaulay_136109_051,macaulay,136109,168.42594104308387,168.47238095238092,46,49,5.17,False,0.0,4.95
macaulay_136109_052,macaulay,136109,170.109387755102,170.24870748299315,139,49,4.456,False,-0.13,6.74
macaulay_136109_053,macaulay,136109,170.48090702947843,170.50993197278908,29,49,5.978,False,-1.45,5.01
macaulay_136109_054,macaulay,136109,170.57378684807256,170.8988662131519,325,39,5.239,False,3.73,1.21
macaulay_136109_055,macaulay,136109,172.00761904761902,172.21659863945575,208,49,5.225,False,1.48,7.87
macaulay_136109_056,macaulay,136109,173.55755102040814,173.76653061224488,208,49,4.403,False,0.08,6.34
macaulay_136109_057,macaulay,136109,174.18448979591835,174.29478458049886,110,49,7.212,True,0.5,6.45
macaulay_136109_058,macaulay,136109,174.347029478458,174.5269841269841,179,8,4.707,False,1.52,-2.62
macaulay_136109_059,macaulay,136109,175.24099773242628,175.40934240362807,168,8,4.739,False,1.41,-0.76
macaulay_136109_060,macaulay,136109,178.73560090702944,178.99102040816322,255,8,4.77,False,1.41,-0.44
macaulay_136109_061,macaulay,136109,180.1055782312925,180.24489795918365,139,8,5.079,False,1.35,-0.56
macaulay_340751771_000,macaulay,340751771,0.023219954648526,0.2321995464852607,208,8,5.222,False,1.05,-2.28
macaulay_340751771_001,macaulay,340751771,0.3018594104308389,0.4411791383219954,139,8,5.424,False,-0.08,-1.54
macaulay_340751771_002,macaulay,340751771,0.5108390022675737,0.6733786848072563,162,8,4.633,False,-0.12,-1.6
macaulay_340751771_003,macaulay,340751771,0.7430385487528345,0.905578231292517,162,8,4.691,False,0.95,-1.82
macaulay_340751771_004,macaulay,340751771,0.9984580498866212,1.1842176870748298,185,8,5.276,False,0.06,4.33
macaulay_340751771_005,macaulay,340751771,1.2306575963718822,1.4164172335600906,185,-1,5.488,False,1.13,-1.87
macaulay_340751771_006,macaulay,340751771,1.4628571428571429,1.5557369614512473,92,-1,4.979,False,-0.59,4.13
macaulay_340751771_007,macaulay,340751771,1.6021768707482993,1.689251700680272,87,49,5.338,False,0.07,4.71
macaulay_340751771_008,macaulay,340751771,1.712471655328798,1.8517913832199544,139,8,5.768,False,-0.07,-1.49
macaulay_340751771_009,macaulay,340751771,1.9214512471655327,2.1072108843537416,185,-1,5.284,False,0.7,4.57
macaulay_340751771_010,macaulay,340751771,2.1768707482993195,2.316190476190476,139,8,5.375,False,0.13,4.46
macaulay_340751771_011,macaulay,340751771,2.4322902494331067,2.542585034013605,110,49,5.652,False,-0.1,4.72
macaulay_340751771_012,macaulay,340751771,3.2624036281179136,3.332063492063492,69,8,6.686,True,0.98,-2.3
macaulay_340751771_013,macaulay,340751771,3.424943310657596,3.517823129251701,92,8,5.567,False,-0.16,4.54
macaulay_340751771_014,macaulay,340751771,3.657142857142857,3.773242630385488,116,49,5.846,False,0.22,4.74
macaulay_340751771_015,macaulay,340751771,3.81968253968254,3.866122448979592,46,8,6.392,True,0.09,-1.07
macaulay_340751771_016,macaulay,340751771,3.912562358276644,4.075102040816327,162,5,5.603,False,2.92,4.27
macaulay_340751771_017,macaulay,340751771,4.162176870748299,4.324716553287982,162,8,5.292,False,0.97,-2.24
macaulay_340751771_018,macaulay,340751771,4.417596371882086,4.487256235827664,69,49,6.027,False,-0.04,4.63
macaulay_340751771_019,macaulay,340751771,4.533696145124716,4.649795918367347,116,8,5.942,False,-0.07,-1.6
macaulay_340751771_020,macaulay,340751771,4.673015873015872,4.748480725623582,75,49,5.528,False,0.04,4.65
macaulay_340751771_021,macaulay,340751771,4.841360544217687,4.911020408163266,69,8,5.803,False,-0.15,-1.44
macaulay_340751771_022,macaulay,340751771,4.957460317460317,5.038730158730159,81,49,6.04,False,-0.06,4.79
macaulay_340751771_023,macaulay,340751771,5.230294784580499,5.294149659863945,63,49,6.128,True,-0.09,4.76
macaulay_340751771_024,macaulay,340751771,5.340589569160998,5.38702947845805,46,49,5.623,False,-1.79,4.3
macaulay_340751771_025,macaulay,340751771,5.479909297052155,5.572789115646258,92,8,7.486,True,-0.23,-1.38
macaulay_340751771_026,macaulay,340751771,5.6250340136054415,5.804988662131519,179,8,5.617,False,0.36,-1.77
macaulay_340751771_027,macaulay,340751771,5.897868480725623,6.013968253968254,116,8,5.887,False,-0.0,-1.49
macaulay_340751771_028,macaulay,340751771,6.106848072562358,6.176507936507936,69,8,7.313,True,1.46,5.6
macaulay_340751771_029,macaulay,340751771,6.2693877551020405,6.339047619047619,69,-1,7.19,True,1.39,6.4
macaulay_340751771_030,macaulay,340751771,6.455147392290249,6.524807256235827,69,8,6.826,True,0.07,-1.52
macaulay_340751771_031,macaulay,340751771,6.664126984126984,6.757006802721088,92,8,5.778,False,0.08,-1.48
macaulay_340751771_032,macaulay,340751771,6.867301587301587,6.936961451247165,69,8,7.73,True,0.0,-1.54
macaulay_340751771_033,macaulay,340751771,6.983401360544218,7.128526077097505,145,8,5.81,False,-0.19,-1.41
macaulay_340751771_034,macaulay,340751771,7.238820861678005,7.314285714285714,75,8,6.451,True,-0.09,-1.39
macaulay_340751771_035,macaulay,340751771,7.471020408163265,7.558095238095237,87,8,6.316,True,-0.13,-1.41
macaulay_340751771_036,macaulay,340751771,7.703219954648526,7.883174603174603,179,8,6.364,True,0.43,-1.93
macaulay_340751771_037,macaulay,340751771,7.958639455782313,8.068934240362811,110,8,5.561,False,-0.21,-1.46
macaulay_340751771_038,macaulay,340751771,8.185034013605442,8.277913832199546,92,8,6.791,True,0.01,-1.43
macaulay_340751771_039,macaulay,340751771,8.394013605442176,8.463673469387755,69,8,6.884,True,0.03,-1.39
macaulay_340751771_040,macaulay,340751771,8.510113378684808,8.695873015873016,185,8,6.017,False,0.02,-1.32
macaulay_340751771_041,macaulay,340751771,8.788752834467122,8.904852607709751,116,8,5.781,False,-0.15,-1.55
macaulay_340751771_042,macaulay,340751771,9.067392290249431,9.229931972789116,162,8,5.279,False,-0.07,-1.56
macaulay_340751771_043,macaulay,340751771,9.317006802721089,9.549206349206347,232,8,6.113,False,0.27,-1.77
macaulay_340751771_044,macaulay,340751771,9.601451247165532,9.781405895691613,179,8,6.07,False,-0.01,-1.65
macaulay_340751771_045,macaulay,340751771,9.874285714285714,10.00780045351474,133,8,6.338,True,-0.17,-1.52
macaulay_340751771_046,macaulay,340751771,10.147120181405896,10.24,92,8,6.243,True,0.1,-1.49
macaulay_340751771_047,macaulay,340751771,10.36190476190476,10.448979591836734,87,8,7.081,True,-0.15,-1.45
macaulay_340751771_048,macaulay,340751771,10.54766439909297,10.611519274376416,63,8,6.638,True,0.02,-1.4
macaulay_340751771_049,macaulay,340751771,10.6637641723356,10.820498866213152,156,8,6.392,True,0.07,-1.7
macaulay_340751771_050,macaulay,340751771,10.89015873015873,11.029478458049889,139,8,6.724,True,1.69,5.04
macaulay_340751771_051,macaulay,340751771,11.168798185941045,11.261678004535147,92,-1,6.993,True,1.88,6.84
macaulay_340751771_052,macaulay,340751771,11.400997732426305,11.49387755102041,92,-1,7.504,True,2.14,6.11
macaulay_340751771_053,macaulay,340751771,11.633197278911563,11.749297052154196,116,8,5.716,False,-0.06,-1.6
macaulay_340751771_054,macaulay,340751771,11.88281179138322,12.022131519274376,139,8,5.535,False,-0.12,-1.54
macaulay_340751771_055,macaulay,340751771,12.144036281179138,12.213696145124716,69,8,6.2,True,-0.01,-1.51
macaulay_340751771_056,macaulay,340751771,12.254331065759638,12.30657596371882,52,-1,6.466,True,-1.38,4.63
macaulay_340751771_057,macaulay,340751771,12.393650793650794,12.486530612244898,92,-1,5.523,False,-0.29,4.19
macaulay_340751771_058,macaulay,340751771,12.52716553287982,12.596825396825398,69,-1,5.937,False,-0.59,4.54
macaulay_340751771_059,macaulay,340751771,12.6897052154195,12.88126984126984,191,8,5.16,False,-0.04,-1.54
macaulay_340751771_060,macaulay,340751771,13.020589569160997,13.084444444444443,63,-1,8.651,True,8.66,6.42
macaulay_340751771_061,macaulay,340751771,13.200544217687074,13.33986394557823,139,8,5.716,False,-0.0,-1.54
macaulay_340751771_062,macaulay,340751771,13.386303854875283,13.52562358276644,139,-1,5.23,False,0.38,4.43
macaulay_340751771_063,macaulay,340751771,13.618503401360543,13.688163265306123,69,40,6.557,True,1.65,6.59
macaulay_340751771_064,macaulay,340751771,13.804263038548752,13.897142857142857,92,40,6.176,True,1.47,6.4
macaulay_340751771_065,macaulay,340751771,13.966802721088436,14.082902494331066,116,8,6.083,False,0.21,-1.56
macaulay_340751771_066,macaulay,340751771,14.21641723356009,14.2918820861678,75,8,6.929,True,-0.19,-1.32
macaulay_340751771_067,macaulay,340751771,14.40798185941043,14.495056689342404,87,8,6.051,False,-0.3,-1.45
macaulay_340751771_068,macaulay,340751771,14.52408163265306,14.640181405895692,116,-1,5.436,False,1.93,4.01
macaulay_340751771_069,macaulay,340751771,14.75628117913832,14.86657596371882,110,8,6.025,False,-0.1,-1.33
macaulay_340751771_070,macaulay,340751771,14.889795918367346,14.918820861678006,29,-1,4.948,False,-2.14,4.25
macaulay_340751771_071,macaulay,340751771,15.023310657596372,15.116190476190477,92,8,6.593,True,0.18,-1.5
macaulay_340751771_072,macaulay,340751771,15.261315192743766,15.354195011337868,92,8,5.485,False,-0.24,-1.24
macaulay_340751771_073,macaulay,340751771,15.4702947845805,15.539954648526075,69,40,7.98,True,1.41,6.32
macaulay_340751771_074,macaulay,340751771,15.673469387755102,15.748934240362813,75,8,6.389,True,-0.02,-1.47
macaulay_340751771_075,macaulay,340751771,15.812789115646256,15.998548752834468,185,31,6.161,True,5.88,7.96
macaulay_340751771_076,macaulay,340751771,16.09142857142857,16.253968253968253,162,8,6.585,True,0.42,-2.3
macaulay_340751771_077,macaulay,340751771,16.27718820861678,16.370068027210884,92,8,6.081,False,-0.05,-1.47
macaulay_340751771_078,macaulay,340751771,16.439727891156462,16.555827664399093,116,8,6.856,True,-0.08,-1.56
macaulay_340751771_079,macaulay,340751771,16.671927437641724,16.759002267573695,87,40,7.758,True,1.21,5.89
macaulay_340751771_080,macaulay,340751771,16.851882086167798,17.060861678004535,208,-1,7.116,True,4.03,6.48
macaulay_340751771_081,macaulay,340751771,17.084081632653064,17.176961451247166,92,8,7.307,True,-0.18,-1.45
macaulay_340751771_082,macaulay,340751771,17.275646258503404,17.3859410430839,110,8,6.97,True,-0.28,-1.44
macaulay_340751771_083,macaulay,340751771,17.548480725623584,17.66458049886621,116,5,7.236,True,3.41,4.13
macaulay_340751771_084,macaulay,340751771,17.757460317460318,17.84453514739229,87,8,6.198,True,-0.15,-1.45
macaulay_340751771_085,macaulay,340751771,17.890975056689342,18.05931972789116,168,8,5.489,False,0.2,-1.64
macaulay_340751771_086,macaulay,340751771,18.245079365079363,18.332154195011334,87,8,7.154,True,1.46,6.32
macaulay_340751771_087,macaulay,340751771,18.494693877551025,18.5643537414966,69,8,6.613,True,-0.26,-1.32
macaulay_340751771_088,macaulay,340751771,18.680453514739227,18.75011337868481,69,49,5.314,False,0.23,4.83
macaulay_340751771_089,macaulay,340751771,18.84299319727891,18.91265306122449,69,-1,5.692,False,-0.29,4.17
macaulay_340751771_090,macaulay,340751771,18.959092970521542,19.005532879818595,46,-1,7.481,True,-0.85,2.78
macaulay_340751771_091,macaulay,340751771,19.121632653061223,19.16807256235828,46,49,5.714,False,-0.79,4.89
macaulay_340751771_092,macaulay,340751771,19.208707482993194,19.231927437641723,23,49,4.597,False,-2.27,4.31
macaulay_340751771_093,macaulay,340751771,19.440907029478456,19.53378684807256,92,8,6.853,True,1.41,-2.97
macaulay_340751771_094,macaulay,340751771,19.67310657596372,19.725351473922903,52,8,6.49,True,-0.19,-1.09
macaulay_340751771_095,macaulay,340751771,19.974965986394555,20.06204081632653,87,8,6.238,True,-0.11,-1.36
macaulay_340751771_096,macaulay,340751771,20.20136054421769,20.346485260770976,145,8,6.183,True,0.04,-1.6
macaulay_340751771_097,macaulay,340751771,20.456780045351472,20.50902494331066,52,8,7.284,True,0.01,-1.22
macaulay_340751771_098,macaulay,340751771,20.54965986394558,20.68897959183673,139,-1,6.732,True,6.65,5.55
macaulay_340751771_099,macaulay,340751771,21.008253968253968,21.147573696145127,139,-1,4.824,False,0.69,-0.79
macaulay_340751771_100,macaulay,340751771,21.310113378684807,21.402993197278917,92,49,5.515,False,0.08,4.6
macaulay_340751771_101,macaulay,340751771,21.611972789115647,21.72807256235828,116,-1,5.255,False,0.53,-1.01
macaulay_340751771_102,macaulay,340751771,21.89061224489796,22.07056689342404,179,8,6.213,True,1.57,-2.96
macaulay_340751771_103,macaulay,340751771,22.31437641723356,22.3956462585034,81,-1,5.865,False,-0.2,4.09
macaulay_340751771_104,macaulay,340751771,22.860045351473925,22.970340136054425,110,-1,8.085,True,0.44,4.46
macaulay_345501481_000,macaulay,345501481,0.6269387755102039,0.9287981859410428,301,15,4.387,False,7.16,12.25
macaulay_345501481_001,macaulay,345501481,1.578956916099773,1.735691609977324,156,8,3.952,False,0.5,-1.65
macaulay_345501481_002,macaulay,345501481,16.439727891156462,16.735782312925167,296,15,4.297,False,7.11,12.3
macaulay_345501481_003,macaulay,345501481,17.54848072562358,17.589115646258502,40,-1,4.781,False,-1.53,4.37
macaulay_345501481_004,macaulay,345501481,22.05895691609977,22.33179138321995,272,15,3.774,False,7.12,12.3
macaulay_345501481_005,macaulay,345501481,22.90648526077097,23.0225850340136,116,29,4.949,False,7.4,13.59
macaulay_345501481_006,macaulay,345501481,23.098049886621315,23.214149659863946,116,29,5.407,False,7.26,13.23
macaulay_345501481_007,macaulay,345501481,23.904943310657597,24.206802721088437,301,10,3.632,False,-1.23,11.43
macaulay_345501481_008,macaulay,345501481,24.595736961451244,24.92081632653061,325,9,5.878,False,3.39,8.37
macaulay_345501481_009,macaulay,345501481,25.379410430839,25.547755102040814,168,21,4.792,False,3.19,10.75
macaulay_345501481_010,macaulay,345501481,25.68126984126984,26.02956916099773,348,15,4.512,False,7.12,12.29
macaulay_345501481_011,macaulay,345501481,26.099229024943305,26.28498866213152,185,29,6.787,True,7.23,13.63
macaulay_345501481_012,macaulay,345501481,26.331428571428567,26.79582766439909,464,-1,6.241,True,5.69,7.39
macaulay_345501481_013,macaulay,345501481,26.882902494331063,27.13832199546485,255,-1,6.722,True,5.64,5.62
macaulay_345501481_014,macaulay,345501481,27.277641723356005,27.620136054421764,342,9,7.207,True,5.35,5.39
macaulay_345501481_015,macaulay,345501481,28.09034013605441,28.18321995464852,92,-1,6.645,True,-0.34,7.89
macaulay_345501481_016,macaulay,345501481,28.200634920634915,28.64181405895691,441,44,4.836,False,2.83,7.01
macaulay_345501481_017,macaulay,345501481,29.082993197278903,29.24553287981859,162,8,4.416,False,0.02,-1.85
macaulay_345501481_018,macaulay,345501481,30.069841269841262,30.609705215419496,539,46,4.562,False,3.17,6.9
macaulay_345501481_019,macaulay,345501481,31.3469387755102,31.57913832199546,232,15,5.224,False,7.19,12.74
macaulay_345501481_020,macaulay,345501481,32.20607709750566,32.391836734693875,185,29,4.339,False,7.69,13.72
macaulay_433660081_000,macaulay,433660081,0.0464399092970521,0.278639455782313,232,8,4.711,False,0.41,-1.86
macaulay_433660081_001,macaulay,433660081,0.882358276643991,1.0913378684807258,208,-1,5.731,False,6.0,13.5
macaulay_433660081_002,macaulay,433660081,1.3931972789115648,1.509297052154195,116,29,6.888,True,6.88,13.09
macaulay_433660081_003,macaulay,433660081,2.571609977324264,2.8212244897959184,249,1,6.63,True,3.03,7.99
macaulay_433660081_004,macaulay,433660081,2.8908843537414968,3.0766439909297056,185,21,5.4,False,3.54,10.93
macaulay_433660081_005,macaulay,433660081,3.1753287981859417,3.471383219954649,296,6,4.906,False,-6.45,6.96
macaulay_433660081_006,macaulay,433660081,9.880090702947848,9.990385487528346,110,33,6.495,True,7.22,10.81
macaulay_433660081_007,macaulay,433660081,11.54031746031746,11.60997732426304,69,49,6.167,True,-2.61,5.48
macaulay_433660081_008,macaulay,433660081,13.299229024943312,13.339863945578234,40,49,2.144,False,-2.98,4.92
macaulay_433660081_009,macaulay,433660081,14.036462585034016,14.23963718820862,203,8,4.492,False,1.65,-2.61
macaulay_433660081_010,macaulay,433660081,14.796916099773243,14.889795918367348,92,-1,6.502,True,5.84,11.03
macaulay_460671841_000,macaulay,460671841,0.2554195011337868,0.5108390022675736,255,32,4.08,False,0.93,8.26
macaulay_460671841_001,macaulay,460671841,0.5804988662131518,0.7198185941043083,139,10,3.529,False,-1.45,10.85
macaulay_460671841_002,macaulay,460671841,0.8591383219954647,1.0216780045351472,162,-1,4.16,False,0.71,8.58
macaulay_460671841_003,macaulay,460671841,1.1145578231292517,1.1377777777777776,23,49,3.523,False,-1.58,5.05
macaulay_460671841_004,macaulay,460671841,1.207437641723356,1.230657596371882,23,30,4.814,False,3.09,7.95
macaulay_460671841_005,macaulay,460671841,1.5092970521541946,1.555736961451247,46,49,5.306,False,-1.75,4.98
macaulay_460671841_006,macaulay,460671841,1.7124716553287975,1.8285714285714283,116,-1,3.241,False,-0.17,6.07
macaulay_460671841_007,macaulay,460671841,4.446621315192743,4.5859410430839,139,-1,5.366,False,5.09,12.22
macaulay_460671841_008,macaulay,460671841,4.725260770975056,4.841360544217686,116,-1,5.224,False,2.61,8.97
macaulay_460671841_009,macaulay,460671841,5.990748299319727,6.1532879818594095,162,8,3.163,False,1.23,-0.64
macaulay_460671841_010,macaulay,460671841,11.609977324263037,11.69705215419501,87,-1,4.909,False,-0.02,4.32
macaulay_460671841_011,macaulay,460671841,17.525260770975056,17.705215419501133,179,-1,5.428,False,5.9,10.65
macaulay_460671841_012,macaulay,460671841,17.89097505668934,17.983854875283445,92,-1,6.032,False,5.54,13.0
macaulay_460671841_013,macaulay,460671841,18.91265306122449,19.005532879818592,92,8,3.971,False,0.98,-0.68
macaulay_460671841_014,macaulay,460671841,21.01405895691609,21.08371882086168,69,49,3.225,False,-1.39,5.65
macaulay_460671841_015,macaulay,460671841,21.17659863945578,21.40879818594104,232,-1,3.294,False,2.41,6.67
macaulay_460671841_016,macaulay,460671841,23.951383219954646,24.0907029478458,139,-1,5.669,False,5.42,12.57
macaulay_460671841_017,macaulay,460671841,24.25324263038549,24.34612244897959,92,-1,7.079,True,4.98,12.52
macaulay_460671841_018,macaulay,460671841,30.47038548752834,30.51102040816326,40,49,3.828,False,-2.25,4.73
macaulay_460671841_019,macaulay,460671841,31.439818594104302,31.532698412698405,92,49,3.714,False,0.52,6.19
macaulay_631250492_000,macaulay,631250492,11.215238095238096,11.331337868480723,116,37,6.211,True,7.74,6.28
macaulay_631250492_001,macaulay,631250492,11.633197278911563,11.77251700680272,139,49,5.701,False,-0.13,5.82
macaulay_631250492_002,macaulay,631250492,11.975691609977323,12.207891156462583,232,21,5.285,False,3.75,10.54
macaulay_631250492_003,macaulay,631250492,12.329795918367347,12.480725623582764,150,28,5.868,False,6.79,7.97
macaulay_631250492_004,macaulay,631250492,12.666485260770974,12.736145124716554,69,-1,6.041,False,-1.77,4.96
macaulay_631250492_005,macaulay,631250492,13.014784580498867,13.15410430839002,139,28,5.397,False,7.56,7.87
macaulay_631250492_006,macaulay,631250492,13.29922902494331,13.57206349206349,272,-1,4.972,False,2.61,6.31
macaulay_631250492_007,macaulay,631250492,13.781043083900228,14.013242630385488,232,-1,5.407,False,3.58,9.57
macaulay_631250492_008,macaulay,631250492,14.616961451247166,14.70984126984127,92,49,4.939,False,-1.79,5.02
macaulay_631250492_009,macaulay,631250492,15.104580498866213,15.12780045351474,23,49,4.096,False,-2.34,4.37
macaulay_631250492_010,macaulay,631250492,15.731519274376415,15.754739229024942,23,49,4.616,False,-2.64,4.43
macaulay_636601881_000,macaulay,636601881,0.0,0.1393197278911564,139,-1,4.549,False,-1.12,5.94
macaulay_636601881_001,macaulay,636601881,0.1625396825396825,0.3250793650793651,162,49,4.822,False,1.14,7.72
macaulay_636601881_002,macaulay,636601881,0.4411791383219954,0.5340589569160997,92,49,5.414,False,0.04,7.66
macaulay_636601881_003,macaulay,636601881,0.8126984126984127,1.0448979591836736,232,25,4.362,False,2.02,7.87
macaulay_636601881_004,macaulay,636601881,1.8517913832199544,2.0839909297052155,232,49,4.292,False,-1.31,4.61
macaulay_636601881_005,macaulay,636601881,2.3394104308390022,2.5716099773242638,232,49,3.767,False,0.6,8.05
macaulay_636601881_006,macaulay,636601881,2.844444444444445,3.030204081632653,185,49,3.862,False,-1.36,4.14
macaulay_636601892_000,macaulay,636601892,1.7356916099773243,1.7589115646258506,23,49,2.889,False,-1.68,5.48
macaulay_636601892_001,macaulay,636601892,1.875011337868481,1.9446712018140595,69,-1,5.226,False,0.96,4.79
macaulay_636601892_002,macaulay,636601892,2.0143310657596376,2.223310657596372,208,19,3.788,False,2.11,11.49
macaulay_636601892_003,macaulay,636601892,2.2697505668934244,2.455510204081633,185,14,6.571,True,6.04,7.15
macaulay_636601892_004,macaulay,636601892,2.501950113378685,2.6354648526077105,133,34,5.007,False,7.29,9.17
macaulay_636601892_005,macaulay,636601892,2.780589569160998,2.983764172335601,203,19,4.292,False,2.09,11.42
macaulay_636601892_006,macaulay,636601892,3.1056689342403634,3.3785034013605446,272,-1,6.593,True,5.37,8.14
macaulay_636601892_007,macaulay,636601892,3.4249433106575973,3.5178231292517013,92,47,5.337,False,1.02,4.32
macaulay_636601892_008,macaulay,636601892,3.541043083900228,3.959002267573697,417,38,4.867,False,5.49,5.05
macaulay_636601892_009,macaulay,636601892,4.098321995464853,4.330521541950113,232,31,4.563,False,4.68,7.71
macaulay_636601892_010,macaulay,636601892,4.46403628117914,4.556916099773243,92,34,5.326,False,6.95,8.77
macaulay_636601892_011,macaulay,636601892,4.702040816326531,4.864580498866214,162,-1,4.799,False,-0.31,7.53
